fecha,polen_cupresaceas,wind_speed_10m (km/h),wind_gusts_10m (km/h),relative_humidity_2m (%),dew_point_2m (°C),vapour_pressure_deficit (kPa),cloud_cover (%),soil_temperature_0_to_7cm (°C),soil_moisture_0_to_7cm (m³/m³),temp_mean,wind_dir_dominant,evapotranspiration,radiation_sum,max_temp,min_temp,total_rain,Benceno (ug/m3),CO (mg/m3),NO (ug/m3),NO2 (ug/m3),NOx (ug/m3),O3 (ug/m3),PM10 (ug/m3),PM2.5 (ug/m3),SO2 (ug/m3),Tolueno (ug/m3)
2013-12-31,,8.039227,15.839999,97.414,4.375,0.022225648,100.0,4.425,0.339,6.5687504,206.56496,0.31811157,1.39,8.5,4.65,1.5000001,,,,,,,,,,
2014-01-01,1.0,13.550361,28.335,94.221794,5.96875,0.060657162,98.0,5.9270835,0.34062502,8.95625,213.98822,0.19771056,0.75,10.6,8.05,6.7,0.5,0.2,16.0,35.0,60.0,27.0,9.0,7.0,6.0,0.8
2014-01-02,1.0,15.927554,33.765,97.24316,8.754167,0.031385083,100.0,7.8770833,0.37520835,9.910417,212.82083,0.25154933,0.91,10.65,8.85,6.3999996,0.5,0.2,35.0,45.0,98.0,26.0,9.0,7.0,6.0,1.6
2014-01-03,9.0,14.828487,31.38,96.510796,9.304167,0.042292964,99.833336,8.964583,0.38208333,7.3541675,232.62009,0.64220214,2.59,9.75,3.35,16.5,0.5,0.2,36.0,49.0,104.0,26.0,12.0,8.0,4.0,2.4
2014-01-04,14.0,21.15845,51.464996,82.53141,3.8708334,0.15622611,73.75,7.2312503,0.40833333,5.0104165,216.26274,0.8303976,5.88,8.8,1.8,0.0,0.4,0.1,14.0,32.0,53.0,46.0,8.0,5.0,4.0,0.9
2014-01-05,272.0,10.702973,23.699999,82.33935,2.5041668,0.15806143,83.708336,5.683333,0.388875,7.641667,199.48743,0.7358528,5.21,10.35,5.95,0.2,0.5,0.2,16.0,36.0,61.0,38.0,14.0,8.0,4.0,1.1
2014-01-06,6.0,10.00457,21.375,87.64239,5.61875,0.13833682,92.625,7.3541665,0.374125,7.991667,173.22447,0.62284815,3.99,11.15,5.9,0.0,0.5,0.2,18.0,43.0,69.0,28.0,16.0,9.0,4.0,1.0
2014-01-07,14.0,3.9455254,10.349999,85.87386,5.589583,0.16330019,86.625,7.5104165,0.36358333,6.639583,20.788313,1.0831861,8.11,13.2,2.05,0.0,0.8,0.3,38.0,56.0,115.0,16.0,20.0,12.0,6.0,2.6
2014-01-08,53.0,4.4469066,11.61,76.43902,2.2604167,0.28824872,89.625,6.070833,0.35391667,7.1187496,12.0648365,1.0773069,7.65,13.6,2.95,0.0,1.3,0.6,67.0,71.0,174.0,8.0,23.0,15.0,15.0,7.0
2014-01-09,25.0,4.273578,9.81,70.97364,1.8208333,0.34517455,96.208336,5.9895835,0.3455,6.9874997,15.478715,1.1116284,7.4,13.85,2.6,0.0,1.4,0.7,82.0,74.0,199.0,9.0,24.0,15.0,17.0,6.5
2014-01-10,134.0,4.7844844,10.0199995,71.61204,1.86875,0.34321713,91.125,6.0458336,0.3385,6.920833,36.869965,0.8492439,6.51,10.45,3.85,0.0,1.4,0.7,85.0,72.0,203.0,8.0,26.0,14.0,19.0,6.9
2014-01-11,108.0,3.474857,8.685,83.32119,4.297917,0.17566766,66.375,5.897917,0.33479166,5.497917,199.72243,0.65211403,5.02,9.6,1.75,0.0,1.2,0.5,59.0,63.0,153.0,8.0,30.0,20.0,8.0,5.0
2014-01-12,118.0,4.241466,11.625,93.66717,4.5583334,0.0668594,92.541664,5.558333,0.332,7.0416665,246.69826,1.2117397,8.08,9.5,4.25,0.8,1.5,0.6,81.0,63.0,187.0,4.0,35.0,25.0,7.0,5.6
2014-01-13,228.0,9.657394,22.14,76.98381,2.58125,0.2398277,70.583336,6.81875,0.33504167,6.391667,232.78127,0.5719955,3.35,10.55,3.3,2.4,0.9,0.3,39.0,56.0,116.0,19.0,14.0,9.0,6.0,3.4
2014-01-14,138.0,11.525338,25.049997,88.29419,4.8541665,0.12157664,78.791664,6.222917,0.34124997,6.235417,224.2794,0.5296605,3.8,9.2,3.35,1.7000002,,,,,,,,,,
2014-01-15,169.0,8.682439,19.83,93.72303,5.2937503,0.065163724,84.416664,6.2354164,0.34291664,7.3749995,218.43019,0.92447937,6.7,8.9,4.4,1.3000001,0.9,0.4,56.0,56.0,143.0,16.0,16.0,10.0,6.0,3.8
2014-01-16,105.0,13.809917,32.25,85.469444,4.69375,0.14965807,84.458336,7.429167,0.35283336,4.547917,188.79732,0.6571688,4.44,6.9,2.6,4.9999995,0.7,0.3,37.0,48.0,104.0,28.0,13.0,7.0,5.0,2.6
2014-01-17,37.0,13.122069,29.534998,86.2407,2.4895833,0.12289667,84.25,5.5166664,0.35404167,5.0562506,190.4914,0.5569548,4.74,6.9,2.9,14.500001,0.7,0.2,30.0,44.0,89.0,31.0,13.0,7.0,5.0,2.1
2014-01-18,23.0,8.154275,21.555,92.41906,3.7375,0.06725273,86.541664,5.964583,0.4104167,3.8270833,288.89523,0.7785202,5.27,6.9,2.3,3.9,0.6,0.2,24.0,44.0,80.0,31.0,9.0,7.0,5.0,1.5
2014-01-19,82.0,8.024234,19.965,81.42614,0.625,0.15663995,67.916664,4.7937503,0.39933333,3.8479168,270.08218,1.2788968,8.54,9.1,0.3,0.0,0.6,0.2,18.0,42.0,69.0,29.0,10.0,8.0,5.0,1.3
2014-01-20,21.0,10.53794,23.414999,69.9446,-1.46875,0.2725254,46.541668,3.7708333,0.379625,3.5999997,226.77525,0.86700255,6.7,8.3,0.1,3.3000002,0.8,0.4,41.0,63.0,125.0,26.0,16.0,9.0,7.0,3.7
2014-01-21,13.0,7.363283,19.305,84.94315,1.5270834,0.13500686,67.666664,3.625,0.37454167,6.858332,285.1501,1.0512528,7.37,10.4,4.45,4.6,0.9,0.4,50.0,66.0,144.0,21.0,17.0,11.0,6.0,3.7
2014-01-22,95.0,7.4719214,20.445,82.888466,3.6875,0.1861046,56.166668,6.3416667,0.39633334,4.379167,348.49597,1.2858773,9.53,9.6,0.15,0.0,0.9,0.4,42.0,65.0,130.0,19.0,13.0,9.0,8.0,4.0
2014-01-23,183.0,10.127791,21.57,72.13634,-0.5625,0.26985288,22.166666,4.3375,0.37487498,5.7812495,284.59537,1.2854114,9.06,12.2,1.7,0.0,1.0,0.5,56.0,70.0,155.0,28.0,19.0,11.0,12.0,4.3
2014-01-24,2390.0,7.5886574,16.515,76.91782,2.2166667,0.2557343,59.25,5.0750003,0.36241665,9.062499,304.58917,1.2469682,7.95,13.45,5.2,0.0,1.4,0.6,106.0,89.0,251.0,16.0,28.0,16.0,11.0,6.8
2014-01-25,2352.0,8.315,18.135,78.54208,5.36875,0.27771086,31.708334,7.1,0.35341668,8.047916,273.55695,1.3094715,9.43,13.85,4.35,0.0,0.6,0.3,30.0,50.0,95.0,25.0,14.0,8.0,8.0,2.7
2014-01-26,1392.0,7.6586494,16.994999,83.27662,5.2458334,0.21583994,66.958336,7.1458335,0.34583333,7.833334,274.82477,1.7277287,10.13,9.55,5.05,0.0,1.1,0.5,82.0,68.0,194.0,16.0,21.0,13.0,9.0,4.7
2014-01-27,1582.0,16.24662,35.024998,66.30944,1.2083334,0.3562934,53.458332,7.5916667,0.33650002,4.3625007,235.42938,0.7120873,4.0,6.4,1.9,1.8000001,0.6,0.3,27.0,45.0,87.0,38.0,13.0,6.0,6.0,2.5
2014-01-28,129.0,16.402845,37.695,82.98728,1.725,0.14286073,71.083336,4.93125,0.33925,5.0249996,251.07523,1.2735531,9.82,8.2,2.45,3.2,0.6,0.3,34.0,46.0,99.0,38.0,13.0,7.0,6.0,2.1
2014-01-29,44.0,12.157852,30.419998,75.975655,0.38958335,0.22669452,49.083332,5.6625,0.37383333,3.3395832,299.12396,1.360175,9.45,8.6,-1.05,0.0,0.8,0.3,38.0,56.0,114.0,35.0,16.0,9.0,6.0,3.6
2014-01-30,41.0,11.573966,25.935,68.52535,-2.09375,0.27965692,45.458332,3.45,0.35308334,5.9208336,239.77907,0.8289376,4.87,9.45,2.4,0.4,0.9,0.3,31.0,49.0,97.0,34.0,14.0,8.0,7.0,3.7
2014-01-31,24.0,8.93338,19.095,83.34912,3.3937502,0.17408031,86.916664,5.475,0.35320833,7.3520837,265.8475,1.5199907,9.47,10.4,3.45,0.2,0.8,0.3,40.0,57.0,118.0,28.0,17.0,10.0,6.0,2.7
2014-02-01,400.0,13.078446,30.614998,74.18691,2.1125,0.26801178,50.458332,6.9354167,0.34537497,2.6500003,246.07379,1.4710046,12.01,8.0,-1.45,0.0,0.5,0.2,19.0,38.0,68.0,41.0,10.0,6.0,5.0,1.3
2014-02-02,26.0,6.4581394,15.81,66.67973,-3.3041668,0.2707784,18.541666,3.575,0.33429167,1.7770835,215.98076,0.7712685,6.07,7.1,-1.8,0.8,0.6,0.2,18.0,41.0,69.0,38.0,13.0,7.0,6.0,1.1
2014-02-03,8.0,10.580367,26.085,79.537994,-1.5395833,0.15636206,59.458332,2.075,0.33795834,3.1479168,206.83395,0.5787988,3.94,6.45,-0.55,5.0,0.8,0.4,53.0,62.0,143.0,13.0,19.0,9.0,6.0,3.1
2014-02-04,10.0,17.020502,37.185,88.67451,1.9291667,0.09280915,92.958336,3.08125,0.35854164,7.8645835,226.94669,1.4215697,9.77,10.2,5.8,5.8999996,0.7,0.2,30.0,40.0,86.0,36.0,11.0,6.0,5.0,2.0
2014-02-05,18.0,17.743412,41.024998,78.95003,4.0645833,0.23474455,66.375,6.7062497,0.3888333,8.616668,201.77545,0.9766929,5.76,13.35,5.3,7.4000006,0.6,0.3,31.0,39.0,87.0,41.0,18.0,10.0,5.0,2.4
2014-02-06,43.0,19.391333,43.995,87.90975,6.6770835,0.15234907,79.583336,7.5416665,0.38479164,5.5770836,228.10846,1.1017094,8.46,8.1,2.75,0.0,0.5,0.2,21.0,33.0,65.0,36.0,13.0,7.0,5.0,1.6
2014-02-07,111.0,16.505426,36.51,81.92569,2.6625001,0.17505544,63.666668,6.5208335,0.384125,7.4750004,224.30826,0.77974015,4.9,10.25,5.25,2.6999998,0.7,0.3,32.0,38.0,87.0,36.0,15.0,8.0,5.0,2.1
2014-02-08,38.0,19.674032,44.355,86.41024,5.0333333,0.14216794,71.541664,7.0125003,0.390125,3.45,200.03848,0.50017637,3.96,7.45,0.3,12.599999,0.4,0.2,17.0,32.0,59.0,42.0,11.0,7.0,5.0,1.0
2014-02-09,4.0,11.011865,29.894999,91.46427,2.4958334,0.07049226,82.875,4.5750003,0.4025,5.1124997,276.54172,1.9938266,12.48,7.95,2.7,2.1,0.6,0.2,20.0,39.0,69.0,34.0,12.0,7.0,5.0,1.1
2014-02-10,56.0,20.938114,48.704998,60.5152,-3.0,0.34281787,45.166668,5.264583,0.40329167,1.7541666,217.37193,0.333001,2.07,3.75,-0.4,6.0,0.5,0.2,16.0,31.0,55.0,51.0,14.0,7.0,6.0,2.6
2014-02-11,4.0,9.646327,23.699999,89.957184,0.36041668,0.06511855,90.416664,2.6083333,0.40233335,4.464583,215.39488,0.6972923,5.77,7.9,1.65,0.5,0.6,0.3,32.0,45.0,94.0,29.0,12.0,8.0,5.0,2.0
2014-02-12,2.0,6.87816,18.135,92.75074,3.6812499,0.071116365,94.25,4.7458334,0.3971667,9.572918,225.41435,1.0855393,6.61,14.0,6.85,0.0,0.8,0.4,45.0,50.0,119.0,18.0,17.0,10.0,6.0,3.0
2014-02-13,16.0,12.880723,30.269999,88.250755,7.7645836,0.16568495,71.458336,8.066667,0.38833332,10.904166,209.43112,1.3012366,6.94,13.5,9.0,1.4000001,0.8,0.4,47.0,45.0,118.0,21.0,17.0,10.0,6.0,3.4
2014-02-14,115.0,20.588728,44.295,83.8747,8.147917,0.22477995,85.541664,9.443749,0.38420832,7.4666667,212.09758,0.70222855,4.12,9.5,5.85,7.100001,0.4,0.2,29.0,32.0,76.0,25.0,11.0,7.0,5.0,1.9
2014-02-15,6.0,9.58867,23.13,84.981964,4.735417,0.15132257,97.416664,7.7958336,0.39733335,4.8645835,267.495,1.7315091,14.02,9.4,0.05,0.2,0.5,0.2,18.0,37.0,64.0,38.0,9.0,7.0,5.0,1.1
2014-02-16,125.0,5.6638465,13.905,75.27325,0.15416665,0.24802059,44.083332,6.3541665,0.38541666,3.9562502,160.70982,1.4892181,12.62,9.6,-1.5,0.0,0.7,0.3,23.0,46.0,82.0,24.0,16.0,10.0,7.0,2.0
2014-02-17,41.0,3.9997017,12.12,76.60883,-0.06041667,0.22627974,64.25,4.866667,0.37095833,6.3645825,344.44223,2.0525103,13.92,12.5,2.55,0.0,1.0,0.5,47.0,57.0,129.0,15.0,20.0,11.0,12.0,4.4
2014-02-18,78.0,8.463165,19.214998,65.83321,-0.016666666,0.37748882,55.375,6.6583333,0.36204168,6.0375004,320.81668,1.9194002,14.43,13.2,-0.45,0.0,1.0,0.5,38.0,56.0,115.0,19.0,20.0,11.0,12.0,4.6
2014-02-19,76.0,5.1596537,13.049999,69.66713,0.62083334,0.34777114,9.875,5.8270836,0.352,7.0833335,227.5744,1.7208952,12.54,12.9,2.5,0.0,1.4,0.7,100.0,70.0,224.0,13.0,30.0,17.0,10.0,6.3
2014-02-20,54.0,9.087803,21.51,78.46865,3.6770833,0.24661015,62.25,6.5750003,0.34470832,7.2666664,296.8152,1.9411374,14.67,9.65,3.85,1.1,1.3,0.6,78.0,53.0,172.0,15.0,26.0,15.0,8.0,6.9
2014-02-21,261.0,8.737753,23.159998,65.083275,0.09166666,0.35984826,66.25,7.8958335,0.34983334,4.6666665,246.21793,1.6181033,12.19,10.45,-0.35,0.0,0.6,0.3,19.0,39.0,67.0,41.0,12.0,7.0,6.0,2.8
2014-02-22,19.0,6.847795,16.845,69.27266,-0.6895833,0.29372028,29.208334,5.18125,0.33904168,5.652083,93.813965,2.0738044,15.78,12.9,-0.85,0.0,0.7,0.3,20.0,41.0,72.0,35.0,18.0,9.0,5.0,1.9
2014-02-23,44.0,6.0965133,14.535,74.12568,0.90208334,0.30744755,17.208334,5.772917,0.331,6.108333,200.75029,1.5911012,12.14,9.85,2.55,2.0,0.7,0.3,21.0,40.0,72.0,35.0,17.0,10.0,7.0,1.8
2014-02-24,186.0,10.85815,24.435,75.879616,1.9895834,0.24491884,48.875,6.2333336,0.34033334,5.945833,234.23907,1.5416964,11.03,10.35,2.0,0.3,0.6,0.3,26.0,44.0,84.0,33.0,16.0,9.0,6.0,2.0
2014-02-25,92.0,12.53486,28.244997,78.8037,2.4125001,0.2270481,67.125,6.1541667,0.33650002,5.5166664,284.92358,1.9941996,15.14,9.6,0.9,0.1,0.7,0.3,28.0,38.0,82.0,33.0,20.0,9.0,6.0,2.4
2014-02-26,30.0,8.762553,21.794998,65.1572,-1.3937501,0.35860375,65.083336,5.975,0.33245835,6.154167,242.71587,1.002327,5.8,11.8,2.2,1.0,0.7,0.3,25.0,41.0,79.0,43.0,15.0,8.0,7.0,3.3
2014-02-27,33.0,6.896721,16.23,77.74429,2.41875,0.22454314,84.166664,5.6979165,0.330875,8.204165,270.0593,2.1417089,11.39,13.6,4.85,0.0,0.8,0.4,35.0,48.0,101.0,27.0,22.0,12.0,6.0,3.3
2014-02-28,195.0,16.164028,35.925,70.77566,2.7124999,0.37138912,85.958336,7.5125003,0.3265,7.229166,242.53078,0.72944736,4.06,11.25,4.6,8.799999,0.6,0.3,22.0,35.0,68.0,40.0,16.0,8.0,6.0,2.0
2014-03-01,636.0,12.343895,27.074999,86.30132,5.375,0.14115846,99.25,6.7625003,0.35441664,10.7854185,250.28821,1.3947675,7.37,14.95,8.65,1.3000001,0.5,0.2,17.0,30.0,55.0,40.0,12.0,8.0,5.0,1.1
2014-03-02,338.0,13.720279,30.644999,83.009384,7.777083,0.24207862,92.666664,9.462501,0.3681667,8.083333,276.98447,2.5161893,15.38,10.05,5.2,1.4000001,0.3,0.2,19.0,27.0,56.0,31.0,10.0,6.0,5.0,0.9
2014-03-03,591.0,20.48783,47.444996,60.34431,0.024999991,0.42867687,46.291668,8.485416,0.35820833,7.0062504,281.08438,2.2046263,11.75,10.85,2.95,0.0,0.5,0.2,19.0,33.0,63.0,48.0,13.0,7.0,6.0,2.2
2014-03-04,21.0,14.036488,32.085,62.42252,0.23958333,0.40332067,65.125,7.21875,0.33929166,9.5625,293.41205,2.2408347,14.34,14.85,5.35,0.0,0.6,0.3,23.0,35.0,71.0,45.0,15.0,8.0,6.0,2.9
2014-03-05,163.0,7.861969,19.964998,72.289604,4.202083,0.3799967,22.125,9.125,0.331125,9.247916,351.80756,2.7105587,18.37,18.15,2.0,0.0,0.5,0.3,32.0,42.0,91.0,33.0,16.0,9.0,9.0,2.6
2014-03-06,756.0,4.380221,12.255,69.89563,3.3541667,0.47920904,7.2916665,9.1875,0.32083333,9.4125,68.28229,2.5571337,18.23,15.45,3.55,0.0,0.9,0.5,48.0,58.0,131.0,22.0,23.0,12.0,10.0,4.8
2014-03-07,297.0,5.012658,12.825,67.9128,3.4125001,0.44719747,6.4166665,9.408334,0.31095833,9.737499,47.364098,2.997393,19.44,17.2,2.75,0.0,0.9,0.4,50.0,56.0,132.0,36.0,29.0,15.0,9.0,4.6
2014-03-08,244.0,6.484283,14.714999,61.594257,1.4895834,0.5792479,0.0,9.275001,0.30070832,8.88125,64.99156,3.0987644,19.68,15.95,1.7,0.0,0.9,0.4,32.0,57.0,106.0,38.0,25.0,13.0,11.0,5.3
2014-03-09,248.0,7.3817096,18.164999,50.296497,-1.4166666,0.64474016,0.0,8.3625,0.28908333,9.689583,44.99987,2.9897144,19.72,17.15,2.55,0.0,0.5,0.2,8.0,34.0,47.0,66.0,20.0,10.0,8.0,1.8
2014-03-10,262.0,5.4311633,14.849999,54.806133,0.1875,0.6363911,0.20833333,8.689584,0.27925,9.45625,38.839546,3.1469243,19.7,16.55,2.15,0.0,0.7,0.4,27.0,56.0,97.0,41.0,24.0,13.0,11.0,3.4
2014-03-11,341.0,8.323508,18.705,53.87611,-0.01666666,0.6478168,20.791666,9.064584,0.269375,9.116666,54.842815,2.9109683,18.42,15.1,3.15,0.0,0.8,0.4,24.0,52.0,89.0,53.0,31.0,15.0,9.0,3.1
2014-03-12,141.0,7.251528,18.765,56.73756,0.13958333,0.57167864,14.875,9.241667,0.2605833,8.579167,59.428276,2.5001533,18.1,12.85,3.15,0.0,0.7,0.3,24.0,44.0,80.0,63.0,33.0,17.0,8.0,2.7
2014-03-13,51.0,6.4979954,14.34,62.438416,1.26875,0.4575629,14.333333,8.914583,0.25354168,8.772917,24.040617,2.8389,19.35,15.85,2.2,0.0,0.8,0.4,22.0,46.0,80.0,44.0,33.0,17.0,8.0,2.7
2014-03-14,26.0,5.021835,13.86,64.50634,1.5916667,0.50203395,21.083334,9.358334,0.24716668,9.775,356.74387,3.356295,20.51,18.35,1.95,0.0,1.2,0.5,47.0,63.0,134.0,27.0,30.0,17.0,10.0,5.3
2014-03-15,120.0,7.2419324,16.98,58.80278,0.96458334,0.647989,5.375,10.01875,0.237375,11.256248,347.97968,3.257238,20.18,20.65,2.85,0.0,0.8,0.4,20.0,50.0,81.0,53.0,32.0,18.0,11.0,2.7
2014-03-16,217.0,5.1959653,13.98,58.790333,2.6229167,0.736675,0.5,11.037499,0.22641666,12.904167,281.30994,3.5482051,20.6,20.8,5.85,0.0,0.8,0.4,34.0,53.0,105.0,38.0,29.0,14.0,10.0,3.4
2014-03-17,,5.5105343,14.325,55.284054,3.2562501,0.8013744,2.2083333,12.181251,0.21625,13.527083,353.61136,3.387476,19.69,21.0,5.1,0.0,1.1,0.6,42.0,62.0,126.0,28.0,36.0,15.0,9.0,5.9
2014-03-18,,5.150784,14.355,55.610012,3.9145832,0.83382994,38.75,12.974999,0.20574999,13.520833,54.6968,3.5778527,19.45,19.2,7.85,0.0,1.0,0.5,55.0,71.0,156.0,29.0,39.0,18.0,9.0,5.9
2014-03-19,,8.221591,20.369999,55.08496,4.3208337,0.76269895,64.458336,13.585416,0.19416666,13.854168,306.6562,3.2265196,19.27,20.0,7.3,0.4,0.6,0.3,18.0,43.0,70.0,56.0,29.0,14.0,7.0,2.2
2014-03-20,,3.7128818,12.81,57.52254,4.6875,0.77267647,25.666666,13.695834,0.18683334,13.316667,236.54134,3.074992,16.1,17.95,8.95,0.3,0.8,0.3,25.0,58.0,97.0,40.0,32.0,16.0,8.0,5.0
2014-03-21,,9.2755,22.635,60.585117,5.266667,0.6560069,91.416664,13.327084,0.185125,11.556249,267.25882,2.805444,14.18,14.95,9.25,0.3,0.8,0.3,34.0,49.0,100.0,36.0,44.0,20.0,6.0,3.5
2014-03-22,,12.779823,29.97,59.801167,2.8916667,0.5647964,53.083332,12.252083,0.18558334,7.756249,310.8572,3.244748,20.99,12.6,2.85,0.0,0.4,0.2,12.0,28.0,46.0,52.0,13.0,7.0,5.0,1.3
2014-03-23,,9.273907,24.029999,46.70052,-3.7479165,0.60291386,11.541667,9.820833,0.17975001,7.6583333,256.75278,1.9221693,10.68,13.35,3.15,0.8,0.4,0.2,10.0,32.0,47.0,59.0,12.0,6.0,6.0,1.1
2014-03-24,29.0,10.048858,22.5,61.06367,0.42083335,0.42874196,68.791664,8.304167,0.17766666,7.3687515,281.19922,2.4393694,12.83,14.05,2.65,1.0,0.9,0.4,43.0,62.0,128.0,25.0,24.0,12.0,7.0,3.8
2014-03-25,89.0,18.105553,40.425,62.81682,0.12708335,0.41769996,56.666668,8.077084,0.18766667,6.897917,319.3494,3.2185438,18.48,11.9,3.2,0.1,0.6,0.3,17.0,35.0,60.0,59.0,20.0,8.0,7.0,2.8
2014-03-26,27.0,18.240564,42.885,53.684948,-2.2479167,0.5009966,44.291668,8.325,0.191,6.7062497,237.19301,2.5710862,17.54,11.95,1.25,0.0,0.6,0.3,16.0,36.0,60.0,54.0,10.0,6.0,8.0,2.1
2014-03-27,13.0,7.618349,19.019999,59.514996,-1.3458333,0.45994726,47.75,7.9874997,0.18504167,8.25,113.98303,2.8706913,16.74,15.95,1.65,0.3,0.8,0.4,35.0,57.0,111.0,32.0,18.0,9.0,8.0,3.2
2014-03-28,14.0,11.705682,27.974998,59.886,0.57708335,0.51656026,65.875,9.077084,0.18208332,8.952083,58.926037,2.2136915,13.72,15.0,4.65,5.5,0.7,0.3,20.0,45.0,76.0,46.0,22.0,11.0,9.0,2.8
2014-03-29,13.0,8.802309,28.83,68.433136,3.20625,0.39061233,90.583336,9.599999,0.22845833,8.854166,207.02052,2.1946974,14.12,12.55,6.25,1.4000001,0.5,0.3,16.0,47.0,70.0,46.0,23.0,14.0,9.0,1.7
2014-03-30,3.0,9.513561,21.315,71.460556,3.4354165,0.36574826,82.583336,9.766666,0.27129167,9.80625,178.29868,1.6794169,9.42,14.45,5.95,0.7,0.4,0.2,12.0,31.0,49.0,50.0,10.0,8.0,6.0,0.9
2014-03-31,5.0,7.323122,19.32,73.24895,5.0729165,0.36123022,93.041664,9.764584,0.26629165,11.581249,187.32336,3.188012,16.56,17.15,6.25,1.9,0.6,0.3,26.0,50.0,90.0,31.0,15.0,10.0,7.0,2.6
2014-04-01,2.0,14.420373,32.999996,65.32477,4.8250003,0.5619999,91.625,11.116666,0.26770833,9.529167,174.07304,1.2611666,7.29,11.7,6.95,12.7,0.5,0.2,18.0,38.0,66.0,44.0,20.0,9.0,6.0,1.9
2014-04-02,7.0,10.514402,26.67,82.15417,6.1354165,0.21399869,86.916664,9.604167,0.33891666,8.7875,275.61264,2.8153615,17.87,14.55,4.3,0.3,0.5,0.2,24.0,48.0,84.0,36.0,16.0,10.0,6.0,2.1
2014-04-03,7.0,10.285121,24.164999,69.54052,2.6354167,0.4204502,49.75,9.866667,0.33645833,9.347916,253.63258,3.3697262,21.91,15.9,3.35,0.0,0.6,0.3,24.0,45.0,82.0,42.0,13.0,7.0,6.0,2.3
2014-04-04,9.0,11.618543,25.935,68.29327,3.34375,0.44605735,56.875,10.587501,0.29983333,12.716666,243.6025,2.246777,12.75,18.1,8.65,2.5,0.6,0.3,23.0,40.0,76.0,50.0,16.0,9.0,6.0,2.3
2014-04-05,4.0,6.5567584,16.32,76.73998,8.495833,0.4107552,71.666664,12.622917,0.30054167,14.025001,235.30475,3.497632,20.22,20.8,7.0,0.0,0.6,0.3,25.0,40.0,79.0,30.0,15.0,9.0,6.0,2.0
2014-04-06,1.0,6.7408867,15.855,72.22097,8.79375,0.5695352,33.541668,13.7,0.28354165,16.470833,228.37755,4.333033,23.53,23.0,9.15,0.0,0.8,0.4,40.0,46.0,107.0,24.0,20.0,12.0,7.0,4.2
2014-04-07,10.0,7.235966,17.625,63.66074,8.966666,0.7867248,38.875,14.764584,0.25816667,16.83125,294.50735,4.2892184,24.15,23.4,8.2,0.0,0.8,0.4,51.0,58.0,136.0,22.0,23.0,13.0,7.0,5.0
2014-04-08,7.0,4.596068,12.945,55.942013,7.1229167,1.0145308,26.25,15.772916,0.23408334,16.816668,0.76381123,4.310956,23.1,24.55,8.45,0.5,0.7,0.4,36.0,56.0,111.0,29.0,24.0,11.0,7.0,4.1
2014-04-09,4.0,5.9261646,15.704999,57.915287,7.2479167,0.9724958,51.125,16.106249,0.21629167,17.583334,197.96912,4.5852613,23.01,26.15,8.75,0.7,0.9,0.4,38.0,63.0,122.0,31.0,31.0,15.0,7.0,5.5
2014-04-10,,6.9384456,19.005,54.244938,7.03125,1.1352847,33.0,16.641666,0.20929165,17.095835,272.44962,4.5256333,23.47,23.85,9.55,0.0,0.7,0.3,32.0,57.0,106.0,33.0,37.0,15.0,7.0,4.3
2014-04-11,,6.186596,17.82,56.150986,7.179167,0.99162465,18.875,16.864584,0.19916667,15.377084,23.098133,3.8842208,20.56,21.15,10.1,1.6,0.7,0.3,30.0,55.0,101.0,31.0,46.0,19.0,7.0,4.3
2014-04-12,,9.029086,22.5,62.691204,7.866667,0.7214239,28.5,16.279167,0.19241667,16.025,88.93915,4.3813396,24.99,22.85,8.35,0.0,0.4,0.2,10.0,31.0,46.0,55.0,25.0,14.0,6.0,1.6
2014-04-13,,4.7847686,14.07,59.467274,7.2937503,0.9257632,15.416667,16.920834,0.19058333,17.504168,107.99597,4.7157044,24.43,24.6,9.2,0.0,0.4,0.2,11.0,38.0,55.0,55.0,21.0,12.0,6.0,1.6
2014-04-14,,6.4461365,17.385,51.403797,6.09375,1.1529199,94.75,17.514584,0.17008334,17.995832,353.517,4.230718,22.63,23.95,10.6,0.3,0.6,0.3,17.0,50.0,76.0,50.0,26.0,12.0,6.0,2.7
2014-04-15,,4.168394,14.114999,50.003876,6.397917,1.1308464,53.75,18.410418,0.15220833,17.920835,275.25015,4.470764,24.26,24.9,10.05,0.0,0.4,0.2,17.0,46.0,72.0,54.0,25.0,12.0,6.0,3.0
2014-04-16,,4.398069,14.07,54.024612,7.2791667,1.1428826,22.375,18.768751,0.13883333,19.14375,353.15732,4.7471833,24.17,26.15,10.45,0.0,0.6,0.3,22.0,57.0,91.0,41.0,26.0,12.0,6.0,4.2
2014-04-17,,5.489109,15.599999,46.70885,6.2791667,1.3747932,12.708333,19.677084,0.125125,19.164583,326.0409,5.4577518,26.96,26.95,9.8,0.0,0.4,0.2,8.0,36.0,49.0,64.0,19.0,9.0,6.0,2.3
2014-04-18,,5.193921,16.935,34.894436,1.6666666,1.6480061,2.5416667,20.064583,0.11270833,17.889584,229.57144,4.606504,21.63,23.75,12.7,0.0,0.3,0.2,7.0,31.0,41.0,79.0,17.0,8.0,6.0,1.4
2014-04-19,,12.090135,29.699999,54.310528,7.772917,1.0004153,58.541668,19.0875,0.104624994,13.09375,230.82635,3.6061203,18.32,16.8,10.2,0.2,0.5,0.2,16.0,42.0,67.0,43.0,28.0,12.0,6.0,2.5
2014-04-20,2.0,13.96107,33.914997,60.369965,4.679167,0.6350952,71.125,16.479166,0.108166665,11.027084,211.63776,1.8479472,11.75,13.6,9.2,12.7,0.2,0.1,10.0,19.0,35.0,61.0,19.0,8.0,6.0,0.6
2014-04-21,2.0,5.039365,16.74,83.64942,8.216666,0.22468597,95.083336,14.243751,0.22558333,11.685416,244.90918,3.466358,19.45,17.25,5.25,0.0,0.3,0.2,17.0,38.0,64.0,36.0,10.0,7.0,6.0,2.3
2014-04-22,1.0,10.196601,23.505,64.378426,4.2395835,0.5894838,37.875,13.520833,0.28045833,12.383334,228.70999,3.0384626,16.42,17.15,6.8,0.0,0.6,0.4,27.0,39.0,80.0,38.0,15.0,9.0,6.0,2.7
2014-04-23,2.0,11.528705,24.39,66.356865,5.852083,0.5565304,44.666668,13.15625,0.24754167,11.610417,237.51622,3.1033378,18.73,16.35,7.65,4.5,0.5,0.4,29.0,36.0,81.0,38.0,16.0,10.0,7.0,2.7
2014-04-24,1.0,11.793903,30.269999,67.01267,4.766667,0.49899685,56.0,12.895833,0.24175,10.979167,287.44727,4.524801,26.79,17.45,4.8,0.0,,0.4,28.0,42.0,84.0,37.0,16.0,9.0,7.0,
2014-04-25,0.0,11.756118,27.794998,49.922886,0.24583332,0.74711347,36.5,13.239583,0.22683334,11.389583,238.49768,1.7079872,8.46,14.5,7.75,2.0,0.5,0.4,20.0,43.0,74.0,54.0,12.0,9.0,6.0,2.7
2014-04-26,3.0,12.747672,28.875,76.4809,7.414583,0.32529992,76.416664,12.347917,0.21241666,13.191666,294.38052,4.6414785,27.41,19.5,6.4,0.0,0.4,0.4,17.0,32.0,57.0,42.0,14.0,8.0,6.0,1.3
2014-04-27,1.0,9.457585,23.055,54.720257,2.65625,0.80885786,61.708332,14.416667,0.200375,15.564583,283.0274,4.8338537,26.2,22.8,8.55,0.0,0.3,0.3,9.0,28.0,41.0,64.0,13.0,8.0,6.0,1.1
2014-04-28,2.0,7.970506,20.46,55.786694,5.8125,0.9382077,20.041666,16.30625,0.17170833,15.987498,319.8353,5.1444163,27.44,23.25,7.85,0.0,0.5,0.4,20.0,36.0,66.0,43.0,14.0,8.0,6.0,3.1
2014-04-29,5.0,7.065312,18.929998,53.501022,5.1687503,1.0204309,52.708332,17.391666,0.14695834,16.145832,327.03653,4.6306624,23.32,23.15,8.85,0.0,0.6,0.4,27.0,40.0,82.0,47.0,16.0,10.0,7.0,4.1
2014-04-30,,7.532846,19.05,52.71269,5.5020833,1.0188843,58.375,17.916666,0.12741667,17.19375,337.4987,5.3038044,27.91,24.5,8.95,0.0,0.5,0.4,17.0,38.0,65.0,43.0,14.0,8.0,6.0,4.4
2014-05-01,,5.7363334,17.46,50.239735,5.464583,1.1616391,32.291668,19.504168,0.112125,15.543751,4.343117,5.374163,27.84,20.7,9.5,0.0,0.3,0.3,8.0,31.0,42.0,58.0,13.0,8.0,6.0,3.0
2014-05-02,,12.88055,29.4,46.60812,2.8104165,1.0257543,36.666668,18.241667,0.10104167,14.962502,26.182344,5.6073136,28.75,22.55,6.5,0.0,0.3,0.3,8.0,30.0,43.0,58.0,11.0,7.0,6.0,2.5
2014-05-03,,10.896209,25.409998,42.338074,0.97499996,1.154141,2.875,18.0875,0.09404167,16.620834,17.83513,5.273706,29.39,25.0,6.9,0.0,0.2,0.3,5.0,22.0,30.0,69.0,9.0,7.0,6.0,1.2
2014-05-04,6.0,3.8570063,14.16,35.564228,-1.6166667,1.4820989,28.541666,19.739584,0.08766667,18.93125,224.9999,6.004082,28.96,27.35,9.5,0.0,0.3,0.3,8.0,36.0,48.0,70.0,15.0,8.0,6.0,1.3
2014-05-05,5.0,6.59947,18.24,31.891478,0.21041666,1.727476,49.083332,21.175001,0.08245834,20.875002,227.16481,5.8881683,25.0,27.95,12.1,0.0,0.7,0.5,33.0,61.0,112.0,44.0,28.0,14.0,7.0,3.7
2014-05-06,5.0,8.611164,21.945,34.958263,3.95625,1.7708036,94.541664,21.897917,0.07875,20.452084,272.76376,4.223421,19.23,26.25,14.35,0.0,0.7,0.5,31.0,63.0,110.0,35.0,33.0,16.0,7.0,4.4
2014-05-07,14.0,4.056428,13.395,37.98591,4.38125,1.6415154,99.083336,22.047918,0.07679167,21.341667,4.610601,5.269365,24.57,27.75,14.0,0.0,0.9,0.6,42.0,67.0,131.0,30.0,40.0,17.0,8.0,7.4
2014-05-08,10.0,5.6707287,17.654999,39.95447,6.3770833,1.6707197,53.916668,23.741667,0.07491667,22.352083,27.19458,5.5264764,24.9,28.9,14.85,0.0,0.7,0.4,20.0,56.0,87.0,51.0,31.0,15.0,7.0,5.1
2014-05-09,,7.1560254,19.035,38.970646,6.441667,1.8547325,21.541666,24.63125,0.072791666,23.083334,289.03342,5.9283466,25.93,29.75,14.9,0.0,0.6,0.4,17.0,44.0,71.0,61.0,23.0,13.0,7.0,3.7
2014-05-10,,6.976669,19.17,38.52718,7.1270833,1.9472111,61.791668,25.522917,0.070625,22.424997,313.65216,6.1651,27.9,28.35,15.25,0.0,0.4,0.4,10.0,42.0,58.0,55.0,21.0,11.0,6.0,2.7
2014-05-11,11.0,7.3677726,20.865,36.58543,5.2875,1.8584968,65.625,25.439583,0.06925,21.497917,285.64227,6.6182933,29.35,28.95,13.5,0.0,0.4,0.4,11.0,36.0,53.0,47.0,15.0,8.0,6.0,2.0
2014-05-12,8.0,8.298425,23.82,33.16677,3.0354166,1.9099798,13.791667,24.75625,0.068166666,18.2875,30.487154,6.490903,29.79,24.1,11.6,0.0,0.5,0.4,16.0,37.0,62.0,54.0,21.0,11.0,7.0,2.7
2014-05-13,44.0,13.397407,31.484999,33.163418,-0.039583366,1.4938654,11.458333,22.752083,0.06775,17.16042,57.91692,6.583008,30.06,24.95,9.05,0.0,0.4,0.3,11.0,30.0,47.0,58.0,18.0,10.0,6.0,3.3
2014-05-14,13.0,11.385445,28.38,24.474058,-4.84375,1.6592494,15.166667,21.872917,0.067250006,19.4125,59.051876,6.4854407,27.62,26.4,11.85,0.0,0.4,0.4,12.0,36.0,54.0,67.0,17.0,8.0,6.0,3.5
2014-05-15,6.0,10.547826,26.22,25.381586,-1.4354167,1.8133315,73.875,22.860418,0.06675,20.008333,59.162254,7.0687256,29.87,26.35,12.9,0.0,0.3,0.3,4.0,26.0,33.0,79.0,18.0,10.0,6.0,2.2
2014-05-16,10.0,11.518617,28.724998,24.220896,-1.9333334,1.8607302,1.9166666,23.810417,0.066,18.552084,56.051445,6.7400374,30.1,24.7,11.15,0.0,0.4,0.4,9.0,35.0,48.0,78.0,17.0,10.0,6.0,2.6
2014-05-17,19.0,9.199515,24.15,24.089243,-2.8541667,1.7359122,4.0416665,23.420832,0.06554166,19.058332,182.51866,6.4314303,28.47,25.5,11.4,0.0,0.3,0.3,7.0,31.0,42.0,91.0,26.0,14.0,6.0,1.5
2014-05-18,23.0,9.334319,24.435,25.932152,-1.9333334,1.741978,43.25,23.254166,0.06520833,18.602083,220.09245,5.9959016,24.26,22.9,14.4,0.7,0.3,0.3,7.0,32.0,44.0,92.0,23.0,10.0,6.0,1.3
2014-05-19,4.0,17.242088,40.905,37.978558,3.2416668,1.3608378,71.833336,21.464584,0.066708334,14.410416,215.39355,4.2268066,17.33,17.85,10.8,0.0,0.5,0.4,17.0,41.0,68.0,73.0,39.0,18.0,7.0,2.5
2014-05-20,4.0,13.661507,32.475,42.667297,1.2479167,0.96579164,93.125,18.202084,0.069583334,12.577081,205.29976,4.1159925,23.22,17.3,8.55,9.200001,0.4,0.4,19.0,34.0,62.0,66.0,20.0,9.0,6.0,2.0
2014-05-21,3.0,19.366438,45.539997,60.581203,3.8708334,0.6248705,58.916668,15.997917,0.14291666,11.272916,221.19934,3.6495323,19.23,16.4,7.4,0.3,0.3,0.3,17.0,32.0,58.0,65.0,18.0,9.0,6.0,1.8
2014-05-22,2.0,18.071516,40.02,58.266357,3.1083333,0.6194926,58.25,14.322917,0.17604166,12.964584,242.03702,4.29821,24.28,17.85,8.65,0.4,0.5,0.4,25.0,35.0,73.0,52.0,14.0,8.0,6.0,2.3
2014-05-23,1.0,11.569383,28.769999,55.207367,3.1583335,0.7499253,43.791668,15.672916,0.15675001,14.8875,253.79091,5.1721582,27.59,21.05,8.6,0.0,0.5,0.4,21.0,38.0,70.0,58.0,14.0,10.0,7.0,2.5
2014-05-24,5.0,8.271181,20.22,42.196438,1.0145833,1.105821,52.541668,17.591667,0.13258334,15.441667,237.21259,5.0937433,27.18,20.2,10.45,0.0,0.3,0.3,8.0,30.0,43.0,74.0,9.0,9.0,7.0,1.9
2014-05-25,1.0,9.375311,24.945,43.482834,2.3729167,1.0584158,15.458333,18.147917,0.11108333,14.974999,318.71088,5.155956,29.07,20.55,8.0,0.0,0.4,0.3,10.0,32.0,47.0,69.0,16.0,10.0,6.0,1.6
2014-05-26,2.0,7.088103,20.31,42.9771,1.2104167,1.1073738,37.0,19.083334,0.096875004,16.85,312.7803,4.8735595,21.29,21.5,11.75,0.0,0.4,0.4,12.0,35.0,54.0,68.0,11.0,8.0,6.0,2.2
2014-05-27,3.0,9.419431,23.669998,38.593014,1.94375,1.2458025,85.416664,20.002083,0.08583333,15.3625,292.13907,4.1006584,20.77,19.95,10.8,3.0,0.4,0.4,16.0,39.0,63.0,62.0,18.0,10.0,6.0,2.7
2014-05-28,,9.38079,24.974998,57.380947,6.285417,0.8031499,55.583332,18.502083,0.09645834,16.081251,297.73138,3.84244,18.38,21.9,9.0,0.0,0.5,0.4,19.0,37.0,67.0,45.0,16.0,9.0,6.0,2.9
2014-05-29,,7.042221,18.06,54.330215,5.977083,0.9790809,50.458332,18.75,0.09408333,17.160416,7.302638,4.5222564,22.28,20.75,13.3,0.5,0.5,0.4,26.0,42.0,83.0,36.0,17.0,9.0,7.0,3.6
2014-05-30,,9.798024,22.724998,51.950672,6.352083,0.9877214,30.0,20.15,0.08933333,15.445832,31.721615,5.6676564,27.1,20.8,9.6,0.0,0.4,0.3,14.0,34.0,55.0,49.0,13.0,7.0,6.0,3.2
2014-05-31,2.0,13.58565,32.37,43.32881,2.1333334,1.0694371,20.791666,19.44375,0.08416667,16.956251,29.88275,5.209538,22.89,23.65,10.05,0.0,0.2,0.3,5.0,22.0,30.0,70.0,11.0,6.0,6.0,1.8
2014-06-01,3.0,11.848285,29.865,44.48875,3.5520833,1.2407013,32.708332,20.027082,0.07970833,18.522917,352.47626,6.1212254,31.08,25.75,9.7,0.0,0.2,0.3,4.0,20.0,26.0,76.0,9.0,6.0,6.0,0.9
2014-06-02,47.0,6.3714867,18.15,38.596806,1.8770833,1.5390149,12.75,22.731249,0.074666664,20.685413,245.84087,6.7035694,30.28,28.45,11.35,0.0,0.4,0.4,10.0,35.0,51.0,76.0,19.0,10.0,6.0,2.2
2014-06-03,12.0,8.507032,21.93,35.839596,3.7437499,1.8168429,28.375,24.285416,0.07041667,20.954166,257.6068,6.0631323,25.66,26.5,13.6,0.0,0.5,0.4,18.0,46.0,74.0,62.0,24.0,12.0,6.0,2.7
2014-06-04,6.0,10.040528,24.464998,38.673325,5.3416667,1.6336776,32.458332,24.36875,0.068166666,20.385416,221.19356,6.661292,28.97,27.0,13.2,0.0,0.5,0.4,22.0,39.0,72.0,55.0,26.0,11.0,6.0,3.0
2014-06-05,0.0,10.2002,25.605001,34.322155,2.35625,1.7453294,39.333332,23.864584,0.067125,22.285416,213.45586,6.382656,23.82,29.0,15.3,1.4000001,0.5,0.4,21.0,46.0,78.0,62.0,27.0,11.0,6.0,3.2
2014-06-06,5.0,13.119725,32.64,36.555763,6.35,1.8267503,68.833336,24.010416,0.07029167,20.481249,232.75871,6.3196063,28.11,26.25,14.65,0.0,0.6,0.5,29.0,55.0,100.0,40.0,62.0,23.0,7.0,4.6
2014-06-07,3.0,13.3209305,31.409998,43.14661,6.725,1.451263,23.458334,23.564583,0.07325,21.227085,234.37328,6.708267,30.77,28.0,13.7,0.0,0.3,0.3,16.0,28.0,52.0,41.0,24.0,8.0,6.0,1.4
2014-06-08,0.0,9.406207,23.085,39.0462,5.7000003,1.7177056,0.083333336,24.827082,0.068958335,21.622917,238.45981,6.998507,30.45,28.05,15.05,0.0,0.4,0.4,17.0,39.0,66.0,43.0,27.0,11.0,6.0,2.4
2014-06-09,,9.999545,24.659998,32.8279,3.7166665,1.8768677,43.75,25.204168,0.066125,21.877083,234.62373,6.296109,28.65,28.65,14.6,0.0,0.5,0.4,21.0,44.0,77.0,45.0,31.0,12.0,6.0,2.6
2014-06-10,,6.741369,18.24,35.948074,5.0750003,1.8864489,78.625,26.141668,0.06516667,23.216665,126.86998,5.720118,25.15,30.0,16.65,0.6,0.6,0.4,25.0,47.0,85.0,43.0,32.0,12.0,7.0,5.6
2014-06-11,3.0,6.7954717,19.35,43.85332,9.493751,1.7254033,58.5,26.735418,0.0735,24.581253,18.252018,6.152942,27.53,31.35,17.25,0.0,0.7,0.4,13.0,46.0,66.0,58.0,31.0,16.0,6.0,4.3
2014-06-12,3.0,5.9427238,18.449999,40.4162,8.922916,2.0719662,26.875,27.766668,0.081541665,25.758333,15.17999,5.8783064,26.9,32.35,18.45,0.0,0.5,0.4,15.0,47.0,70.0,61.0,26.0,15.0,6.0,3.2
2014-06-13,10.0,5.218678,17.865,37.68088,8.904166,2.3087842,19.666666,29.122917,0.07154167,25.885416,17.50978,8.317807,30.98,32.95,18.6,0.0,0.6,0.4,19.0,55.0,84.0,60.0,28.0,17.0,7.0,3.9
2014-06-14,29.0,12.519448,29.775,30.292381,5.016667,2.5098538,0.9166667,29.583334,0.06675,21.94375,29.171974,7.971686,31.24,29.05,14.6,0.0,0.2,0.3,4.0,28.0,34.0,87.0,15.0,10.0,6.0,1.8
2014-06-15,4.0,15.565735,36.135,32.585907,3.0645835,1.9609914,1.1666666,26.629166,0.06504167,20.031248,36.40193,7.10775,30.65,26.4,12.9,0.1,0.2,0.3,4.0,21.0,27.0,89.0,16.0,9.0,6.0,1.0
2014-06-16,1.0,12.692101,31.245,32.384186,1.7020832,1.7117883,10.416667,25.393751,0.06504167,21.197916,45.58097,6.508962,29.37,27.5,14.7,0.0,0.6,0.3,7.0,30.0,41.0,79.0,16.0,9.0,6.0,2.4
2014-06-17,4.0,7.982633,23.235,32.922016,3.1791668,1.8630615,7.625,26.65625,0.065124996,23.214584,37.5688,7.088687,31.44,30.05,15.2,0.0,0.3,0.3,8.0,37.0,49.0,90.0,23.0,11.0,6.0,2.7
2014-06-18,3.0,7.7892113,22.17,29.144903,2.95,2.2490027,25.208334,28.170832,0.063625,24.729166,129.05316,6.7995834,27.67,30.45,17.8,0.0,0.4,0.4,12.0,44.0,62.0,86.0,28.0,15.0,7.0,3.2
2014-06-19,0.0,9.341004,25.199999,35.563847,7.9166665,2.1172965,45.75,28.904167,0.06345833,24.068748,168.13327,5.873084,25.38,28.5,18.75,1.9,0.3,0.3,5.0,32.0,40.0,79.0,38.0,19.0,7.0,2.5
2014-06-20,0.0,8.350775,22.529999,46.60091,11.5125,1.6685034,29.833334,28.239584,0.068291664,22.754168,227.33846,7.071543,30.41,27.1,17.25,0.1,0.4,0.3,10.0,36.0,51.0,69.0,35.0,17.0,7.0,2.0
2014-06-21,2.0,11.195663,25.515,36.63022,5.8604164,1.831395,37.75,26.793749,0.07529167,22.202082,226.84755,6.3682265,27.9,28.2,15.95,0.0,0.3,0.3,11.0,31.0,48.0,59.0,22.0,10.0,6.0,1.5
2014-06-22,0.0,7.9682508,20.279999,36.579205,5.8645835,1.839037,61.041668,26.727083,0.068166666,22.543753,214.57585,6.348037,28.26,27.75,16.6,0.0,0.4,0.3,12.0,42.0,60.0,47.0,22.0,11.0,6.0,2.3
2014-06-23,2.0,7.583287,20.475,35.228672,5.68125,1.8751235,30.291666,27.089584,0.06570833,19.137503,244.84938,4.1885104,21.02,23.05,15.05,6.0,0.5,0.4,19.0,41.0,71.0,52.0,29.0,12.0,7.0,2.6
2014-06-24,0.0,4.4230285,19.034998,55.478672,9.452083,0.999928,84.166664,23.404167,0.10441667,20.025003,333.43503,4.304393,21.16,25.4,14.4,0.2,0.4,0.3,14.0,44.0,65.0,50.0,20.0,9.0,6.0,3.0
2014-06-25,2.0,4.98936,15.2699995,50.29611,8.233334,1.3213565,87.083336,23.0375,0.121874996,21.352083,268.35825,4.655626,21.88,25.4,15.8,0.5,0.7,0.3,14.0,49.0,70.0,63.0,17.0,10.0,7.0,3.9
2014-06-26,1.0,5.646801,16.695,46.12244,8.8125,1.4463215,53.75,23.81875,0.10299999,22.739584,226.80112,6.884014,30.34,29.2,14.5,0.0,0.5,0.4,19.0,57.0,86.0,55.0,21.0,15.0,7.0,3.8
2014-06-27,1.0,10.124206,25.515,39.712696,6.8895836,1.8913894,1.125,25.479166,0.087916665,22.612501,233.47601,7.679318,30.27,28.5,15.1,0.0,0.6,0.4,23.0,60.0,95.0,46.0,23.0,14.0,7.0,3.6
2014-06-28,4.0,15.581811,35.91,37.983356,6.6395836,1.8385679,27.5,25.652084,0.07620833,21.514582,317.60953,6.5901346,30.97,26.5,16.15,0.0,0.4,0.3,16.0,44.0,69.0,35.0,21.0,8.0,7.0,2.9
2014-06-29,2.0,8.12242,23.339998,33.583004,3.075,1.8144642,7.75,26.466667,0.071125,22.289581,231.46217,7.286463,31.12,29.4,14.3,0.0,0.2,0.3,5.0,28.0,36.0,68.0,11.0,6.0,7.0,1.1
2014-06-30,0.0,9.023351,24.479998,26.70508,0.7375,2.1841605,0.0,26.758333,0.067625,21.650002,235.99167,6.7343397,27.86,26.25,15.0,0.0,0.4,0.3,13.0,45.0,65.0,60.0,21.0,9.0,7.0,2.3
2014-07-01,,11.652829,30.24,35.643253,5.233333,1.7209845,34.583332,25.733332,0.06616667,20.614584,160.0461,5.4996834,25.36,25.4,15.1,0.0,0.5,0.4,23.0,52.0,88.0,51.0,26.0,12.0,7.0,2.9
2014-07-02,,8.103393,22.08,41.274113,6.0791664,1.5107378,32.833332,25.958334,0.06570833,17.022917,56.843132,3.4637241,18.0,22.15,13.7,9.7,0.3,0.3,14.0,39.0,61.0,61.0,24.0,11.0,7.0,2.4
2014-07-03,,9.237226,27.315,75.9739,12.316667,0.50534004,80.375,21.039583,0.16795833,20.347918,272.12106,5.3761644,26.79,27.9,13.85,0.0,0.4,0.3,26.0,53.0,93.0,46.0,20.0,12.0,7.0,3.3
2014-07-04,,6.039585,16.394999,57.620785,10.297916,1.2697314,28.791666,22.475,0.20316666,22.797915,231.96912,6.3403797,27.47,28.9,16.05,0.0,0.4,0.4,22.0,58.0,91.0,51.0,19.0,10.0,7.0,3.6
2014-07-05,,9.281288,22.095,44.52353,9.25,1.7152258,2.0,23.758333,0.15679167,20.314585,241.75034,5.119767,22.42,25.7,15.8,4.1,0.4,0.4,13.0,60.0,80.0,61.0,17.0,14.0,7.0,3.1
2014-07-06,,11.569642,25.964998,57.249233,10.997917,1.0637243,74.625,22.71875,0.13145833,20.258335,307.5227,5.724726,27.91,25.7,15.15,0.0,0.3,0.3,14.0,36.0,58.0,33.0,13.0,8.0,7.0,1.3
2014-07-07,,8.060586,20.34,51.68126,8.360416,1.307732,24.916666,23.433334,0.12783334,21.329168,343.79916,6.107003,30.39,27.9,13.45,0.0,0.4,0.3,21.0,48.0,79.0,45.0,16.0,8.0,7.0,2.9
2014-07-08,,5.487643,16.815,40.46204,6.6416664,1.6982235,11.75,24.985418,0.10108334,21.543749,35.007893,7.183918,30.58,27.6,14.8,0.0,0.5,0.3,18.0,53.0,80.0,58.0,16.0,11.0,7.0,3.3
2014-07-09,,13.922905,32.115,40.76136,6.0770836,1.6713842,0.125,25.6625,0.083958335,20.377083,34.146946,6.893304,31.18,27.75,12.6,0.0,0.4,0.3,12.0,38.0,56.0,56.0,13.0,9.0,7.0,2.3
2014-07-10,,9.92886,25.44,33.13032,1.775,1.81957,0.0,25.554167,0.07575,21.44375,23.860163,6.8946314,30.87,28.95,12.9,0.0,0.3,0.3,10.0,36.0,52.0,66.0,17.0,7.0,7.0,3.7
2014-07-11,,8.685149,21.914999,32.980366,3.4208333,1.9249829,0.083333336,26.410416,0.071125,23.114584,21.735783,6.7367506,30.46,30.65,14.95,0.0,0.3,0.3,10.0,37.0,52.0,69.0,17.0,9.0,7.0,2.0
2014-07-12,,6.4822354,19.545,33.742783,4.5604167,2.1295302,0.0,28.114584,0.067666665,25.195833,342.99982,6.9907494,29.44,32.55,16.9,0.0,0.2,0.3,6.0,30.0,38.0,67.0,11.0,8.0,7.0,1.5
2014-07-13,,7.473715,21.105,30.765882,5.31875,2.486581,26.0,29.470833,0.06558333,26.69583,321.58194,6.8522058,29.78,33.9,18.4,0.0,0.2,0.3,5.0,34.0,42.0,69.0,14.0,10.0,7.0,1.3
2014-07-14,,6.294948,18.494999,29.752005,6.5125003,2.7179995,0.0,30.737501,0.06441667,28.029165,80.0595,7.3386774,29.06,35.2,20.1,0.0,0.5,0.4,16.0,59.0,84.0,61.0,27.0,13.0,7.0,3.3
2014-07-15,,8.404173,22.74,30.381546,6.6666665,2.9659111,5.4166665,31.810417,0.0635,29.227087,167.90527,7.339104,30.15,36.5,19.55,0.0,0.5,0.4,17.0,57.0,83.0,68.0,32.0,15.0,7.0,3.2
2014-07-16,,6.6619134,17.865,25.794542,5.0666666,3.3612766,0.7916667,32.33125,0.062583335,29.591661,214.7147,8.203946,29.73,36.4,20.4,0.0,0.7,0.5,32.0,82.0,131.0,60.0,42.0,21.0,8.0,5.3
2014-07-17,,9.057048,24.015,24.292234,4.6687503,3.410363,0.25,32.243748,0.0625,28.666666,217.28816,8.180706,26.92,35.25,21.8,0.0,0.6,0.5,50.0,88.0,164.0,48.0,58.0,28.0,8.0,3.9
2014-07-18,,13.540676,32.01,24.10827,5.4979167,3.0608027,49.416668,31.183334,0.062333334,21.695837,220.38866,5.0702925,14.66,25.95,19.15,0.0,0.7,0.4,27.0,71.0,113.0,52.0,61.0,27.0,7.0,4.3
2014-07-19,,16.086027,37.454998,44.08786,8.102083,1.4220972,67.166664,25.064583,0.063,20.787502,290.70428,5.0974703,21.74,25.95,16.1,0.0,0.2,0.3,10.0,30.0,46.0,55.0,22.0,11.0,6.0,1.6
2014-07-20,,8.659371,22.71,44.059505,6.8624997,1.5070621,42.333332,25.0875,0.064,22.574997,12.035111,5.718218,29.67,29.9,13.85,0.0,0.2,0.3,6.0,27.0,37.0,54.0,10.0,9.0,5.0,1.0
2014-07-21,,4.3402405,15.134999,36.95799,5.9895835,1.9887094,1.3333334,27.470833,0.063083336,25.706247,20.432938,6.7639213,29.52,33.1,17.45,0.0,0.3,0.3,11.0,41.0,58.0,66.0,22.0,11.0,6.0,2.1
2014-07-22,,6.6045785,19.365,30.940683,5.9166665,2.5651274,0.0,30.13125,0.062208336,27.660418,251.29254,7.4020047,29.67,35.15,18.4,0.0,0.4,0.4,14.0,52.0,74.0,72.0,31.0,13.0,6.0,3.5
2014-07-23,,7.2756047,19.875,25.244692,4.452083,3.0699797,8.166667,31.49375,0.061625,27.939589,251.5649,7.1775455,27.98,34.35,19.7,0.0,0.5,0.4,18.0,60.0,87.0,67.0,35.0,14.0,7.0,4.1
2014-07-24,,7.9377384,21.3,26.829712,5.941667,2.948211,23.791666,31.914583,0.061541665,27.531248,220.0872,7.210458,28.99,33.85,20.65,0.0,0.5,0.4,13.0,61.0,82.0,74.0,33.0,16.0,7.0,3.9
2014-07-25,,7.345234,20.955,27.277367,5.50625,2.8651426,14.041667,31.7125,0.061458334,27.829163,169.31529,7.375432,28.99,34.65,20.3,0.0,0.6,0.4,21.0,70.0,102.0,62.0,37.0,17.0,7.0,3.7
2014-07-26,,8.104316,23.025,28.656088,5.6666665,2.9497068,1.5,32.266666,0.061375003,28.587502,53.252365,7.354888,28.47,35.15,21.2,0.0,0.4,0.3,7.0,48.0,59.0,87.0,32.0,18.0,7.0,2.2
2014-07-27,,7.980825,22.214998,26.344513,6.022917,3.1154945,19.875,32.9125,0.06125,28.395834,307.8158,7.1222954,26.06,34.5,20.6,0.0,0.3,0.3,6.0,37.0,47.0,94.0,34.0,19.0,8.0,1.6
2014-07-28,,9.244525,23.894999,27.927614,7.4249997,2.9165432,26.541666,32.212498,0.06108333,24.539583,39.96554,7.0850534,29.33,29.8,18.5,0.0,0.4,0.4,11.0,47.0,64.0,81.0,35.0,17.0,8.0,3.2
2014-07-29,,11.04769,28.529999,32.926327,5.1687503,2.1933181,0.0,30.033333,0.061291665,24.077085,44.404537,6.5730824,29.34,31.2,16.5,0.0,0.3,0.3,9.0,29.0,42.0,67.0,15.0,7.0,7.0,1.7
2014-07-30,,6.7249722,20.82,30.325684,4.40625,2.3158216,0.125,29.81875,0.061333332,26.679163,246.35664,7.217754,27.04,33.55,18.7,0.0,0.3,0.3,10.0,41.0,56.0,76.0,21.0,9.0,7.0,2.0
2014-07-31,,9.428077,24.269999,30.27786,6.9375,2.653391,9.375,30.779167,0.06116667,25.35,234.75539,7.126765,26.9,30.15,19.7,0.1,0.5,0.4,15.0,52.0,75.0,67.0,39.0,19.0,8.0,3.4
2014-08-01,,12.38647,30.104998,36.40488,8.545834,2.1177452,22.416666,29.300001,0.06179167,22.760416,259.07242,5.814231,24.27,26.7,18.3,0.0,0.4,0.4,15.0,41.0,64.0,72.0,43.0,19.0,7.0,3.3
2014-08-02,,9.621903,24.0,42.090267,8.6375,1.6536531,45.083332,27.81875,0.062916666,23.070831,220.56195,5.572194,24.1,28.6,17.05,0.0,,0.3,7.0,28.0,39.0,64.0,20.0,11.0,7.0,
2014-08-03,,7.5359783,20.265,41.94765,8.556251,1.7773889,24.208334,27.995834,0.06254167,24.558329,232.71681,6.524083,27.98,31.05,17.2,0.0,,0.3,7.0,25.0,36.0,53.0,14.0,7.0,7.0,
2014-08-04,0.0,7.324125,20.19,34.729343,6.7166667,2.2353983,2.125,28.902084,0.061999995,26.002085,323.3855,6.3620453,27.45,33.1,18.35,0.0,,0.4,13.0,43.0,62.0,54.0,31.0,12.0,7.0,
2014-08-05,1.0,6.180426,19.185,34.798706,8.162499,2.4399288,14.583333,30.595833,0.061583336,27.175001,311.30374,6.6727633,28.05,33.9,19.05,0.0,0.4,0.3,7.0,42.0,53.0,78.0,38.0,17.0,7.0,2.4
2014-08-06,1.0,6.2909017,18.675,29.021715,6.5499997,2.772423,7.0,31.56875,0.061416667,27.643751,258.52646,7.0034547,27.02,33.85,20.35,0.0,0.5,0.3,9.0,44.0,57.0,73.0,25.0,13.0,7.0,3.7
2014-08-07,0.0,8.047215,21.179998,29.505617,7.2666664,2.7950935,38.833332,31.81875,0.06116667,27.45833,238.61981,7.5359044,26.88,33.5,20.7,0.0,0.4,0.3,11.0,49.0,67.0,63.0,38.0,12.0,8.0,2.9
2014-08-08,3.0,10.62967,26.835,28.741556,6.370833,2.773875,19.541666,30.727083,0.061125,26.012499,231.34018,6.764035,24.35,31.9,18.45,0.0,0.4,0.3,18.0,53.0,80.0,47.0,29.0,10.0,7.0,4.0
2014-08-09,0.0,10.839428,26.534998,31.873598,7.2708335,2.4307477,40.666668,29.570833,0.06116667,25.920832,225.8302,7.4020305,27.65,32.7,18.25,0.0,0.3,0.3,10.0,45.0,60.0,44.0,20.0,9.0,7.0,3.2
2014-08-10,0.0,10.874611,27.449999,33.751476,7.027083,2.4429648,11.875,29.662498,0.061291665,26.339584,245.75407,6.3877683,27.23,32.85,18.85,0.0,0.3,0.3,6.0,33.0,42.0,66.0,21.0,9.0,7.0,1.6
2014-08-11,0.0,6.2402534,17.85,35.914867,9.068749,2.4081924,0.29166666,31.097916,0.06116667,26.918749,284.93146,6.959621,26.88,33.55,18.9,0.0,0.3,0.3,15.0,43.0,66.0,56.0,27.0,10.0,8.0,2.4
2014-08-12,1.0,8.897256,23.414999,32.887966,8.008333,2.582782,31.291666,31.127083,0.061,24.054169,324.7065,6.550064,27.37,28.25,19.55,0.0,0.6,0.4,9.0,41.0,55.0,59.0,28.0,9.0,8.0,4.7
2014-08-13,0.0,10.107862,24.824999,33.43977,4.1020837,2.0677114,47.166668,29.379166,0.061,22.42708,34.502308,6.072848,26.41,29.0,15.45,0.0,0.2,0.3,8.0,27.0,40.0,66.0,14.0,5.0,7.0,6.8
2014-08-14,0.0,8.484433,22.68,31.920197,3.5375001,2.0259407,50.375,27.972916,0.06116667,24.008333,14.081969,6.207643,27.54,30.7,16.5,0.0,0.2,0.3,5.0,27.0,34.0,76.0,19.0,8.0,7.0,2.4
2014-08-15,0.0,6.965164,19.56,23.84799,0.61041665,2.4676566,0.0,28.885416,0.061,23.002083,45.77627,6.6484847,26.41,29.5,16.3,0.0,0.2,0.3,4.0,28.0,34.0,82.0,22.0,9.0,7.0,1.8
2014-08-16,1.0,11.617378,28.71,32.399853,3.8604167,2.0752063,2.1666667,27.970833,0.061,24.48958,85.75326,6.4778543,26.67,31.8,16.8,0.0,0.2,0.3,4.0,23.0,28.0,78.0,20.0,10.0,7.0,1.3
2014-08-17,0.0,7.200027,19.769999,34.055733,6.5416665,2.2433736,4.6666665,29.185417,0.06108333,26.272919,193.73631,6.3895555,25.1,33.35,18.8,0.0,0.2,0.3,10.0,30.0,45.0,76.0,24.0,10.0,7.0,1.4
2014-08-18,0.0,8.250951,21.81,39.077244,10.022917,2.3025093,32.75,29.970833,0.061,26.068748,232.83537,6.74747,26.45,32.15,19.35,0.0,0.4,0.4,15.0,46.0,69.0,60.0,37.0,14.0,8.0,5.7
2014-08-19,1.0,8.838283,24.284998,30.340406,4.6770835,2.5343747,19.083334,29.658333,0.06116667,24.9375,260.7928,6.1758513,25.05,30.85,18.55,0.0,0.4,0.4,11.0,51.0,67.0,62.0,23.0,11.0,7.0,6.0
2014-08-20,0.0,6.6931844,19.755,27.450073,4.295833,2.4025326,25.333334,28.845833,0.061,23.804169,215.628,6.2436485,24.45,29.7,16.6,0.0,0.4,0.4,9.0,44.0,57.0,74.0,30.0,15.0,7.0,4.4
2014-08-21,0.0,9.561975,24.794998,33.46034,5.6770835,2.1170819,52.625,28.199999,0.061,23.233332,252.2879,4.9317427,20.46,28.05,18.2,1.6,0.4,0.4,13.0,44.0,63.0,55.0,24.0,11.0,7.0,3.0
2014-08-22,0.0,6.804231,19.53,37.689434,7.5145836,1.820015,29.0,26.9,0.066416666,22.966665,331.18933,5.6026525,25.85,29.65,15.75,0.0,0.4,0.3,11.0,39.0,56.0,61.0,25.0,12.0,7.0,3.2
2014-08-23,1.0,6.5374694,18.33,40.476433,7.2687497,1.8993069,16.458334,27.116667,0.07270833,24.291666,236.09364,6.1217217,25.82,31.25,15.95,0.0,0.3,0.3,9.0,38.0,52.0,67.0,18.0,9.0,7.0,2.6
2014-08-24,0.0,7.468935,19.815,30.537241,4.15625,2.3401134,1.2083334,27.941666,0.06604167,25.9,233.2931,6.76011,25.78,33.4,18.1,0.0,0.3,0.3,8.0,40.0,52.0,66.0,27.0,11.0,7.0,2.3
2014-08-25,0.0,8.256894,20.88,23.607592,1.8708334,2.812831,0.0,28.9125,0.06358334,26.481253,290.6026,6.7286716,24.65,34.0,18.0,0.0,0.6,0.5,22.0,72.0,106.0,46.0,40.0,14.0,9.0,5.2
2014-08-26,0.0,9.325402,22.005,33.709423,8.51875,2.4971633,3.6666667,29.875,0.06270833,26.785416,283.3925,5.779602,24.16,33.8,18.9,0.0,0.3,0.3,15.0,43.0,66.0,43.0,31.0,12.0,8.0,3.6
2014-08-27,0.0,5.913285,16.394999,38.586014,9.4875,2.4402544,8.875,30.727083,0.0625,26.941666,243.36743,6.815624,25.2,34.0,18.4,0.0,0.4,0.4,19.0,47.0,77.0,40.0,41.0,15.0,8.0,3.7
2014-08-28,0.0,8.987804,22.92,25.51452,3.375,2.8767967,14.0,30.050001,0.061999995,26.527082,252.66664,5.445991,22.87,32.0,19.75,0.0,0.6,0.5,36.0,65.0,120.0,32.0,40.0,15.0,9.0,6.1
2014-08-29,0.0,5.1193047,16.89,31.68342,7.741667,2.502164,34.208332,30.737501,0.061999995,25.977083,47.602665,4.6656523,18.39,31.0,20.2,0.0,0.5,0.4,19.0,56.0,84.0,45.0,36.0,12.0,8.0,4.5
2014-08-30,0.0,7.2555795,20.73,43.49628,11.608334,2.050343,72.875,29.668749,0.061999995,26.564585,46.2263,5.1036997,22.05,32.65,20.15,0.1,0.3,0.3,7.0,38.0,48.0,57.0,31.0,14.0,7.0,3.0
2014-08-31,0.0,5.829883,17.955,44.581585,12.364583,2.1102293,18.083334,30.731249,0.061833333,27.860418,9.743638,5.6993127,23.54,34.35,20.75,0.0,0.3,0.3,8.0,40.0,51.0,61.0,29.0,14.0,7.0,1.8
2014-09-01,0.0,6.4253025,17.609999,36.889202,10.25,2.626642,7.25,31.639582,0.061583336,28.470835,267.70944,6.6058416,23.41,35.95,19.85,0.0,0.4,0.4,17.0,59.0,86.0,54.0,27.0,15.0,8.0,3.1
2014-09-02,2.0,7.907158,20.925,25.872438,5.6895833,3.132612,15.208333,31.4,0.061416667,27.43958,235.6058,6.3295364,22.72,33.05,21.8,0.0,0.5,0.4,17.0,56.0,82.0,55.0,38.0,14.0,8.0,4.1
2014-09-03,0.0,9.769783,23.699999,32.42445,8.766666,2.5618293,10.041667,30.65625,0.061125,25.33333,229.08568,6.0352807,23.48,31.35,18.75,0.0,0.5,0.4,23.0,63.0,98.0,51.0,45.0,17.0,9.0,7.8
2014-09-04,1.0,8.691149,22.11,38.3761,9.1125,2.1396706,18.375,29.291666,0.061208334,25.300001,232.30052,5.77734,23.08,31.5,19.1,0.0,0.5,0.4,19.0,50.0,79.0,41.0,30.0,12.0,8.0,4.9
2014-09-05,0.0,7.6141486,19.92,35.12823,7.8895836,2.253452,3.2916667,29.189583,0.061208334,24.443747,228.92354,5.828203,21.36,29.9,18.45,0.0,0.6,0.4,29.0,67.0,112.0,39.0,37.0,14.0,8.0,5.2
2014-09-06,0.0,9.894027,23.339998,36.653526,7.9354167,2.0353625,83.791664,27.860418,0.061041668,22.47917,225.66353,4.208638,16.94,26.95,18.95,0.2,0.4,0.4,17.0,51.0,76.0,36.0,32.0,12.0,8.0,3.2
2014-09-07,0.0,8.515141,21.96,50.073563,11.210416,1.3953905,88.958336,25.93125,0.063,22.31042,223.72704,4.216747,19.22,27.45,16.95,0.0,0.4,0.3,19.0,50.0,78.0,37.0,30.0,11.0,8.0,2.3
2014-09-08,0.0,5.711347,15.345,50.75291,10.820834,1.4694091,20.166666,26.239584,0.06408333,23.285416,324.32346,4.5465055,20.03,29.4,16.15,0.0,0.4,0.4,17.0,52.0,77.0,48.0,20.0,10.0,6.0,3.3
2014-09-09,0.0,5.5559773,15.419999,41.23143,8.46875,1.8515587,33.083332,26.804167,0.06254167,23.924997,216.48611,5.4349,22.57,30.1,16.5,0.0,0.6,0.4,25.0,62.0,100.0,51.0,23.0,14.0,4.0,4.1
2014-09-10,0.0,7.565739,19.545,36.39551,6.6395836,2.054214,23.541666,27.172918,0.061999995,22.587502,229.84644,5.0337963,19.36,27.6,17.1,0.0,0.6,0.4,22.0,65.0,99.0,48.0,34.0,14.0,4.0,4.4
2014-09-11,0.0,9.068048,22.86,41.439644,8.270833,1.6829305,19.833334,26.085417,0.061999995,22.747915,236.13275,4.7989254,19.95,29.0,15.95,0.0,0.4,0.4,21.0,49.0,81.0,50.0,28.0,9.0,3.0,3.2
2014-09-12,0.0,6.851362,18.33,43.519238,8.912499,1.7250732,19.458334,26.635416,0.061666667,23.047918,234.17027,4.372315,18.46,28.2,17.8,0.0,0.5,0.4,27.0,57.0,98.0,40.0,30.0,11.0,4.0,3.4
2014-09-13,1.0,5.9598255,17.535,42.652203,8.758333,1.7273774,35.291668,26.020834,0.06170833,22.38542,234.67412,5.275381,21.16,27.85,16.8,0.0,0.4,0.4,19.0,55.0,84.0,38.0,28.0,11.0,3.0,3.0
2014-09-14,0.0,9.573523,22.995,38.065765,6.441667,1.7846471,17.125,25.143751,0.061999995,20.810415,227.08118,4.282763,17.96,25.45,16.35,0.0,0.4,0.4,16.0,53.0,78.0,38.0,31.0,10.0,3.0,2.2
2014-09-15,0.0,8.322127,20.279999,46.31813,8.20625,1.3873638,64.958336,24.327082,0.061999995,20.88125,192.41428,5.1318007,18.21,27.2,15.3,0.1,0.6,0.4,26.0,55.0,95.0,37.0,26.0,9.0,4.0,3.2
2014-09-16,0.0,12.870919,29.159998,44.515163,7.2083335,1.5047699,56.458332,23.63125,0.06375,18.795835,209.1024,3.215836,14.21,22.85,16.35,0.4,,0.5,28.0,56.0,98.0,40.0,33.0,10.0,5.0,
2014-09-17,0.0,13.902663,32.565,70.445274,12.877083,0.6716013,64.708336,21.831251,0.079791665,18.0875,209.37471,3.2155445,14.69,22.25,15.15,0.4,0.6,0.4,21.0,47.0,79.0,38.0,20.0,11.0,4.0,3.6
2014-09-18,0.0,10.709885,27.21,67.83421,11.35625,0.74140453,53.958332,21.231249,0.09179167,17.620832,187.98479,3.0884428,14.8,22.6,13.4,0.3,0.6,0.4,24.0,53.0,90.0,30.0,17.0,10.0,3.0,4.5
2014-09-19,0.0,8.121074,21.81,69.26703,11.227084,0.7254968,58.041668,20.197916,0.10054167,18.933334,220.94313,3.4392798,17.6,24.25,13.45,0.0,0.6,0.4,22.0,53.0,87.0,25.0,14.0,10.0,3.0,4.1
2014-09-20,0.0,5.521853,16.845,62.45006,11.068749,0.92710346,47.583332,21.4125,0.09204167,19.895834,50.194435,3.375958,15.3,25.75,15.35,0.6,0.7,0.4,27.0,61.0,102.0,28.0,21.0,11.0,4.0,5.8
2014-09-21,0.0,6.3322034,16.455,56.78893,10.439584,1.107587,85.666664,22.21875,0.087749995,17.854166,223.391,3.1916046,16.66,22.55,14.25,3.4999998,0.4,0.3,10.0,38.0,53.0,53.0,20.0,10.0,4.0,2.4
2014-09-22,1.0,6.059359,18.449999,68.855705,11.264584,0.7094936,51.958332,20.747917,0.16516666,16.929167,218.81778,3.3185399,17.35,21.95,12.25,0.0,0.5,0.4,21.0,52.0,84.0,38.0,13.0,8.0,4.0,3.2
2014-09-23,0.0,6.9694405,17.385,65.54798,9.883333,0.74598867,32.458332,19.547916,0.147875,16.885416,181.62115,2.822478,15.3,21.3,12.65,1.6,0.6,0.4,28.0,48.0,91.0,41.0,17.0,9.0,3.0,4.3
2014-09-24,0.0,4.852075,14.505,68.10685,10.58125,0.6714554,39.875,19.572916,0.13383333,16.324999,42.469177,3.9781327,20.64,22.35,10.25,0.0,0.6,0.4,23.0,62.0,98.0,32.0,16.0,10.0,3.0,5.2
2014-09-25,0.0,8.414359,20.82,45.323116,3.0708332,1.1304997,0.125,18.6,0.12366667,17.172915,44.08707,3.870743,19.5,23.8,10.65,0.0,0.7,0.5,31.0,56.0,103.0,46.0,31.0,24.0,4.0,5.2
2014-09-26,0.0,6.648971,17.925,51.31513,6.3770833,1.0844079,12.5,19.4625,0.105333336,17.558332,103.70698,2.3218234,10.99,22.25,13.75,3.4,0.7,0.4,29.0,62.0,108.0,45.0,32.0,20.0,4.0,4.9
2014-09-27,0.0,7.340019,19.619999,72.79772,12.347917,0.5963022,72.416664,19.35,0.1115,16.527086,96.66653,1.3705533,7.52,18.7,14.8,5.2000003,0.5,0.3,14.0,46.0,68.0,50.0,26.0,17.0,3.0,3.2
2014-09-28,0.0,3.842702,11.715,81.57369,13.20625,0.35593417,79.583336,18.389584,0.20854168,17.027082,261.15823,2.821206,15.62,22.4,11.65,0.0,0.4,0.3,12.0,46.0,64.0,46.0,22.0,17.0,3.0,1.8
2014-09-29,0.0,4.819599,12.6449995,71.76347,11.208333,0.65802443,55.416668,18.777082,0.234625,17.727083,33.000732,3.132768,17.4,24.0,11.05,0.0,1.1,0.6,58.0,76.0,165.0,25.0,26.0,17.0,4.0,7.8
2014-09-30,0.0,4.7844143,13.11,60.292522,9.064584,0.95264333,40.166668,18.895834,0.20591666,18.791666,69.65113,3.1459258,15.21,24.45,13.4,0.0,1.3,0.7,69.0,85.0,191.0,32.0,31.0,16.0,5.0,10.1
2014-10-01,0.0,7.8832684,18.554998,66.3181,11.76875,0.8439303,36.833332,19.375,0.179375,18.866667,80.699684,2.4487019,12.92,23.2,15.0,0.0,0.6,0.4,20.0,48.0,79.0,43.0,25.0,13.0,3.0,4.6
2014-10-02,0.0,5.716442,14.22,70.848366,12.960416,0.7157994,55.5,19.74375,0.16266666,18.49375,185.90602,2.836301,14.81,23.9,13.3,0.2,0.7,0.4,22.0,53.0,87.0,39.0,30.0,14.0,4.0,7.1
2014-10-03,0.0,4.9761014,13.889999,69.99587,12.441667,0.7390267,33.166668,19.766666,0.149625,19.445833,265.3499,3.344194,16.34,25.45,13.2,0.0,0.9,0.5,34.0,67.0,119.0,35.0,32.0,14.0,4.0,6.6
2014-10-04,1.0,5.1954265,13.724999,57.05502,9.729167,1.0954267,52.541668,20.260416,0.13283333,17.895838,318.71542,3.3984742,16.42,23.7,13.15,0.0,0.7,0.4,23.0,69.0,104.0,33.0,30.0,14.0,4.0,5.5
2014-10-05,2.0,8.410098,21.119999,58.20102,8.914583,0.95231074,30.041666,19.489584,0.11508334,17.139585,230.37674,3.4348123,17.16,22.9,12.5,0.0,0.5,0.4,18.0,52.0,80.0,50.0,28.0,14.0,3.0,3.1
2014-10-06,0.0,7.868433,21.0,61.327057,8.985417,0.85585403,42.916668,18.827084,0.10154167,16.60625,220.39726,3.1340644,15.5,21.75,11.75,0.0,0.8,0.5,104.0,62.0,221.0,32.0,29.0,12.0,4.0,4.7
2014-10-07,2.0,11.291509,25.635,66.04612,9.650001,0.7138293,41.083332,18.570833,0.09241667,17.0,215.20813,2.5446997,10.98,22.35,12.4,0.0,0.6,0.4,29.0,48.0,92.0,33.0,22.0,9.0,3.0,3.9
2014-10-08,0.0,13.633061,30.539999,73.87644,12.1125,0.5773997,52.375,18.379168,0.08879167,16.802084,213.34218,1.3644483,6.67,19.75,15.3,5.1,0.7,0.4,28.0,51.0,94.0,24.0,24.0,11.0,3.0,4.6
2014-10-09,0.0,12.603496,32.7,87.3801,14.48125,0.2551245,89.0,18.397917,0.11404166,15.793751,202.9803,1.5047842,7.89,19.2,14.2,19.1,0.6,0.4,31.0,47.0,95.0,19.0,14.0,9.0,3.0,4.1
2014-10-10,0.0,6.304775,18.69,85.57037,13.139584,0.28483835,84.541664,17.189583,0.28675,15.870834,172.0706,1.6872761,9.33,20.25,13.5,15.299999,0.6,0.4,32.0,64.0,114.0,20.0,11.0,8.0,3.0,4.3
2014-10-11,0.0,6.1597056,23.76,85.97919,13.425,0.285375,93.958336,17.418749,0.33333334,14.091666,200.75414,1.9726756,11.7,16.55,11.55,13.8,0.4,0.3,18.0,46.0,74.0,26.0,11.0,8.0,3.0,2.3
2014-10-12,0.0,16.1452,41.46,80.02864,10.275001,0.3304176,75.625,16.18125,0.36866665,12.643749,213.98683,1.5492826,9.5,15.55,10.65,2.3000002,0.3,0.3,10.0,27.0,42.0,54.0,7.0,6.0,3.0,1.2
2014-10-13,0.0,11.80788,29.19,84.2248,9.829166,0.24381703,90.833336,14.995833,0.34841666,11.908334,251.56502,1.200862,5.93,14.85,10.1,24.0,0.5,0.4,26.0,44.0,83.0,42.0,13.0,8.0,3.0,2.6
2014-10-14,0.0,6.3869476,16.529999,78.64521,7.9979167,0.31668314,81.833336,13.802083,0.3997917,12.077083,216.1709,1.1021551,5.54,15.9,7.75,0.1,0.7,0.4,31.0,64.0,111.0,32.0,15.0,10.0,4.0,4.8
2014-10-15,0.0,11.561776,24.63,85.20631,10.120833,0.2262461,97.125,13.066667,0.36779165,16.570833,212.94836,2.0952878,10.79,20.05,14.55,0.0,0.8,0.5,39.0,61.0,120.0,20.0,46.0,12.0,4.0,5.7
2014-10-16,0.0,15.36855,34.484997,80.50654,12.797916,0.40025362,77.625,16.262499,0.352,16.335417,195.10709,2.4589312,14.17,21.65,11.95,0.0,0.9,0.5,42.0,56.0,120.0,19.0,33.0,11.0,4.0,
2014-10-17,2.0,7.002922,16.455,75.43415,11.597917,0.532816,28.166666,16.183332,0.33304167,16.570835,37.775745,2.733147,15.53,24.55,9.8,0.0,1.2,0.6,69.0,75.0,181.0,18.0,34.0,16.0,5.0,
2014-10-18,0.0,5.1574373,13.169999,73.607,11.364583,0.6366072,7.0833335,16.4125,0.316375,18.006248,31.713938,2.8281512,14.24,25.7,12.35,0.0,0.9,0.5,39.0,71.0,130.0,22.0,34.0,15.0,4.0,9.8
2014-10-19,2.0,7.657854,16.199999,66.74351,11.3,0.82689095,75.583336,17.170834,0.3015,18.218748,26.814493,2.5780864,14.46,24.95,11.85,0.0,0.7,0.4,17.0,58.0,83.0,30.0,39.0,16.0,4.0,4.7
2014-10-20,2.0,5.234287,11.759999,62.55978,9.947917,0.9273834,44.0,17.095833,0.28820834,17.468748,300.20316,2.8426135,14.95,26.75,10.1,0.0,2.2,1.3,156.0,113.0,352.0,20.0,68.0,28.0,9.0,17.9
2014-10-21,8.0,5.4363384,12.315,67.30963,10.572917,0.8537455,4.1666665,17.1625,0.27658334,16.102083,353.8747,2.8281648,15.18,22.55,11.05,0.0,1.4,1.1,122.0,110.0,296.0,12.0,77.0,30.0,8.0,13.7
2014-10-22,21.0,6.8321743,16.14,63.346954,7.96875,0.7692879,11.5,16.289583,0.26375,14.743752,344.75885,2.4661777,13.14,23.55,7.75,0.0,0.9,0.5,36.0,65.0,119.0,26.0,35.0,13.0,5.0,8.5
2014-10-23,13.0,5.4702454,14.099999,59.38408,6.285417,0.8179901,77.291664,14.960416,0.25233334,16.508333,358.86682,2.9120157,14.26,25.4,9.6,0.0,1.5,0.7,69.0,89.0,195.0,18.0,34.0,16.0,7.0,12.4
2014-10-24,7.0,7.5418835,16.065,60.484295,8.10625,0.9294627,53.75,16.035418,0.24241666,17.314583,26.221947,2.8697598,13.91,24.5,11.35,0.0,1.3,0.6,78.0,83.0,203.0,14.0,49.0,20.0,7.0,12.6
2014-10-25,2.0,7.0562215,16.65,55.71593,7.522917,0.99688846,45.708332,16.395834,0.22995834,16.418749,29.38894,2.7792287,14.22,23.85,9.95,0.0,0.9,0.5,52.0,69.0,149.0,24.0,36.0,16.0,6.0,6.0
2014-10-26,12.0,7.1026416,15.285,57.540646,7.2208333,0.9331873,0.9166667,16.012499,0.219625,16.089582,13.956539,2.5441394,14.01,22.5,10.0,0.0,0.9,0.5,43.0,58.0,124.0,26.0,34.0,15.0,6.0,5.5
2014-10-27,6.0,5.1051183,12.044999,59.121807,7.7020836,0.83772427,3.5833333,15.777083,0.2105,15.089583,41.252228,2.1531234,13.43,20.95,10.0,0.0,1.3,0.7,85.0,82.0,212.0,20.0,57.0,19.0,7.0,9.5
2014-10-28,14.0,4.5530667,11.549999,73.10372,9.833333,0.52295667,27.666666,15.447917,0.20375,15.65625,16.2477,2.0418851,12.38,21.8,10.65,0.0,,0.8,98.0,98.0,248.0,16.0,58.0,28.0,8.0,
2014-10-29,,3.981654,11.13,71.6922,10.158334,0.5920351,63.958332,15.931251,0.19879167,15.889585,15.720968,2.3461983,13.5,23.5,9.6,0.0,,0.8,114.0,104.0,279.0,18.0,61.0,24.0,8.0,
2014-10-30,5.0,4.938177,12.105,65.58222,8.810416,0.7545697,0.7916667,15.645833,0.192625,15.308334,29.744766,2.2307968,13.26,21.9,9.7,0.0,2.1,1.0,144.0,114.0,335.0,15.0,55.0,24.0,10.0,17.1
2014-10-31,11.0,5.235766,12.614999,66.67419,8.679167,0.65941316,5.375,15.283333,0.18520834,14.981251,13.722291,2.1667755,13.08,21.15,9.4,0.0,1.3,0.6,74.0,83.0,196.0,20.0,44.0,20.0,8.0,9.9
2014-11-01,14.0,4.304314,10.889999,62.87695,7.7083335,0.7240022,49.375,14.829166,0.17854166,14.297916,230.19455,1.828573,10.26,19.15,9.95,0.0,1.1,0.5,55.0,78.0,161.0,21.0,43.0,19.0,8.0,8.0
2014-11-02,23.0,4.59225,13.994999,72.70401,8.8125,0.4900166,74.958336,14.210416,0.17379166,11.575,217.55757,1.666585,8.52,15.1,8.95,3.9,0.9,0.4,34.0,61.0,113.0,25.0,34.0,17.0,6.0,5.9
2014-11-03,3.0,15.952983,38.07,82.02946,8.210417,0.27820304,83.291664,13.189583,0.18070833,9.4625,272.28738,1.7698113,10.32,11.6,7.15,8.0,0.6,0.4,26.0,48.0,88.0,27.0,12.0,7.0,5.0,3.6
2014-11-04,7.0,11.968642,32.1,68.49554,3.2395833,0.37101504,64.458336,11.683333,0.31654167,8.093751,309.32104,1.8724498,11.04,12.9,4.35,0.0,0.6,0.4,23.0,48.0,83.0,38.0,13.0,7.0,7.0,3.7
2014-11-05,3.0,9.906911,24.539999,63.571915,1.1354166,0.432511,36.75,9.4875,0.292875,8.564584,256.5042,1.92888,12.11,14.3,4.15,0.0,0.8,0.4,32.0,56.0,106.0,29.0,18.0,10.0,9.0,4.7
2014-11-06,249.0,7.625294,16.664999,64.87757,2.2979167,0.44476518,43.916668,9.620833,0.27191666,11.73125,240.071,1.0127045,5.21,15.4,9.15,0.5,0.8,0.4,40.0,55.0,116.0,25.0,19.0,10.0,9.0,4.9
2014-11-07,,10.431932,22.56,82.25014,8.814584,0.25967762,74.583336,11.764584,0.26195833,9.974999,228.06924,1.2069659,6.8,11.9,7.4,2.8,0.8,0.4,31.0,54.0,102.0,28.0,16.0,9.0,8.0,4.5
2014-11-08,,9.746468,22.875,79.09951,6.152083,0.26633194,88.291664,11.035417,0.26679167,8.195833,283.17258,1.3359156,9.71,11.05,4.3,2.0,0.5,0.3,17.0,47.0,73.0,37.0,15.0,7.0,7.0,2.8
2014-11-09,,5.5453353,15.884999,72.38931,2.9354165,0.3175497,32.791668,9.997916,0.3148333,6.710417,235.39282,1.6218086,11.22,11.2,1.75,0.3,0.6,0.4,17.0,47.0,74.0,37.0,11.0,6.0,8.0,2.2
2014-11-10,,8.417003,19.755,72.01738,1.6979166,0.31146324,52.0,8.337501,0.29379168,7.972916,201.77692,0.52572286,3.42,10.7,6.4,9.500001,1.2,0.5,38.0,55.0,114.0,24.0,17.0,11.0,9.0,6.0
2014-11-11,,8.57184,24.044998,91.331024,6.789583,0.09738389,80.291664,9.302083,0.3547083,10.058333,224.94997,1.1049933,6.18,13.85,8.1,0.0,0.7,0.4,36.0,59.0,115.0,24.0,13.0,8.0,8.0,3.5
2014-11-12,,12.259696,27.585,82.86028,7.0604167,0.23283838,61.791668,10.314584,0.33175,10.974999,196.60933,0.659616,2.83,14.9,6.75,1.6000001,0.7,0.4,33.0,52.0,103.0,31.0,19.0,10.0,7.0,3.7
2014-11-13,,13.493369,30.419998,89.19163,9.65625,0.15961587,88.458336,10.66875,0.319125,12.037499,212.0785,1.2074476,7.7,13.75,8.45,11.000001,0.8,0.4,35.0,62.0,115.0,17.0,18.0,10.0,6.0,4.7
2014-11-14,,15.304821,40.38,84.53089,8.960417,0.21499018,77.833336,12.179166,0.37533334,8.314584,228.67976,1.0205075,6.6,10.75,6.65,2.3000002,0.7,0.4,28.0,50.0,93.0,34.0,17.0,8.0,6.0,3.4
2014-11-15,,14.937324,34.14,83.58631,5.464583,0.19033341,62.125,9.845834,0.35341668,7.729166,236.58582,1.0839295,6.5,10.65,5.15,0.0,0.5,0.4,21.0,39.0,71.0,39.0,13.0,7.0,6.0,1.7
2014-11-16,,12.808025,27.12,80.485214,4.4354167,0.22326434,51.541668,9.210417,0.354125,8.891665,245.45052,1.242288,7.84,12.9,7.0,0.0,0.5,0.4,21.0,38.0,70.0,36.0,14.0,8.0,6.0,1.6
2014-11-17,,10.265245,22.68,74.89952,4.2791667,0.3134723,50.791668,9.166667,0.33570835,6.608333,165.21721,0.70517015,5.63,9.25,3.8,0.0,0.9,0.5,39.0,60.0,119.0,29.0,19.0,10.0,8.0,4.6
2014-11-18,,3.6188262,10.11,87.90194,4.6354165,0.12242497,63.541668,7.2937503,0.32604167,8.677083,44.19694,1.1846972,8.02,14.8,4.25,0.0,1.6,0.7,83.0,87.0,214.0,9.0,27.0,16.0,10.0,9.6
2014-11-19,,5.371641,12.75,82.24599,5.7791667,0.24527693,62.166668,8.922916,0.31891668,10.904167,47.44016,1.643491,10.34,18.3,5.4,0.0,1.5,0.7,59.0,83.0,174.0,12.0,27.0,17.0,12.0,9.5
2014-11-20,,8.242406,17.22,75.73643,6.616667,0.3834432,41.041668,9.983334,0.30975,11.506251,38.27492,1.35054,8.83,17.55,7.65,0.0,1.3,0.6,46.0,73.0,143.0,16.0,27.0,14.0,12.0,6.9
2014-11-21,,7.4063487,16.365,80.561455,8.068749,0.30828556,71.708336,10.777083,0.30200002,12.154166,37.97781,1.3553853,7.84,18.0,7.65,0.0,1.2,0.6,49.0,74.0,150.0,14.0,34.0,17.0,12.0,8.9
2014-11-22,20.0,8.959149,18.015,80.10426,8.879167,0.3357017,91.333336,11.447917,0.298125,13.5,30.068504,1.1824647,6.42,17.15,11.4,3.6,1.1,0.5,40.0,61.0,122.0,12.0,45.0,18.0,13.0,6.3
2014-11-23,5.0,5.9325604,17.355,78.2674,9.558333,0.3448926,87.416664,12.427083,0.32820833,11.875001,23.694231,1.1021764,7.53,15.55,8.05,0.1,1.0,0.5,31.0,53.0,100.0,15.0,97.0,29.0,9.0,3.6
2014-11-24,17.0,5.26464,13.0199995,81.79922,8.639584,0.27668032,51.0,11.764584,0.3355,10.529167,251.98781,1.1405663,7.9,15.6,6.6,0.5,1.3,0.6,66.0,69.0,170.0,14.0,59.0,22.0,11.0,7.1
2014-11-25,51.0,5.2419033,12.66,88.25417,8.53125,0.17354001,69.958336,11.147916,0.33075002,9.702084,212.2233,0.8019431,5.28,11.5,7.3,0.0,1.8,0.7,93.0,71.0,213.0,12.0,60.0,30.0,10.0,10.3
2014-11-26,13.0,7.051641,15.255,85.12975,6.902083,0.18497257,86.875,10.789584,0.32841668,7.908333,113.05134,0.49971545,2.94,10.5,5.2,7.6000004,0.9,0.5,40.0,58.0,120.0,23.0,20.0,8.0,7.0,4.9
2014-11-27,7.0,9.393458,22.034998,87.65249,6.070833,0.13728054,82.0,8.577084,0.35208333,8.352082,140.86847,0.4606895,1.44,9.4,7.15,16.2,0.8,0.4,32.0,57.0,106.0,21.0,14.0,7.0,8.0,4.6
2014-11-28,3.0,11.149043,27.33,88.94818,6.4562497,0.121446274,99.833336,8.570833,0.39604166,8.297915,358.76657,0.4757909,2.62,10.7,5.95,4.2999997,0.9,0.4,33.0,62.0,113.0,28.0,10.0,6.0,7.0,3.6
2014-11-29,2.0,6.7663217,16.785,90.62103,6.975,0.10964634,98.083336,8.6375,0.391875,9.9375,6.67676,0.7966293,4.16,13.75,6.5,1.6,0.8,0.5,36.0,64.0,119.0,24.0,11.0,8.0,8.0,4.3
2014-11-30,2.0,8.610893,22.949999,85.904655,7.7666664,0.19556613,87.708336,9.604167,0.38229167,10.599999,343.39587,1.5315183,7.51,13.5,7.2,0.1,1.1,0.5,46.0,62.0,133.0,14.0,16.0,11.0,9.0,4.8
2014-12-01,312.0,15.1210785,31.32,70.56012,5.125,0.38689864,31.125,9.974999,0.37054166,9.127084,354.4471,1.6312339,8.4,12.45,6.95,0.0,0.9,0.6,45.0,61.0,129.0,27.0,17.0,9.0,11.0,6.8
2014-12-02,4.0,12.3471985,26.295,67.54955,3.1583335,0.39144316,55.416668,9.181251,0.35270834,7.3375,9.772475,0.83809245,4.99,9.6,5.9,0.0,1.1,0.5,49.0,60.0,134.0,25.0,15.0,8.0,11.0,7.3
2014-12-03,3.0,6.4786305,15.345,72.09417,2.3770833,0.2958841,99.625,7.9500003,0.34266666,6.122917,339.71732,0.9200454,6.95,9.4,2.9,0.0,1.3,0.5,40.0,53.0,115.0,15.0,11.0,6.0,10.0,6.9
2014-12-04,3.0,4.3760304,10.68,70.64989,0.91249996,0.29627177,63.625,6.875,0.335125,5.833334,329.59662,1.0117849,8.03,9.95,2.5,0.0,1.1,0.5,34.0,49.0,101.0,20.0,13.0,7.0,9.0,6.0
2014-12-05,11.0,4.586175,10.125,73.79312,1.0770833,0.26329648,26.75,6.11875,0.32916668,4.633333,330.94547,1.2244011,8.46,8.95,1.15,0.0,1.6,0.6,62.0,70.0,166.0,13.0,21.0,12.0,10.0,6.7
2014-12-06,11.0,9.734525,21.57,68.62329,-0.9395833,0.2931835,29.833334,5.2687497,0.32258335,4.24375,347.46106,1.1185166,7.48,8.7,0.2,0.0,0.7,0.4,36.0,60.0,115.0,18.0,11.0,7.0,1.0,3.6
2014-12-07,2.0,8.8356905,20.82,67.66949,-1.23125,0.28670394,23.0,4.4395833,0.31616667,4.8645835,312.43964,1.077461,8.96,11.1,-0.55,0.0,,0.4,34.0,53.0,106.0,32.0,11.0,6.0,1.0,
2014-12-08,1.0,5.688025,13.5,79.97529,1.4666667,0.20833646,13.5,4.7833333,0.31149998,5.4187503,338.30484,1.0990988,6.5,9.15,2.35,0.0,,0.5,78.0,76.0,195.0,8.0,19.0,11.0,1.0,
2014-12-09,7.0,10.6755495,22.425001,72.28359,0.40833333,0.2695064,47.583332,5.0812497,0.307,5.308333,313.2953,1.0751829,9.17,11.25,0.3,0.0,,0.6,,,,11.0,17.0,8.0,7.0,
2014-12-10,6.0,4.517198,10.65,77.62796,1.6,0.22650315,6.125,4.789583,0.302875,4.55625,326.86435,1.0396701,8.97,10.95,-1.0,0.0,1.6,0.8,,,,9.0,35.0,15.0,13.0,10.8
2014-12-11,5.0,4.3587527,10.98,83.88247,1.9812499,0.17104332,18.625,4.6208334,0.29970834,3.9583333,217.12375,0.8210329,7.8,8.55,-1.1,0.0,2.3,1.0,,,,5.0,40.0,22.0,16.0,15.0
2014-12-12,20.0,4.729604,12.554999,89.278786,2.0083334,0.098540336,63.625,4.2999997,0.297,6.6854167,168.04935,0.36430788,1.61,9.7,1.95,9.9,2.5,0.9,126.0,97.0,291.0,7.0,33.0,17.0,12.0,12.0
2014-12-13,9.0,10.551968,23.13,91.667336,5.9395833,0.08959675,99.916664,6.2833333,0.323125,7.0812497,58.03589,0.31751114,1.5,8.55,5.6,23.5,0.8,0.4,23.0,55.0,90.0,19.0,22.0,12.0,8.0,2.7
2014-12-14,1.0,7.66621,18.87,90.91102,5.504167,0.09090253,99.916664,7.1354165,0.41799998,7.266666,354.73657,1.069385,7.51,11.1,5.4,0.4,0.6,0.4,17.0,54.0,80.0,24.0,15.0,8.0,9.0,1.9
2014-12-15,,9.986541,21.659998,76.640274,3.1479168,0.25345838,75.041664,7.1437497,0.39454165,5.9187503,310.71835,0.61092985,4.32,11.0,2.55,3.7,1.0,0.6,60.0,68.0,160.0,20.0,16.0,9.0,13.0,6.5
2014-12-16,,4.677513,12.389999,84.050606,3.4437501,0.1633894,52.916668,5.9187503,0.3956667,7.441666,313.09082,0.9662318,7.35,12.75,3.55,0.0,1.6,0.8,122.0,98.0,286.0,7.0,28.0,16.0,14.0,10.9
2014-12-17,,4.965682,10.740001,81.97036,4.3854165,0.21237046,56.916668,6.1062503,0.37795833,6.464583,331.53775,1.0834355,8.93,13.15,1.85,0.0,2.1,0.9,166.0,115.0,370.0,7.0,34.0,20.0,14.0,13.9
2014-12-18,,4.329415,10.095,85.30833,3.997917,0.18444067,27.916666,6.125,0.36595833,6.1770835,325.91104,1.1176722,9.27,12.8,1.35,0.0,2.7,1.2,241.0,138.0,507.0,6.0,48.0,28.0,19.0,18.2
2014-12-19,,3.880971,10.275,84.51309,3.2604167,0.18473285,0.041666668,5.4666667,0.35708332,4.929167,358.26962,1.0873361,8.91,13.25,-0.95,0.0,2.9,1.2,279.0,134.0,562.0,5.0,48.0,32.0,18.0,17.6
2014-12-20,,5.2454505,12.464999,78.643524,1.3520833,0.24130021,4.75,4.75,0.34987497,5.7208333,15.524137,1.0655084,8.54,12.25,0.75,0.0,1.5,0.6,87.0,82.0,216.0,9.0,18.0,11.0,15.0,8.6
2014-12-21,,7.172409,15.524999,82.79191,2.6000001,0.1984976,16.666666,5.1229167,0.34333333,5.085417,24.304562,1.1178234,8.66,12.3,0.55,0.0,0.9,0.5,42.0,62.0,126.0,18.0,11.0,6.0,13.0,4.2
2014-12-22,,6.954365,14.985,75.43866,0.7479167,0.26477945,32.333332,4.429167,0.33745834,4.6041665,22.792824,1.0427989,9.04,10.25,-0.15,0.0,1.1,0.6,55.0,74.0,158.0,15.0,16.0,8.0,15.0,6.2
2014-12-23,,4.548622,10.0199995,73.299965,-0.0020833432,0.261525,41.875,3.5104167,0.332625,3.6166668,345.2564,1.0112611,9.08,9.65,-1.0,0.0,1.4,0.7,95.0,90.0,236.0,14.0,23.0,13.0,15.0,7.6
2014-12-24,,4.334478,9.99,81.17037,0.38125,0.17949195,1.125,3.0,0.32858333,3.3125002,355.16446,1.0256621,8.64,10.0,-2.0,0.0,1.0,0.5,51.0,70.0,149.0,9.0,20.0,13.0,12.0,5.8
2014-12-25,,7.147818,15.899999,79.9805,0.17083333,0.19660324,34.791668,3.4104166,0.32479167,6.045833,338.87183,0.84352046,6.65,11.0,1.8,0.0,0.5,0.4,15.0,48.0,71.0,27.0,10.0,8.0,14.0,1.6
2014-12-26,,5.2833576,12.855,84.61099,3.3604167,0.17000775,38.0,5.2937503,0.32075,4.6124997,284.98163,0.9154618,7.48,10.85,0.15,0.0,1.2,0.6,103.0,83.0,241.0,9.0,23.0,13.0,13.0,6.5
2014-12-27,,6.7733397,15.255,85.05442,2.1458333,0.15436514,61.666668,4.6583333,0.31741667,5.3624997,302.11584,1.036431,5.73,8.95,2.55,1.0,1.1,0.5,59.0,62.0,152.0,9.0,24.0,12.0,10.0,4.8
2014-12-28,,12.054242,28.784998,72.288734,0.46249998,0.24662785,46.25,4.89375,0.32370833,2.1666667,5.867178,1.780648,9.64,7.6,-1.3,0.0,0.4,0.3,11.0,36.0,52.0,43.0,17.0,6.0,11.0,1.0
2014-12-29,44.0,13.718951,30.059998,47.031643,-9.0,0.4035306,1.8333334,2.0333333,0.32341668,1.7395831,346.15927,1.1777323,9.37,7.9,-2.6,0.0,0.6,0.4,24.0,51.0,87.0,36.0,13.0,6.0,14.0,2.8
2014-12-30,12.0,4.624458,11.759999,51.77155,-7.1979165,0.35670957,0.0,0.71875,0.31470832,1.6520834,320.15988,1.0350972,9.51,8.55,-2.4,0.0,1.4,0.7,101.0,93.0,248.0,10.0,25.0,12.0,16.0,8.1
2014-12-31,15.0,4.3254004,10.005,76.38468,-2.5125,0.19358635,0.0,0.89791673,0.31104165,2.154167,331.631,1.1072961,9.59,9.1,-2.95,0.0,2.2,0.9,173.0,113.0,379.0,6.0,44.0,27.0,21.0,10.6
2015-01-01,63.0,4.6587577,10.695,64.63947,-4.0104165,0.29855502,0.0,0.6854167,0.30816665,2.3708332,335.6136,1.0185508,9.13,9.75,-3.4,0.0,2.4,1.0,180.0,118.0,395.0,10.0,42.0,33.0,20.0,9.1
2015-01-02,18.0,2.9354804,8.385,70.29442,-2.9166667,0.2579033,49.708332,0.88124996,0.30541667,3.195833,284.9314,1.063252,9.25,9.65,-1.6,0.0,2.4,1.1,202.0,125.0,436.0,6.0,36.0,22.0,22.0,11.1
2015-01-03,202.0,2.9712505,8.355,70.754265,-1.7270833,0.25569996,0.29166666,1.49375,0.30304167,4.0645833,349.2319,1.113097,9.34,12.2,-1.8,0.0,1.9,0.8,145.0,103.0,325.0,6.0,30.0,18.0,18.0,9.1
2015-01-04,197.0,3.3569365,8.88,73.20735,-0.6895833,0.28169268,0.29166666,2.33125,0.300125,4.429167,334.4401,1.0862193,9.32,10.45,0.3,0.0,2.3,1.1,171.0,119.0,381.0,8.0,33.0,18.0,22.0,9.7
2015-01-05,50.0,4.3538103,9.345,78.19555,1.0604167,0.20884788,1.2083334,2.7708333,0.297625,3.5416663,343.47406,1.0311607,9.5,8.8,-1.9,0.0,2.0,0.9,159.0,106.0,350.0,9.0,31.0,18.0,18.0,9.9
2015-01-06,151.0,3.8567789,8.669999,86.677246,1.025,0.11925983,29.166666,2.3520832,0.29554167,1.8645834,354.7049,1.0429043,9.77,8.35,-2.6,0.0,1.8,0.8,111.0,91.0,261.0,8.0,31.0,22.0,15.0,8.5
2015-01-07,46.0,4.3030205,10.815,81.324104,-1.1958333,0.15835461,0.41666666,1.8520833,0.293625,2.2583334,342.22858,1.1551112,9.93,9.75,-2.2,0.0,2.0,0.9,132.0,106.0,309.0,8.0,30.0,19.0,18.0,10.1
2015-01-08,26.0,4.440665,10.215,76.18783,-1.8020834,0.2137049,13.541667,1.6291666,0.291375,3.7,350.1702,1.1717591,9.86,11.75,-1.4,0.0,1.5,0.7,94.0,92.0,237.0,10.0,24.0,13.0,17.0,18.7
2015-01-09,214.0,3.780672,10.2,77.55947,0.12916666,0.22454053,0.0,2.1791666,0.28916666,4.1749997,286.38962,1.1924657,10.07,10.95,-1.6,0.0,2.5,1.2,220.0,133.0,471.0,7.0,36.0,18.0,23.0,26.3
2015-01-10,23.0,3.440488,9.285,77.79656,0.5083333,0.2098433,0.0,2.2395833,0.28708333,3.7645833,5.8415236,1.0975924,8.88,12.1,-2.05,0.0,1.7,0.8,122.0,98.0,285.0,9.0,25.0,13.0,17.0,18.9
2015-01-11,435.0,5.097333,13.095,80.940544,0.55,0.19870456,24.75,2.56875,0.285,3.997917,11.751536,1.1674826,9.86,11.1,-1.65,0.0,1.5,0.7,61.0,76.0,170.0,11.0,20.0,12.0,18.0,14.7
2015-01-12,30.0,5.04182,12.48,79.23481,0.59375,0.20718695,15.708333,2.7854166,0.28258333,5.141667,238.10919,1.1688956,9.79,11.0,1.3,0.0,1.3,0.6,67.0,71.0,173.0,22.0,18.0,,15.0,14.6
2015-01-13,34.0,4.665415,12.105,81.38669,2.15625,0.18568517,29.041666,3.2437499,0.28004166,4.9791665,221.66144,0.74762154,6.32,8.5,0.9,0.0,1.9,0.6,63.0,77.0,173.0,10.0,24.0,,12.0,17.2
2015-01-14,20.0,4.771506,10.965,91.24143,3.7541666,0.082817174,64.0,4.014583,0.27875,5.6791663,200.38402,0.7462673,4.58,9.35,2.8,1.4000001,2.0,0.7,77.0,78.0,196.0,10.0,29.0,22.0,12.0,19.8
2015-01-15,29.0,13.389394,28.484999,89.37482,4.1458335,0.11534634,99.916664,5.6104164,0.28245834,5.291667,247.7476,1.1539396,8.55,7.65,1.25,4.7999997,1.2,0.5,37.0,60.0,118.0,14.0,18.0,15.0,9.0,17.5
2015-01-16,37.0,11.910557,27.57,73.38122,-0.13125001,0.2392279,40.791668,5.3458333,0.34391665,1.9583334,248.13847,1.1405922,10.3,6.6,-0.9,0.0,1.1,0.5,34.0,60.0,112.0,28.0,12.0,11.0,9.0,15.9
2015-01-17,20.0,6.7710357,14.82,73.20951,-2.5458333,0.2074942,37.125,2.2437499,0.32404166,1.3083334,174.59631,0.36063942,2.6,3.25,-0.45,3.1999998,1.1,0.4,28.0,55.0,98.0,28.0,12.0,10.0,9.0,14.9
2015-01-18,0.0,5.3717923,14.31,92.145226,0.23541667,0.05375075,99.208336,2.2166667,0.32841668,2.5041666,359.0586,1.2983726,9.59,5.85,0.25,1.9,1.0,0.4,17.0,40.0,66.0,24.0,11.0,11.0,8.0,13.5
2015-01-19,48.0,13.23714,31.125,67.53207,-3.4937499,0.2551773,73.416664,2.9416666,0.34745833,1.5458335,288.2603,0.8096462,7.1,5.2,-1.0,0.0,1.0,0.5,27.0,55.0,97.0,29.0,11.0,4.0,12.0,12.7
2015-01-20,7.0,4.1342297,10.605,72.96056,-2.9291668,0.1952383,82.25,1.9708333,0.332625,1.3895832,259.87106,0.8369901,7.52,5.45,-1.75,1.0,1.2,0.6,73.0,77.0,189.0,14.0,19.0,5.0,11.0,12.4
2015-01-21,4.0,7.691742,18.42,79.47019,-1.8833333,0.15311937,46.0,1.5854167,0.333625,2.46875,300.84003,1.148062,8.71,7.6,-1.0,0.0,1.0,0.6,42.0,67.0,131.0,18.0,12.0,5.0,9.0,11.6
2015-01-22,16.0,10.6933365,26.25,70.76336,-2.3583333,0.24137051,29.583334,1.6791667,0.334375,2.7229164,334.96585,1.2898164,10.67,7.0,0.05,0.0,1.0,0.7,40.0,59.0,121.0,33.0,14.0,5.0,10.0,12.2
2015-01-23,6.0,9.3945,18.195,66.37194,-3.2625,0.2643598,2.6666667,1.0479167,0.3265,2.2083335,342.76242,1.4157289,11.34,9.45,-2.5,0.0,1.4,0.9,93.0,83.0,226.0,18.0,16.0,6.0,15.0,13.9
2015-01-24,7.0,7.298235,16.035,66.34389,-3.7770834,0.28900626,41.375,0.90625,0.32016668,5.1479163,343.0285,1.6215174,11.21,10.5,1.6,0.0,1.1,0.8,53.0,75.0,157.0,20.0,14.0,6.0,14.0,11.1
2015-01-25,94.0,10.405635,20.625,65.5997,-1.4583334,0.3366424,25.0,2.25,0.31466666,3.708333,339.5276,1.4061277,11.15,10.9,-1.5,0.0,0.8,0.7,29.0,61.0,104.0,33.0,10.0,4.0,14.0,9.5
2015-01-26,503.0,6.0335593,12.855,69.43352,-1.6374999,0.2864358,31.791666,2.4145834,0.30954167,4.0166664,342.88907,1.3038405,9.73,11.15,-1.85,0.0,1.2,0.8,73.0,86.0,197.0,16.0,19.0,,15.0,11.3
2015-01-27,545.0,7.883675,17.4,75.91546,0.19375001,0.24679099,33.291668,2.8395834,0.30579168,5.2833333,329.69553,1.4878571,11.64,11.75,-0.9,0.0,1.0,0.8,60.0,73.0,165.0,19.0,16.0,,15.0,11.5
2015-01-28,148.0,5.881466,12.435,74.05048,0.45208335,0.2759728,25.0,3.2854166,0.30133334,5.8604164,256.61163,1.3307068,8.0,11.15,0.35,0.0,1.5,0.9,105.0,89.0,250.0,12.0,24.0,,14.0,14.7
2015-01-29,249.0,12.085445,25.995,76.48592,2.2520833,0.2585429,88.083336,3.96875,0.297,10.447917,250.78044,1.1883913,5.45,13.7,8.9,3.4,1.1,0.8,66.0,69.0,170.0,20.0,21.0,,12.0,12.6
2015-01-30,102.0,22.266157,47.594997,83.220604,7.745833,0.22395857,91.791664,8.431251,0.30091667,7.0083337,289.35797,1.729858,10.59,10.35,2.6,8.500001,0.5,0.6,28.0,40.0,83.0,28.0,10.0,,8.0,8.4
2015-01-31,57.0,20.547867,46.845,65.18505,-0.112499975,0.323666,39.708332,6.8562503,0.37495837,3.314583,293.22025,1.8634393,10.89,7.3,0.9,0.0,0.5,0.5,13.0,35.0,55.0,49.0,7.0,,7.0,7.0
2015-02-01,2.0,15.578606,35.745,56.64218,-4.7374997,0.35356727,40.166668,3.7458334,0.34383333,2.5791664,226.0273,0.514691,4.86,4.2,0.6,4.7999997,0.5,0.5,10.0,31.0,47.0,56.0,8.0,,7.0,6.2
2015-02-02,8.0,12.835589,28.409998,87.74274,0.76666665,0.08820081,86.583336,3.3833332,0.3525417,4.4062495,253.6748,1.0685043,8.54,7.8,1.3,1.9,0.7,0.6,30.0,48.0,94.0,33.0,10.0,,7.0,7.2
2015-02-03,10.0,14.692345,36.434998,80.788864,1.2395834,0.16969056,53.625,4.4645834,0.372875,1.2979167,334.10007,1.5813023,10.93,3.9,-1.0,0.5,0.6,0.6,29.0,50.0,95.0,37.0,9.0,,8.0,8.4
2015-02-04,8.0,18.934784,41.594997,58.98814,-6.4270835,0.27972206,42.083332,2.60625,0.367625,1.2395834,346.66278,1.9238803,11.07,4.6,-0.95,0.0,0.7,0.6,18.0,44.0,71.0,48.0,9.0,,12.0,8.6
2015-02-05,17.0,19.868422,41.445,53.21989,-7.5437503,0.32533318,35.541668,1.69375,0.34616664,0.45833334,316.56012,1.322657,10.53,4.85,-2.55,0.0,0.7,0.6,15.0,40.0,63.0,49.0,11.0,,13.0,8.6
2015-02-06,13.0,9.326489,22.604998,61.093735,-6.5291667,0.27064404,44.708332,0.7916667,0.33629167,0.8208334,25.186148,1.0333483,7.6,4.5,-1.95,0.0,0.9,0.7,28.0,55.0,97.0,34.0,11.0,,12.0,9.1
2015-02-07,2.0,7.6786275,17.789999,63.035572,-5.7000003,0.25281152,59.375,0.38541666,0.33158335,1.5833334,13.24605,1.6910427,13.4,8.3,-3.3,0.0,1.2,0.7,33.0,58.0,109.0,16.0,13.0,,13.0,9.0
2015-02-08,1.0,8.989783,19.425,63.75828,-4.8479166,0.28405824,5.375,1.1062499,0.32695833,2.90625,53.40495,1.7597849,13.65,9.65,-1.55,0.0,1.2,0.8,27.0,49.0,90.0,36.0,13.0,,14.0,7.9
2015-02-09,27.0,10.027333,21.539999,64.91471,-3.1916666,0.30328554,7.6666665,1.8708334,0.3205,2.8979168,51.516525,0.89168066,6.66,7.4,-1.0,0.0,0.9,0.6,22.0,47.0,81.0,40.0,15.0,,11.0,7.5
2015-02-10,1.0,6.4742527,15.329999,76.6027,-0.93958336,0.20028204,68.791664,2.2229166,0.31725,3.7979167,50.051765,0.98533726,7.41,8.4,-0.25,0.2,0.9,0.7,24.0,62.0,99.0,32.0,22.0,14.0,12.0,8.3
2015-02-11,3.0,5.2056518,11.459999,78.17565,0.060416654,0.2029901,86.708336,3.2979167,0.31783333,4.63125,11.976194,1.0454767,7.6,9.35,0.25,0.0,0.9,0.7,26.0,65.0,105.0,26.0,25.0,14.0,13.0,9.0
2015-02-12,6.0,5.053639,12.48,79.507645,1.4104166,0.2057632,76.166664,4.2770834,0.323625,5.9625,240.63538,1.6497077,11.31,11.05,-0.1,0.0,1.0,0.7,44.0,67.0,135.0,23.0,34.0,17.0,13.0,9.8
2015-02-13,36.0,8.446533,19.92,73.05717,1.2062501,0.29270205,51.541668,4.75,0.31670833,7.5749993,239.41049,1.4192399,8.86,11.6,5.4,0.5,0.9,0.7,42.0,59.0,123.0,29.0,34.0,20.0,10.0,8.9
2015-02-14,103.0,13.989716,30.9,80.002266,4.0916667,0.23298286,89.375,6.9708333,0.311625,8.389585,266.2644,1.2614634,7.56,12.35,5.9,1.5,0.6,0.6,16.0,37.0,61.0,47.0,19.0,11.0,8.0,6.5
2015-02-15,41.0,10.7949095,25.83,81.76549,5.295833,0.23112607,73.041664,7.7791667,0.326875,8.0375,295.69254,1.5612328,10.55,12.3,3.65,0.0,0.6,0.6,16.0,39.0,64.0,38.0,10.0,6.0,9.0,6.2
2015-02-16,124.0,6.615601,16.949999,73.19288,3.1083333,0.3248978,68.375,7.4041667,0.31625,6.3958335,23.542053,2.1437771,11.39,10.4,3.35,2.3999999,0.7,0.6,26.0,51.0,90.0,31.0,13.0,7.0,10.0,5.9
2015-02-17,112.0,21.252426,48.209995,61.636383,-1.0458333,0.39179835,69.375,6.4375,0.33308333,5.714584,32.4881,1.9666936,12.41,10.8,1.25,0.0,0.5,0.6,14.0,39.0,60.0,51.0,10.0,5.0,11.0,3.7
2015-02-18,6.0,11.335167,24.585,62.77823,-0.9145834,0.36591077,41.708332,5.9395833,0.31416667,5.7562504,38.271545,1.9610639,15.27,11.3,-0.1,0.0,0.6,0.6,21.0,47.0,79.0,40.0,12.0,7.0,13.0,4.6
2015-02-19,5.0,5.8780513,13.62,68.50216,-0.21249999,0.34055486,18.041666,6.035417,0.30200002,5.141667,224.59369,1.5936801,12.07,10.05,0.65,0.0,0.9,0.7,35.0,64.0,118.0,32.0,25.0,15.0,11.0,5.2
2015-02-20,16.0,5.4055896,14.04,70.59347,0.04374999,0.28515503,69.333336,4.9729166,0.29395834,6.4812493,310.52505,2.12989,14.04,11.05,3.0,3.0,1.1,0.8,49.0,74.0,148.0,31.0,36.0,24.0,11.0,5.7
2015-02-21,34.0,13.4388,30.375,68.8327,0.48333335,0.34072295,42.5,6.535416,0.33520833,6.495834,305.86752,1.8912387,12.07,11.9,1.9,0.0,0.5,0.6,11.0,37.0,54.0,50.0,13.0,9.0,10.0,3.2
2015-02-22,83.0,9.764401,22.364998,64.83727,0.47708333,0.3792002,38.625,6.3333335,0.316375,8.025,254.32817,1.4361066,8.4,13.15,3.2,0.8,0.6,0.6,19.0,53.0,83.0,36.0,15.0,9.0,10.0,3.3
2015-02-23,171.0,12.803884,28.919998,77.817055,3.9937499,0.26159087,55.083332,7.289583,0.3075,5.652084,298.26892,2.0677106,11.79,9.4,2.15,0.0,0.5,0.6,30.0,46.0,92.0,33.0,17.0,9.0,10.0,3.6
2015-02-24,64.0,14.866185,33.885,59.94399,-1.9812499,0.3838168,43.166668,5.8375,0.30566666,6.785416,315.13077,2.0130382,12.02,11.7,2.05,0.0,0.6,0.6,19.0,43.0,73.0,50.0,13.0,6.0,9.0,3.9
2015-02-25,24.0,14.17049,31.125,66.771935,1.1541667,0.36549392,43.875,6.547917,0.29295835,9.606251,308.1047,1.8859674,10.94,14.3,5.4,0.0,0.6,0.7,28.0,53.0,95.0,41.0,16.0,7.0,10.0,3.8
2015-02-26,326.0,9.252774,21.074999,70.46719,4.272917,0.39150324,59.291668,8.724999,0.28370833,8.777083,326.62515,2.1840637,14.76,11.7,6.35,0.0,0.7,0.7,32.0,58.0,107.0,25.0,16.0,8.0,11.0,4.3
2015-02-27,184.0,9.546348,23.475,64.97609,1.8854166,0.41309488,42.083332,8.704166,0.274625,8.10625,300.46545,1.5840918,9.76,14.25,3.4,0.0,0.7,0.7,36.0,61.0,116.0,34.0,15.0,8.0,13.0,4.0
2015-02-28,199.0,5.0482955,13.349999,69.33902,2.841667,0.36090294,76.25,7.8854165,0.2674167,10.685417,263.4431,2.250528,13.83,17.8,5.35,0.0,0.6,0.6,30.0,59.0,106.0,29.0,20.0,11.0,11.0,3.9
2015-03-01,208.0,6.962424,16.214998,75.94044,6.441667,0.38763157,76.5,9.90625,0.262,12.185416,241.03241,2.338155,14.27,18.7,7.0,0.0,0.5,0.6,18.0,41.0,68.0,33.0,16.0,7.0,9.0,2.8
2015-03-02,239.0,5.906778,14.82,77.50912,7.847917,0.39976537,37.416668,11.210416,0.25404167,11.708333,228.11354,2.521759,16.25,17.9,5.85,0.5,0.6,0.6,36.0,45.0,100.0,19.0,24.0,14.0,9.0,2.9
2015-03-03,86.0,4.7409854,14.31,79.39911,7.88125,0.34941402,43.75,11.354167,0.24845833,9.289584,1.0006548,2.758635,17.31,13.6,5.25,0.0,0.9,0.7,48.0,55.0,128.0,12.0,36.0,24.0,10.0,3.4
2015-03-04,147.0,11.2759695,25.515,64.95106,1.6687499,0.44833064,26.25,9.966666,0.23900001,6.372917,23.38291,2.8470795,18.63,13.1,1.2,0.0,0.9,0.7,46.0,55.0,125.0,28.0,22.0,14.0,12.0,4.3
2015-03-05,44.0,9.7282095,23.159998,49.28426,-4.579167,0.5595022,15.041667,7.410417,0.22670834,8.50625,29.382166,3.0175345,18.96,16.9,0.2,0.0,0.6,0.6,21.0,51.0,84.0,43.0,12.0,7.0,13.0,2.1
2015-03-06,49.0,5.688049,14.31,42.92658,-4.0208335,0.7678967,0.0,7.902083,0.215625,10.883332,358.50827,3.117561,19.22,19.65,2.15,0.0,1.0,0.8,64.0,71.0,169.0,36.0,26.0,12.0,12.0,3.6
2015-03-07,415.0,4.4353986,10.41,47.226017,-0.8729167,0.81220365,2.2916667,9.306251,0.20683335,11.227084,357.66953,3.3479626,19.19,21.4,1.65,0.0,1.3,0.9,90.0,89.0,228.0,23.0,40.0,20.0,17.0,5.5
2015-03-08,543.0,5.658919,13.845,54.10979,0.8625,0.8109836,27.416666,10.445833,0.19729167,11.129167,326.77634,3.202614,19.7,20.8,2.3,0.0,1.1,0.8,52.0,69.0,149.0,30.0,28.0,14.0,15.0,4.1
2015-03-09,313.0,4.287481,12.63,50.458073,-0.45416668,0.8459169,22.958334,10.6625,0.18658334,11.741668,269.62552,3.4143436,19.5,21.05,2.55,0.0,1.1,0.8,70.0,83.0,190.0,30.0,33.0,12.0,14.0,4.2
2015-03-10,357.0,5.7194457,14.864999,52.849735,0.875,0.83901435,9.416667,11.29375,0.17633332,12.756249,257.03546,3.3836374,19.81,21.25,3.9,0.0,1.1,0.8,49.0,82.0,157.0,25.0,35.0,14.0,12.0,4.5
2015-03-11,215.0,4.613586,12.69,53.41395,2.3,0.8517103,20.833334,11.958333,0.16620834,13.212501,238.86974,3.4633815,19.52,20.7,5.0,0.0,1.4,0.9,71.0,93.0,201.0,23.0,47.0,23.0,13.0,6.1
2015-03-12,169.0,5.5705123,14.294999,52.829433,2.7,0.82907933,84.125,12.391666,0.15683334,11.010417,10.243007,2.6536758,13.45,16.45,5.75,0.0,1.4,0.8,72.0,90.0,200.0,24.0,49.0,26.0,13.0,5.7
2015-03-13,319.0,10.899097,25.034998,57.416706,2.0979166,0.62178344,58.291668,10.816667,0.1495,7.4500003,12.695386,3.158352,19.6,13.25,2.65,0.0,0.9,0.7,36.0,61.0,116.0,32.0,33.0,17.0,13.0,5.1
2015-03-14,81.0,11.747008,27.029999,47.646652,-3.9854167,0.589474,15.333333,9.25625,0.14366667,5.7562504,6.559554,2.3442328,14.96,11.2,-0.25,0.0,0.5,0.6,8.0,34.0,45.0,63.0,9.0,5.0,11.0,1.5
2015-03-15,35.0,7.1439424,18.119999,54.622982,-4.0354166,0.47764146,39.208332,7.847916,0.13825001,5.31875,47.254597,2.7562315,20.84,11.75,-1.55,0.0,0.5,0.6,6.0,35.0,45.0,60.0,16.0,12.0,11.0,0.8
2015-03-16,15.0,5.254064,14.61,53.033367,-4.7708335,0.50606304,1.9583334,7.7666664,0.13429166,7.595833,77.61924,2.621818,15.44,14.95,0.8,0.2,0.7,0.7,25.0,54.0,92.0,44.0,29.0,17.0,11.0,1.9
2015-03-17,30.0,8.556728,19.109999,54.89255,-1.3520833,0.56977373,56.916668,8.516666,0.130625,6.24375,64.93632,1.0739866,5.97,9.25,3.05,6.6,0.7,0.6,19.0,57.0,86.0,44.0,32.0,19.0,11.0,2.5
2015-03-18,16.0,10.761653,23.685,76.70153,2.1291666,0.22307694,92.166664,7.1729164,0.17791666,8.595833,45.56944,1.5771896,8.61,12.6,5.45,2.3999999,0.7,0.7,20.0,55.0,86.0,45.0,15.0,11.0,10.0,2.0
2015-03-19,21.0,16.772156,37.395,76.51623,4.797917,0.28676632,94.583336,8.8,0.22995834,9.822917,43.53892,2.3760948,11.46,13.8,6.85,3.8000002,0.5,0.6,8.0,35.0,47.0,52.0,13.0,8.0,10.0,1.7
2015-03-20,41.0,20.542929,45.42,68.61352,4.0187497,0.39983618,89.541664,9.39375,0.26166666,8.28125,45.42158,1.2624706,7.9,10.3,6.5,4.8,0.6,0.6,11.0,40.0,57.0,52.0,18.0,12.0,10.0,1.6
2015-03-21,26.0,15.853654,34.545,82.31063,5.383333,0.1980129,93.208336,8.885417,0.31645834,8.977083,49.474968,2.2987618,15.61,13.75,6.45,2.6000001,0.5,0.6,11.0,40.0,57.0,47.0,11.0,9.0,10.0,1.0
2015-03-22,10.0,14.0265,31.769999,76.324486,4.8166666,0.2945677,75.041664,9.927083,0.32479167,7.6874995,48.82874,1.3314418,9.14,11.3,5.55,15.400002,0.6,0.6,10.0,38.0,54.0,46.0,10.0,6.0,10.0,0.9
2015-03-23,3.0,7.5841312,22.32,87.94706,5.789583,0.13553004,99.5,9.554167,0.37508333,8.447917,40.269543,1.8198514,12.83,11.25,6.45,10.100001,0.9,0.7,34.0,61.0,114.0,21.0,12.0,10.0,10.0,2.4
2015-03-24,20.0,15.992004,36.585,79.03366,4.725,0.24248363,82.541664,9.552083,0.39091668,5.543751,2.384055,2.967644,19.25,9.75,1.6,0.0,0.6,0.6,15.0,44.0,66.0,46.0,10.0,6.0,11.0,1.7
2015-03-25,15.0,19.563074,42.405,51.941147,-4.375,0.46239653,28.875,7.1270833,0.35645834,6.4708333,285.74124,1.6388092,9.95,11.55,0.7,0.0,0.5,0.6,11.0,35.0,52.0,63.0,8.0,4.0,12.0,1.4
2015-03-26,13.0,7.469105,18.765,68.90312,1.6125001,0.32609135,88.375,6.977083,0.33641663,12.412502,327.27148,2.6614368,15.18,18.35,7.65,0.0,0.7,0.6,30.0,54.0,101.0,34.0,14.0,7.0,10.0,2.7
2015-03-27,29.0,9.444135,21.435,72.10744,7.066667,0.4778762,37.166668,11.064583,0.32491666,12.949998,326.83365,3.8693285,22.46,22.75,4.25,0.0,0.7,0.7,39.0,52.0,112.0,24.0,15.0,8.0,11.0,4.1
2015-03-28,20.0,5.3409514,13.95,68.00567,6.179167,0.67378086,5.7083335,12.372917,0.3085,13.539582,324.20847,3.8426783,22.1,21.15,4.3,0.0,0.8,0.7,50.0,57.0,134.0,27.0,23.0,15.0,11.0,5.0
2015-03-29,32.0,6.911917,17.07,58.24086,4.8229165,0.7960625,61.833332,12.808333,0.29033333,15.685416,304.80963,4.2291913,22.76,24.25,7.7,0.0,0.4,0.5,12.0,40.0,59.0,47.0,14.0,8.0,9.0,2.2
2015-03-30,55.0,6.3415236,16.199999,54.00664,5.0437503,1.015453,20.958334,14.085416,0.27229166,15.718749,340.3367,4.421904,23.74,24.55,6.85,0.0,0.6,0.6,23.0,58.0,93.0,45.0,20.0,10.0,9.0,4.0
2015-03-31,47.0,6.4621625,16.109999,55.122097,5.172917,0.9993288,5.375,14.806251,0.25404167,13.685417,22.539478,4.1994696,23.78,21.0,6.55,0.0,0.9,0.8,46.0,73.0,144.0,33.0,28.0,13.0,11.0,6.3
2015-04-01,,8.505973,19.484999,54.812466,3.5895834,0.8444362,7.5,13.85625,0.23666666,13.608334,30.718847,4.1225743,23.87,22.1,4.15,0.0,0.3,0.5,13.0,42.0,62.0,53.0,16.0,8.0,8.0,2.7
2015-04-02,,5.800158,14.114999,47.25198,1.0479167,1.0202378,50.208332,13.541667,0.22058333,14.931249,20.115635,3.504912,19.36,22.0,7.95,0.0,0.3,0.5,7.0,35.0,45.0,66.0,16.0,7.0,7.0,1.9
2015-04-03,,4.7327533,12.6449995,43.451385,1.2416667,1.1173227,98.083336,14.366666,0.20729166,14.022916,43.37557,4.4207873,24.5,20.2,8.1,0.0,0.3,0.5,9.0,30.0,44.0,52.0,12.0,4.0,7.0,1.9
2015-04-04,,9.477306,22.529999,45.40415,1.1958333,0.9705332,22.833334,14.14375,0.19333333,14.045835,41.702568,4.292804,24.89,21.55,5.45,0.0,0.2,0.5,6.0,29.0,38.0,62.0,9.0,5.0,7.0,1.7
2015-04-05,,5.636154,16.89,44.35083,0.7520833,1.0560939,0.33333334,14.354167,0.17725001,13.452085,96.98926,4.1438446,23.03,20.1,7.05,0.0,0.2,0.5,7.0,31.0,42.0,67.0,14.0,4.0,7.0,1.6
2015-04-06,,9.041701,22.62,56.932404,4.5125003,0.74965006,33.458332,14.595833,0.16445833,12.668748,121.04464,4.498035,24.95,19.05,7.7,0.0,0.3,0.5,11.0,33.0,50.0,61.0,18.0,8.0,8.0,1.7
2015-04-07,23.0,10.34215,24.299997,48.9588,0.45625004,0.8415006,22.833334,14.320832,0.15266667,10.572919,104.625565,3.53902,20.13,16.6,4.75,0.5,0.4,0.5,13.0,33.0,52.0,70.0,21.0,8.0,7.0,2.0
2015-04-08,8.0,9.429866,25.199999,48.823093,-0.6375,0.7314518,56.541668,12.672916,0.142875,8.618751,81.475876,1.5080259,8.09,11.7,5.35,3.4,0.4,0.5,10.0,37.0,52.0,80.0,19.0,8.0,7.0,1.2
2015-04-09,2.0,7.496649,17.894999,70.08326,3.2979167,0.33935472,84.5,10.037499,0.17395835,10.470834,107.50094,2.7456636,17.63,16.2,5.3,0.1,0.6,0.6,16.0,52.0,76.0,53.0,15.0,9.0,8.0,1.8
2015-04-10,0.0,5.7841353,15.48,68.601906,4.69375,0.4598998,66.0,11.891666,0.19229166,12.258334,53.737484,3.8095853,22.27,19.2,5.2,0.0,0.6,0.6,17.0,56.0,83.0,46.0,25.0,16.0,8.0,1.9
2015-04-11,2.0,7.6482844,19.08,63.924145,4.61875,0.6507016,26.75,13.383334,0.18154167,13.866668,77.517525,4.0929313,22.35,20.4,8.8,0.6,0.5,0.6,10.0,42.0,58.0,56.0,22.0,12.0,8.0,1.6
2015-04-12,1.0,10.407236,22.635,59.446472,5.054167,0.7635419,29.458334,14.756249,0.16733332,15.110416,91.80008,5.086002,23.65,21.95,8.25,0.0,0.4,0.5,7.0,38.0,48.0,61.0,30.0,13.0,8.0,1.0
2015-04-13,6.0,14.241141,31.5,45.56123,2.39375,1.090487,30.125,15.108334,0.15083332,15.885417,90.97099,5.117315,20.83,24.0,7.85,0.0,0.5,0.6,12.0,42.0,60.0,63.0,45.0,16.0,7.0,1.5
2015-04-14,5.0,12.58192,28.199999,39.75736,0.98541665,1.2599592,69.541664,15.41875,0.13287501,14.310418,103.597984,3.5193524,18.08,19.1,9.55,0.8,0.4,0.6,15.0,46.0,69.0,63.0,45.0,16.0,7.0,2.1
2015-04-15,3.0,7.065973,18.96,47.560474,2.8208332,0.88922805,85.958336,15.183333,0.12658334,12.620833,217.54512,2.5379627,14.95,16.6,9.1,2.8999996,0.5,0.6,18.0,54.0,82.0,58.0,30.0,14.0,8.0,2.5
2015-04-16,3.0,10.126633,23.339998,73.18284,7.508333,0.43210137,70.625,14.568749,0.16691667,13.65625,223.11699,3.5800028,19.92,19.45,8.55,0.3,0.5,0.6,22.0,47.0,81.0,39.0,18.0,12.0,8.0,2.0
2015-04-17,1.0,7.9458423,19.38,63.83983,6.0499997,0.6644797,66.25,14.904167,0.16341667,12.385417,229.58835,3.9013891,22.49,17.55,7.05,0.1,0.7,0.7,22.0,51.0,85.0,46.0,24.0,14.0,8.0,3.3
2015-04-18,1.0,12.380093,27.914999,59.56911,3.6604166,0.6547291,39.833332,13.972917,0.1505,11.729165,276.15173,3.919566,23.89,18.15,5.95,0.0,0.5,0.6,19.0,50.0,78.0,45.0,26.0,14.0,7.0,2.3
2015-04-19,2.0,6.076463,17.385,54.04994,1.5729166,0.74337167,37.208332,14.195832,0.13633333,13.314584,49.844044,4.5874414,26.62,20.75,5.2,0.0,0.3,0.5,7.0,34.0,45.0,66.0,9.0,5.0,7.0,1.1
2015-04-20,2.0,6.486937,16.74,47.604717,1.5166668,0.96227545,32.958332,15.522916,0.121125005,15.462502,96.819214,4.8709874,23.66,22.25,8.45,0.0,0.4,0.6,14.0,51.0,73.0,56.0,16.0,8.0,8.0,2.1
2015-04-21,7.0,11.100742,25.68,46.97107,3.1020832,1.0679219,73.791664,16.770834,0.108,14.683333,169.90256,4.118133,21.47,20.4,8.1,0.2,0.4,0.6,13.0,46.0,65.0,67.0,18.0,8.0,8.0,2.6
2015-04-22,2.0,8.65071,22.5,55.74374,5.460417,0.80509835,33.291668,16.566668,0.1095,15.787502,231.45168,4.953868,26.69,22.95,8.55,0.0,0.4,0.6,15.0,49.0,73.0,66.0,22.0,11.0,8.0,2.0
2015-04-23,1.0,6.372518,17.085,52.758953,4.4249997,1.0399097,69.291664,18.0,0.10320833,16.489582,226.73564,3.6990411,16.25,22.65,10.45,0.0,0.6,0.7,28.0,67.0,110.0,45.0,30.0,14.0,8.0,4.3
2015-04-24,0.0,8.1614,19.845,48.13229,4.9874997,1.0569712,95.166664,17.4125,0.09479167,14.595832,223.16716,3.4644234,15.58,17.85,9.8,0.0,0.8,0.7,35.0,73.0,126.0,36.0,31.0,14.0,9.0,5.2
2015-04-25,1.0,12.753648,29.294998,60.84503,6.49375,0.68958896,81.833336,16.375,0.09170833,12.104165,223.00388,1.7389306,9.79,14.15,10.25,10.1,0.3,0.5,13.0,36.0,57.0,57.0,14.0,7.0,8.0,1.1
2015-04-26,1.0,12.513104,28.245,77.08013,7.7937503,0.32353908,85.958336,13.758334,0.16066666,11.825001,266.99176,3.3004441,18.14,17.05,6.3,0.1,0.2,0.5,9.0,32.0,45.0,47.0,7.0,6.0,7.0,0.8
2015-04-27,3.0,10.023118,23.265,59.23406,3.4354165,0.64244545,43.5,13.079166,0.21954167,12.272916,269.54523,3.4198246,19.41,17.6,6.05,0.0,0.4,0.6,22.0,50.0,84.0,42.0,9.0,7.0,8.0,1.9
2015-04-28,1.0,7.0331516,17.55,60.114246,4.1375003,0.6609123,70.375,13.752083,0.19429167,14.350001,251.09676,4.1040616,22.11,20.55,8.55,0.0,0.7,0.7,18.0,48.0,76.0,47.0,9.0,7.0,8.0,2.8
2015-04-29,0.0,7.7839494,18.074999,56.541325,4.86875,0.8184301,61.791668,15.529167,0.17025,15.099998,246.84485,4.4471345,24.29,22.25,8.45,0.0,0.5,0.6,21.0,48.0,80.0,50.0,14.0,10.0,8.0,2.1
2015-04-30,0.0,6.587847,18.615,58.391693,6.504167,0.8435994,78.916664,16.845833,0.14633334,16.597914,232.32336,3.5545633,17.33,21.75,10.45,0.0,0.6,0.6,36.0,59.0,113.0,38.0,22.0,12.0,8.0,4.3
2015-05-01,1.0,8.8249445,22.529999,65.72778,9.670834,0.7537405,94.791664,17.481249,0.12825,19.049997,219.09383,4.931359,23.58,26.25,12.1,0.0,0.3,0.4,11.0,35.0,52.0,44.0,17.0,9.0,7.0,1.5
2015-05-02,0.0,10.777397,25.229998,64.571945,11.391666,0.9688301,89.208336,20.025,0.11466667,18.791666,217.39021,3.8800943,15.4,23.9,14.9,0.0,0.2,0.3,16.0,27.0,51.0,22.0,16.0,9.0,7.0,1.2
2015-05-03,1.0,10.271623,25.845,56.1038,9.368751,1.0188698,96.958336,19.397917,0.102291666,19.410418,209.38048,4.908983,17.57,26.2,14.3,0.1,0.3,0.4,16.0,41.0,65.0,36.0,21.0,11.0,7.0,1.3
2015-05-04,1.0,15.821864,35.235,55.62518,8.743751,1.1434671,95.958336,20.127085,0.09629167,15.166667,226.48474,4.880226,24.24,20.05,10.7,0.0,0.4,0.4,26.0,45.0,85.0,38.0,31.0,13.0,9.0,2.0
2015-05-05,0.0,14.278587,34.05,53.811077,4.758333,0.85578066,52.791668,18.85,0.089541666,14.58125,236.88112,5.061036,28.21,21.15,7.95,0.0,0.5,0.4,17.0,36.0,62.0,65.0,14.0,7.0,8.0,1.7
2015-05-06,0.0,6.069166,16.26,44.72372,1.2833333,1.0740732,39.75,18.68125,0.08449999,18.483332,216.62796,5.8887277,28.71,26.9,8.95,0.0,0.5,0.4,19.0,54.0,84.0,54.0,19.0,9.0,8.0,3.0
2015-05-07,1.0,7.303185,18.285,35.963795,1.9479166,1.6035196,24.375,21.029167,0.07904167,18.354168,236.71365,5.302928,23.81,24.3,12.15,0.0,0.7,0.5,27.0,76.0,118.0,45.0,28.0,13.0,10.0,4.1
2015-05-08,4.0,11.958371,27.269999,45.79282,5.5833335,1.2283028,23.125,20.706251,0.07558333,19.364586,177.79749,5.3115115,28.6,26.9,10.4,0.0,0.6,0.5,22.0,49.0,83.0,53.0,22.0,10.0,9.0,2.7
2015-05-09,2.0,3.9960966,12.06,47.142822,6.402083,1.4515089,50.541668,22.989584,0.07345834,23.077082,92.0454,6.318988,28.55,30.55,14.8,0.0,0.5,0.4,28.0,65.0,108.0,51.0,28.0,13.0,9.0,2.6
2015-05-10,3.0,7.371718,17.295,33.33329,4.4895835,2.127298,65.875,25.289583,0.07025,23.525002,89.67994,6.525863,28.65,31.65,14.5,0.0,0.9,0.5,30.0,60.0,106.0,62.0,35.0,16.0,10.0,3.9
2015-05-11,3.0,6.83454,16.065,30.550735,3.98125,2.262842,84.916664,25.935417,0.06825,24.581253,195.16133,6.978705,29.37,33.2,14.7,0.0,0.7,0.5,35.0,71.0,125.0,61.0,41.0,18.0,10.0,3.5
2015-05-12,4.0,7.728005,18.119999,29.75089,4.352083,2.451382,3.875,26.852083,0.06675,26.90625,230.673,7.628779,27.99,35.4,17.3,0.0,0.7,0.5,20.0,78.0,109.0,61.0,38.0,15.0,10.0,4.1
2015-05-13,0.0,9.442738,23.22,26.800611,4.5291667,2.9096825,67.166664,27.508333,0.06583333,25.068748,276.1454,8.051425,28.02,32.55,18.45,0.0,0.9,0.6,51.0,97.0,176.0,27.0,63.0,27.0,11.0,6.6
2015-05-14,21.0,13.010591,31.095,26.102793,1.7104167,2.4953215,56.291668,26.858332,0.06508333,17.254168,356.41324,6.6657767,29.67,22.7,11.15,0.0,0.5,0.5,21.0,66.0,99.0,52.0,50.0,20.0,9.0,4.8
2015-05-15,0.0,16.001518,35.414997,35.150017,1.0229167,1.3216952,6.8333335,22.300001,0.06525,18.100002,27.69459,6.629155,29.97,26.75,9.45,0.0,0.6,0.3,4.0,23.0,29.0,80.0,18.0,5.0,8.0,1.3
2015-05-16,9.0,12.019479,26.849998,37.001965,1.6291667,1.5610293,0.625,22.397917,0.0655,20.689583,42.50341,6.31754,29.86,28.65,11.85,0.0,0.5,0.3,4.0,29.0,36.0,71.0,10.0,5.0,8.0,1.0
2015-05-17,4.0,7.9004974,19.109999,34.23675,2.7604167,1.8706816,1.2916666,24.4625,0.064833336,22.777082,280.2221,7.1090717,29.61,30.4,14.35,0.0,0.5,0.3,13.0,37.0,57.0,68.0,17.0,7.0,9.0,1.1
2015-05-18,21.0,8.768073,22.919998,29.328245,2.3083334,2.1850867,32.375,26.239584,0.06404167,18.4125,18.549185,5.4461675,24.33,22.85,14.05,1.3000001,0.5,0.4,15.0,57.0,80.0,63.0,25.0,12.0,10.0,2.4
2015-05-19,27.0,15.687537,35.204998,43.649673,4.9645834,1.1700464,37.041668,22.141668,0.07045833,14.535417,12.737829,5.9024863,29.8,21.15,7.75,0.0,0.2,0.4,9.0,42.0,56.0,52.0,19.0,7.0,9.0,2.6
2015-05-20,8.0,12.458724,27.974998,37.862972,-0.92083335,1.147591,14.75,19.908333,0.0765,14.695832,26.807007,6.040977,30.44,21.15,8.25,0.0,0.4,0.4,6.0,31.0,41.0,73.0,13.0,6.0,9.0,4.2
2015-05-21,10.0,12.979026,30.044998,37.827866,-0.72291666,1.1501718,0.20833333,20.018751,0.07095833,14.925,37.46784,6.296422,30.85,21.95,7.9,0.0,0.2,0.3,6.0,31.0,40.0,75.0,10.0,5.0,9.0,2.4
2015-05-22,4.0,13.659152,30.81,34.160954,-2.2250001,1.259194,1.2083334,19.94375,0.068125,16.062498,38.54369,6.2698474,29.19,23.05,8.95,0.0,0.2,0.4,7.0,36.0,46.0,72.0,14.0,7.0,9.0,1.5
2015-05-23,3.0,14.24562,32.355,38.32596,0.5833333,1.2740532,13.791667,20.683332,0.066875,17.120834,50.903065,5.5180635,22.69,23.0,10.2,0.0,0.3,0.3,4.0,26.0,32.0,78.0,15.0,8.0,9.0,1.0
2015-05-24,4.0,13.666871,32.07,40.520363,2.6270833,1.3081806,56.75,20.995832,0.06645834,18.920834,32.050884,4.784903,20.79,24.45,12.05,0.0,0.3,0.3,4.0,23.0,29.0,73.0,13.0,6.0,9.0,0.7
2015-05-25,6.0,8.374473,24.0,40.40649,3.8979168,1.4461713,43.416668,22.210417,0.06595833,19.602083,14.016003,6.904744,30.81,27.1,11.25,0.0,0.3,0.3,8.0,36.0,48.0,65.0,14.0,7.0,9.0,1.5
2015-05-26,20.0,10.195697,24.36,35.34196,1.7479167,1.6734113,0.33333334,23.8125,0.065124996,20.525,41.972336,6.5357704,30.6,28.35,12.0,0.0,0.3,0.3,8.0,35.0,48.0,63.0,13.0,7.0,9.0,1.7
2015-05-27,15.0,8.9976015,22.125,31.869253,1.6395832,1.8979982,0.33333334,24.5875,0.06429166,22.885416,27.040436,6.8473315,29.37,30.0,14.85,0.1,0.3,0.4,9.0,45.0,59.0,63.0,17.0,7.0,9.0,2.2
2015-05-28,23.0,8.096854,20.714998,32.99093,4.6354165,2.0798423,8.041667,26.741667,0.06379167,22.458334,195.15408,6.1951904,26.62,30.15,15.45,2.0,0.4,0.4,16.0,59.0,83.0,71.0,31.0,14.0,11.0,3.0
2015-05-29,11.0,8.190551,19.815,38.080673,6.1458335,1.8000807,40.958332,26.245834,0.06970834,21.391665,273.62842,5.915799,28.46,28.15,14.35,0.2,0.4,0.5,17.0,67.0,93.0,56.0,32.0,13.0,12.0,4.1
2015-05-30,5.0,7.067472,17.58,46.133514,7.960417,1.5601624,12.541667,25.208334,0.084375,21.816668,326.68936,6.0822315,29.5,28.2,13.55,0.0,0.3,0.4,8.0,52.0,65.0,60.0,24.0,13.0,11.0,2.6
2015-05-31,4.0,6.073131,16.935,38.91538,5.3416667,1.8288623,12.375,25.449999,0.078208335,22.781252,272.2905,6.549171,29.52,29.5,13.95,0.0,0.4,0.3,5.0,39.0,47.0,68.0,23.0,12.0,11.0,1.3
2015-06-01,1.0,7.150491,18.39,34.13837,4.975,2.0345151,29.708334,26.46875,0.0695,24.049997,221.72937,6.5451164,28.06,30.75,15.3,0.0,0.4,0.4,13.0,54.0,74.0,59.0,28.0,14.0,11.0,2.3
2015-06-02,4.0,7.353382,18.57,34.999413,6.0770836,2.1671443,24.916666,27.633333,0.066250004,25.154167,112.69076,6.2743273,26.52,31.15,17.05,0.0,0.4,0.4,16.0,59.0,83.0,58.0,31.0,14.0,11.0,2.6
2015-06-03,4.0,7.08943,16.545,31.888624,6.3416667,2.3774078,26.5,28.789583,0.064666666,25.304167,139.03783,6.9498987,29.61,31.0,18.2,0.0,0.4,0.4,12.0,52.0,71.0,73.0,33.0,15.0,11.0,2.7
2015-06-04,2.0,6.62468,17.205,22.135406,1.2979167,2.6204526,19.125,29.40625,0.06354167,24.533333,117.474335,6.6990376,29.66,30.6,16.45,0.0,0.3,0.3,4.0,32.0,39.0,87.0,25.0,9.0,11.0,3.8
2015-06-05,7.0,5.950072,16.335,24.133146,1.8312501,2.4861827,31.375,28.908333,0.06329167,25.027084,60.633625,6.4811273,27.53,31.55,16.9,0.0,0.3,0.4,9.0,48.0,62.0,79.0,28.0,12.0,12.0,1.9
2015-06-06,12.0,6.8902817,18.824999,27.494421,3.6395833,2.5173128,62.625,29.0875,0.06283333,25.939583,65.3177,7.2945666,28.72,31.9,19.05,0.0,0.4,0.3,4.0,42.0,49.0,88.0,29.0,14.0,11.0,1.7
2015-06-07,4.0,8.1771145,21.419998,23.068693,2.4791667,2.7064993,26.083334,30.127083,0.06279167,25.424997,82.58009,6.370183,29.61,31.45,17.3,0.0,0.3,0.3,3.0,37.0,42.0,92.0,23.0,11.0,11.0,1.0
2015-06-08,2.0,4.722489,14.82,20.279734,0.035416663,2.76249,17.75,30.083334,0.06254167,25.414583,45.522392,6.9792647,27.44,30.95,19.6,0.0,0.4,0.4,6.0,57.0,66.0,87.0,34.0,13.0,11.0,1.8
2015-06-09,12.0,8.607329,25.529999,28.901283,5.0187497,2.390351,54.125,29.764582,0.063208334,22.431252,208.61848,5.6266575,23.67,26.9,18.25,0.6,0.2,0.4,5.0,53.0,60.0,83.0,32.0,14.0,11.0,2.2
2015-06-10,4.0,10.635659,27.404999,45.92735,9.735416,1.5203347,52.541668,26.512499,0.07170833,19.089584,215.27983,3.815917,19.44,22.1,15.95,7.2,0.3,0.4,6.0,49.0,58.0,58.0,29.0,19.0,11.0,1.5
2015-06-11,1.0,9.335049,24.75,63.94363,11.583333,0.8003595,76.0,22.854166,0.118,17.629168,220.4572,4.7854075,23.87,22.15,13.4,0.0,0.3,0.4,14.0,55.0,77.0,42.0,25.0,16.0,11.0,1.8
2015-06-12,1.0,11.5855255,28.44,58.07497,8.339583,0.9231508,40.125,21.204166,0.13683333,16.352083,231.66347,4.3327036,20.84,20.25,12.1,0.0,0.3,0.4,14.0,57.0,78.0,47.0,20.0,11.0,11.0,1.7
2015-06-13,3.0,10.525639,25.845,47.02238,4.516667,1.0203673,60.125,19.6375,0.11766667,15.600001,225.38744,4.8978596,25.53,20.4,10.8,0.2,0.3,0.4,7.0,56.0,67.0,58.0,19.0,10.0,11.0,1.0
2015-06-14,2.0,10.957131,26.699999,52.586506,5.508333,0.8964247,36.25,19.814583,0.10225,14.299999,145.82297,2.6332834,15.0,18.6,10.75,10.8,0.2,0.3,5.0,46.0,54.0,64.0,14.0,7.0,11.0,0.6
2015-06-15,2.0,3.7906406,14.804999,69.158936,8.252084,0.5527418,82.375,17.497917,0.19595833,17.341665,10.719249,4.406634,21.54,22.65,11.25,0.0,0.3,0.3,5.0,41.0,49.0,67.0,7.0,4.0,11.0,0.9
2015-06-16,2.0,7.497322,19.019999,55.42569,7.4708333,1.0154233,47.083332,19.081251,0.21262501,19.070833,29.732595,6.024681,29.24,26.7,10.9,0.0,0.4,0.4,5.0,40.0,47.0,62.0,13.0,8.0,11.0,1.7
2015-06-17,4.0,9.698733,22.11,50.12437,7.13125,1.3194405,5.0,20.956251,0.17154168,21.141665,39.33923,6.4493318,31.03,28.1,13.35,0.0,0.4,0.3,5.0,41.0,48.0,63.0,14.0,8.0,11.0,3.7
2015-06-18,2.0,8.597374,21.164999,42.478363,6.93125,1.6520324,0.0,23.397917,0.12962501,23.356253,13.59891,7.05559,31.2,30.75,14.95,0.0,0.4,0.4,9.0,49.0,63.0,77.0,22.0,12.0,11.0,2.3
2015-06-19,6.0,8.74903,20.775,39.155556,7.183333,2.008525,0.0,25.945833,0.09916666,24.652082,34.39338,6.667571,31.65,32.05,15.65,0.0,0.4,0.4,5.0,46.0,53.0,66.0,18.0,12.0,11.0,3.0
2015-06-20,3.0,6.204174,17.205,28.225588,2.14375,2.534689,0.0,27.975,0.08141667,26.518751,325.0079,7.561375,30.56,34.05,17.95,0.0,0.3,0.4,10.0,44.0,60.0,76.0,14.0,8.0,11.0,1.5
2015-06-21,1.0,7.8409896,20.835,29.201067,5.960417,2.7327738,16.0,29.793749,0.073125,26.362501,230.795,6.8951383,25.46,32.0,19.65,0.0,0.4,0.4,4.0,43.0,49.0,81.0,22.0,13.0,11.0,1.5
2015-06-22,1.0,9.480763,25.289999,30.602262,6.8895836,2.472672,55.083332,29.222916,0.069375,23.658339,301.3768,6.04304,26.14,30.1,18.0,3.3,0.4,0.5,19.0,76.0,104.0,63.0,34.0,19.0,13.0,3.4
2015-06-23,4.0,7.880422,20.205,45.808636,10.229167,1.6965882,48.125,27.954168,0.074083336,23.0375,329.83276,5.553905,26.05,28.95,17.05,0.0,0.5,0.4,7.0,56.0,68.0,67.0,25.0,15.0,12.0,2.2
2015-06-24,2.0,5.346174,15.435,47.156803,10.033334,1.672246,39.916668,27.543749,0.08183333,24.68125,187.68385,6.2658615,29.22,31.55,16.9,0.0,0.4,0.4,5.0,47.0,55.0,78.0,17.0,11.0,12.0,2.1
2015-06-25,1.0,5.863773,15.884999,41.034626,8.508333,2.1205842,7.2916665,28.9125,0.073583335,27.016665,260.74905,7.0891733,29.91,33.9,18.7,0.0,0.5,0.4,8.0,58.0,70.0,73.0,25.0,14.0,12.0,2.0
2015-06-26,1.0,6.2206726,16.964998,28.654243,5.7958336,2.8284485,20.25,30.491667,0.06791667,28.47708,274.02817,7.4917197,30.9,35.85,18.55,0.0,0.7,0.6,20.0,86.0,117.0,53.0,34.0,20.0,13.0,5.2
2015-06-27,2.0,6.7138295,17.82,26.14364,5.04375,3.2226202,1.4583334,31.991667,0.065124996,29.85417,277.9382,7.6167316,30.92,37.45,19.5,0.0,0.6,0.5,15.0,69.0,93.0,73.0,34.0,21.0,13.0,2.3
2015-06-28,0.0,6.6835656,16.964998,23.70623,5.0270834,3.587353,1.7083334,33.283333,0.06375,31.252085,24.820623,8.1059675,30.48,38.6,23.0,0.0,0.4,0.4,8.0,63.0,76.0,75.0,31.0,19.0,13.0,1.7
2015-06-29,1.0,8.070014,21.495,22.625925,5.0520835,3.8854449,2.7916667,34.497917,0.062875,31.125,193.86464,8.538688,29.95,38.5,22.0,0.0,0.5,0.5,13.0,70.0,90.0,80.0,40.0,22.0,13.0,2.4
2015-06-30,0.0,9.6567545,24.224998,19.926527,4.233333,3.83311,4.5416665,34.045834,0.0625,29.266663,216.1438,8.405162,29.69,35.65,22.25,0.0,0.5,0.5,11.0,68.0,85.0,72.0,44.0,20.0,13.0,4.3
2015-07-01,4.0,10.175403,22.769999,21.747078,4.2770834,3.344776,29.333334,32.96875,0.062166665,27.820833,221.15515,7.8247232,30.72,33.1,21.65,0.0,0.5,0.4,8.0,62.0,75.0,74.0,37.0,17.0,13.0,2.6
2015-07-02,0.0,8.341655,22.32,26.283218,5.804167,2.8809443,41.75,32.79375,0.061999995,29.152084,178.65842,8.0829,29.69,36.45,21.75,0.0,0.4,0.4,9.0,54.0,68.0,63.0,27.0,12.0,12.0,1.7
2015-07-03,1.0,10.21072,25.515,31.893097,9.58125,3.0205936,17.625,32.958332,0.061875,29.74792,185.48015,7.7093163,29.19,36.55,21.9,0.3,0.3,0.4,9.0,53.0,67.0,71.0,40.0,18.0,13.0,2.3
2015-07-04,0.0,8.304878,21.33,31.070185,9.974999,3.09528,8.333333,33.556248,0.06308333,30.260416,213.222,7.7731023,28.93,36.9,22.2,0.0,,0.4,5.0,42.0,49.0,75.0,33.0,14.0,12.0,
2015-07-05,2.0,8.141019,21.015,25.682207,7.285417,3.4331224,44.208332,33.652084,0.063541666,31.63125,229.46867,8.259857,29.07,38.65,23.65,0.0,,0.4,11.0,55.0,73.0,63.0,41.0,18.0,12.0,
2015-07-06,0.0,8.81907,23.039999,21.60855,6.147917,3.909654,18.75,34.160416,0.061875,31.485418,228.07043,9.264569,30.28,37.8,24.45,0.0,,0.5,22.0,84.0,118.0,37.0,52.0,23.0,12.0,
2015-07-07,3.0,12.298141,30.044998,19.116482,3.7020833,3.9292545,37.458332,33.79375,0.061541665,30.220833,264.78818,8.217508,30.78,37.65,20.5,0.0,0.5,0.5,29.0,87.0,132.0,37.0,53.0,22.0,11.0,2.8
2015-07-08,0.0,8.48957,20.699999,17.813906,1.1583333,3.8095448,18.958334,33.945835,0.061458334,29.591667,42.316288,8.716948,30.61,37.7,20.95,0.0,0.5,0.4,12.0,82.0,101.0,51.0,33.0,15.0,11.0,2.1
2015-07-09,0.0,10.664721,26.01,24.39335,4.78125,3.4968622,0.0,34.149998,0.061291665,30.066664,230.08102,8.830327,30.99,35.9,23.4,0.0,0.4,0.4,6.0,62.0,70.0,71.0,31.0,13.0,11.0,1.4
2015-07-10,0.0,10.285873,27.135,18.967663,2.7645833,3.577493,0.0,32.970833,0.06116667,28.718748,263.65985,7.745711,30.41,35.6,20.3,0.0,0.8,0.6,17.0,88.0,114.0,55.0,34.0,16.0,11.0,3.3
2015-07-11,1.0,7.6449165,20.31,24.13594,5.1458335,3.2275302,0.5,33.441666,0.061208334,29.381248,198.43448,8.009846,30.54,36.3,20.9,0.0,0.3,0.4,5.0,55.0,63.0,89.0,28.0,15.0,10.0,1.1
2015-07-12,,8.468822,20.625,25.680422,5.3020835,3.3310401,0.25,33.91875,0.06108333,30.25625,66.459915,8.001347,30.47,37.25,22.25,0.0,0.1,0.3,3.0,42.0,46.0,88.0,27.0,14.0,10.0,0.6
2015-07-13,,8.245946,21.119999,22.464499,3.8479166,3.644946,0.25,34.760418,0.061,30.933332,70.16788,8.386802,30.59,37.75,22.95,0.0,0.5,0.4,5.0,62.0,70.0,92.0,34.0,16.0,11.0,1.6
2015-07-14,0.0,8.509118,22.275,19.24228,2.41875,3.8714454,6.375,35.091667,0.061,30.643755,256.65137,7.8589396,29.13,38.25,21.4,0.0,0.4,0.4,11.0,67.0,84.0,87.0,34.0,16.0,11.0,2.4
2015-07-15,0.0,7.1042876,19.65,21.266489,4.3708334,3.74203,24.916666,34.870834,0.06125,30.927086,245.4099,6.853578,25.35,37.2,22.85,0.0,0.5,0.4,7.0,66.0,77.0,83.0,,,10.0,2.8
2015-07-16,0.0,6.6655083,21.99,22.267113,5.075,3.6927712,47.208332,33.720833,0.06504167,28.445831,283.91687,5.8888407,20.88,33.25,21.8,1.6999999,,,,,,,,,,
2015-07-17,0.0,7.258535,18.15,30.508947,8.602083,2.8059828,57.875,31.364584,0.072125,26.858335,226.13007,6.4205003,24.82,31.85,21.0,1.2,0.7,0.4,4.0,59.0,65.0,81.0,,,11.0,2.0
2015-07-18,2.0,9.34186,25.755,37.977413,10.522917,2.2763684,30.5,29.627083,0.08945834,26.706251,252.93837,6.52258,26.46,33.25,19.75,0.0,0.3,0.3,3.0,41.0,46.0,80.0,,,10.0,0.9
2015-07-19,1.0,6.9085083,18.285,36.205593,9.522917,2.4636369,57.083332,29.927084,0.086666666,28.825003,274.6858,6.681716,27.77,35.25,20.9,0.1,0.2,0.3,5.0,41.0,49.0,50.0,,,11.0,0.8
2015-07-20,1.0,6.2891154,17.655,34.541485,10.431251,2.8787415,19.875,32.787502,0.07145833,30.116667,236.71959,7.613582,26.65,35.7,23.9,0.1,,,,,,,,,,
2015-07-21,2.0,9.651428,24.089998,28.67977,8.802083,3.2061608,16.625,33.079166,0.0665,28.312498,347.7685,6.327889,25.05,34.8,21.0,0.8,,,,,,,,,,
2015-07-22,1.0,7.0370145,18.404999,38.98264,11.745833,2.550091,36.916668,32.672916,0.06645834,28.727083,60.64223,7.1294246,27.26,35.5,21.5,0.0,,,,,,,,,,
2015-07-23,0.0,8.7744255,23.025,35.707535,9.743751,2.8606827,7.875,33.024998,0.06758333,28.477081,273.4879,7.8216186,28.59,34.5,20.9,0.0,,,,,,,,,,
2015-07-24,2.0,9.894269,24.9,26.535295,6.2833333,3.01143,43.0,32.458332,0.06404167,26.804167,11.748694,6.4090433,28.71,32.5,19.65,0.0,0.9,0.6,20.0,69.0,99.0,46.0,26.0,15.0,12.0,3.8
2015-07-25,1.0,6.6114407,21.735,34.619884,8.654166,2.4862363,18.666666,32.256252,0.06270833,28.4,276.62387,7.5845213,29.06,35.5,20.8,0.0,0.4,0.3,4.0,35.0,41.0,73.0,16.0,9.0,11.0,0.9
2015-07-26,1.0,8.4150095,21.945,29.215368,7.2333336,3.005726,0.25,32.9375,0.062458333,29.391665,292.22763,7.2926917,28.83,36.15,22.0,0.0,0.2,0.3,3.0,32.0,37.0,73.0,20.0,11.0,11.0,0.7
2015-07-27,1.0,7.291395,18.839998,31.035711,8.989583,3.0789483,0.0,33.854168,0.061999995,29.48333,277.8316,7.7535944,28.83,36.5,21.2,0.0,0.6,0.4,11.0,45.0,62.0,48.0,18.0,9.0,12.0,1.5
2015-07-28,0.0,8.322966,20.91,23.764547,5.8333335,3.36586,3.375,33.845833,0.061541665,29.166664,293.62198,7.82624,29.48,35.45,20.95,0.0,0.5,0.4,11.0,60.0,76.0,53.0,24.0,12.0,12.0,2.4
2015-07-29,0.0,8.679346,21.51,24.049889,4.6833334,3.2662141,2.3333333,33.464584,0.061416667,27.287498,279.95056,6.471441,24.83,33.05,20.95,0.2,0.5,0.4,14.0,59.0,81.0,46.0,22.0,11.0,12.0,2.7
2015-07-30,1.0,8.231345,23.82,35.431828,9.79375,2.4512777,28.5,31.987501,0.062625,24.658335,289.7328,5.3518057,21.98,29.1,20.45,3.2999997,0.5,0.4,9.0,46.0,59.0,48.0,20.0,10.0,12.0,1.5
2015-07-31,2.0,8.202012,24.345,45.99298,11.566667,1.7155403,55.583332,29.064583,0.080375,23.8375,57.82877,6.0953817,28.35,29.9,18.0,0.0,0.4,0.4,14.0,42.0,63.0,39.0,18.0,8.0,12.0,2.0
2015-08-01,0.0,7.602264,19.289999,45.604115,9.983334,1.8406844,7.25,28.65,0.089375,26.75625,142.78093,6.334891,27.27,34.1,19.8,0.0,0.1,0.3,2.0,26.0,29.0,84.0,13.0,7.0,12.0,0.4
2015-08-02,0.0,7.171934,20.085,44.29707,11.864583,2.3074172,20.75,30.518751,0.073416665,28.393747,183.89003,6.2765594,22.42,35.05,20.2,1.2,0.3,0.4,9.0,39.0,53.0,69.0,26.0,13.0,12.0,0.9
2015-08-03,0.0,8.80129,21.945,39.4782,12.279167,2.5439057,28.375,30.775002,0.074625,27.93125,235.74498,6.6852183,27.31,33.9,21.0,0.0,0.3,0.4,14.0,61.0,82.0,53.0,38.0,17.0,12.0,2.1
2015-08-04,,7.3023753,19.394999,34.01766,9.004167,2.6717234,11.375,31.518751,0.07716667,28.377089,220.14407,7.9830437,27.69,35.65,20.5,0.0,0.3,0.4,8.0,50.0,62.0,68.0,31.0,13.0,11.0,1.6
2015-08-05,,10.728171,25.664999,23.175608,3.70625,3.202384,56.791668,31.135416,0.06725,29.277082,228.28098,8.023944,28.14,36.5,22.1,0.0,0.5,0.4,11.0,63.0,79.0,59.0,28.0,13.0,12.0,2.1
2015-08-06,,9.538518,24.24,14.312858,-1.2604166,3.6998284,7.9166665,31.720833,0.06454167,29.429163,226.574,8.178976,27.64,36.3,21.95,0.0,0.3,0.5,20.0,73.0,104.0,49.0,31.0,14.0,12.0,3.7
2015-08-07,,10.2007,25.845,16.112635,0.57916665,3.6278822,29.208334,32.429165,0.0635,27.862501,258.73996,6.469025,21.54,32.4,23.7,0.3,0.5,0.6,20.0,62.0,92.0,51.0,63.0,22.0,12.0,2.7
2015-08-08,,9.8252,27.029999,28.66671,6.9083333,2.6895168,54.416668,31.047918,0.064125,24.991667,27.851192,6.515051,28.67,32.9,16.9,0.0,0.2,0.4,3.0,33.0,39.0,73.0,59.0,29.0,12.0,0.5
2015-08-09,,8.389926,22.62,29.926592,3.2708333,2.5682666,0.0,30.420832,0.06345833,27.333334,290.9246,6.9428263,26.94,35.25,18.7,0.0,0.2,0.3,3.0,28.0,33.0,75.0,19.0,11.0,12.0,0.5
2015-08-10,0.0,7.181681,22.409998,30.420973,7.0145836,2.8479376,15.541667,31.745834,0.0625,28.362503,217.82576,7.267532,26.46,33.35,22.0,0.0,0.2,0.4,8.0,43.0,56.0,63.0,30.0,12.0,12.0,1.1
2015-08-11,0.0,10.723576,26.099998,31.064692,9.010417,2.7523797,8.333333,31.956251,0.062041666,26.85,229.26637,7.231587,23.06,33.2,19.65,0.0,0.2,0.4,9.0,51.0,66.0,54.0,50.0,19.0,12.0,3.0
2015-08-12,0.0,11.902387,27.449999,26.69046,5.258333,2.697591,48.458332,30.314583,0.06295833,22.88125,283.25027,6.283906,23.4,28.0,18.1,0.1,0.2,0.4,15.0,54.0,78.0,52.0,31.0,13.0,11.0,1.7
2015-08-13,0.0,11.793788,27.87,37.90486,6.7208333,1.7846245,21.083334,27.302084,0.07045833,21.293749,323.69168,4.886984,20.08,26.7,15.9,0.0,0.1,0.3,5.0,31.0,39.0,55.0,15.0,6.0,11.0,0.9
2015-08-14,0.0,8.209253,20.4,40.612244,6.3229165,1.629049,64.083336,26.177084,0.06516667,22.143751,332.22156,5.0062246,19.94,26.6,16.45,0.0,0.1,0.4,5.0,32.0,40.0,57.0,15.0,6.0,11.0,0.9
2015-08-15,0.0,6.98052,18.914999,30.59864,3.6145833,1.9268922,48.833332,26.335417,0.0635,22.745834,215.28117,4.9493465,18.2,28.15,17.1,0.0,0.1,0.3,3.0,23.0,26.0,68.0,10.0,5.0,11.0,0.5
2015-08-16,0.0,8.186248,21.75,38.35293,7.5875,1.8022438,54.041668,26.589584,0.063,24.660414,267.97867,4.705066,18.27,29.15,19.4,0.0,0.1,0.3,4.0,26.0,32.0,59.0,13.0,6.0,11.0,0.5
2015-08-17,1.0,6.894853,17.984999,39.18992,9.270833,2.000332,61.125,28.272917,0.0625,25.193748,17.412014,6.1816883,24.43,31.5,18.65,0.0,0.1,0.3,6.0,35.0,44.0,49.0,18.0,8.0,12.0,0.5
2015-08-18,1.0,9.585164,25.019999,35.79293,7.6354165,2.244746,39.25,29.477083,0.061999995,25.070833,64.81829,6.518671,25.0,31.4,19.2,0.0,0.1,0.3,4.0,29.0,34.0,67.0,18.0,9.0,12.0,1.7
2015-08-19,0.0,8.703896,23.94,34.857475,7.9041667,2.2374418,21.291666,30.141668,0.06179167,26.90417,101.768295,6.3161387,25.35,33.6,19.65,0.0,0.2,0.3,9.0,38.0,52.0,71.0,25.0,10.0,12.0,0.7
2015-08-20,0.0,7.4911094,18.66,35.986168,8.506249,2.5688083,16.5,30.852083,0.061583336,27.185415,78.14024,5.605341,21.51,33.2,20.25,0.0,0.2,0.4,10.0,48.0,63.0,65.0,27.0,11.0,12.0,1.9
2015-08-21,0.0,7.8105416,20.31,42.622456,11.652083,2.2038188,42.625,30.383333,0.064,24.706253,222.72954,5.5961356,21.87,30.1,19.4,0.0,0.2,0.4,14.0,49.0,70.0,57.0,34.0,13.0,13.0,2.5
2015-08-22,0.0,9.4741745,23.115,49.164165,12.291667,1.727261,43.125,28.90625,0.06891667,21.702082,235.71953,5.9711266,23.4,25.85,17.55,0.0,0.1,0.3,3.0,31.0,36.0,76.0,21.0,11.0,12.0,1.7
2015-08-23,0.0,16.300322,36.149998,44.65498,8.145833,1.4708973,48.458332,26.083334,0.06566667,19.633333,262.8868,4.391256,19.17,24.55,15.35,1.5,0.1,0.3,6.0,27.0,36.0,49.0,20.0,11.0,12.0,0.4
2015-08-24,0.0,9.251373,24.63,49.12424,7.508333,1.2565104,30.125,23.84375,0.08008333,21.077082,51.04404,5.181124,25.67,28.3,12.85,0.0,0.1,0.3,6.0,29.0,38.0,62.0,12.0,5.0,11.0,0.5
2015-08-25,0.0,5.14358,15.044999,37.8093,5.0812497,1.7765751,0.0,25.314583,0.074625,24.006248,218.03177,6.1872573,25.25,31.6,15.9,0.0,0.1,0.4,14.0,49.0,70.0,61.0,22.0,8.0,12.0,1.2
2015-08-26,0.0,9.16446,23.039999,41.552498,8.154166,2.042479,17.083334,27.268751,0.067625,24.793747,224.30559,6.6942353,24.88,31.55,17.55,0.0,0.5,0.5,23.0,62.0,97.0,49.0,32.0,15.0,13.0,3.4
2015-08-27,0.0,10.969018,25.275,33.380047,6.2333336,2.2799098,43.416668,27.602083,0.06504167,25.929169,233.67305,5.874477,24.99,33.35,17.3,0.0,0.4,0.4,18.0,56.0,83.0,41.0,26.0,10.0,12.0,2.5
2015-08-28,0.0,6.0667205,15.255,32.19221,6.8624997,2.5374737,13.166667,29.314583,0.06354167,27.897917,106.68273,6.372163,24.29,34.9,19.8,0.0,0.4,0.5,38.0,68.0,126.0,40.0,23.0,10.0,13.0,2.8
2015-08-29,0.0,8.017787,20.46,31.794092,8.8125,2.8050158,34.083332,30.94375,0.062625,27.493752,144.88579,6.095783,21.84,35.1,21.7,1.2,0.1,0.3,5.0,34.0,41.0,64.0,,,13.0,0.9
2015-08-30,1.0,8.57602,21.735,41.296886,12.347917,2.278062,50.875,31.085417,0.06825,24.13125,189.57018,3.6523273,16.22,27.45,20.9,3.3,0.1,0.3,4.0,25.0,31.0,66.0,31.0,14.0,12.0,0.5
2015-08-31,0.0,6.2695403,18.914999,58.80965,14.908333,1.2549108,48.541668,26.977083,0.08179167,22.339584,120.80138,3.9537861,17.91,27.95,16.2,0.0,0.4,0.4,15.0,44.0,67.0,37.0,33.0,15.0,12.0,2.9
2015-09-01,0.0,6.277309,15.525001,56.65251,12.125,1.3696197,51.541668,25.772917,0.083333336,23.383333,210.96364,4.8953705,20.44,29.05,17.05,0.0,0.4,0.4,12.0,51.0,70.0,46.0,26.0,13.0,12.0,3.0
2015-09-02,2.0,8.405295,21.51,49.3529,10.747917,1.6438174,44.791668,26.633333,0.073875,22.214582,230.74702,4.672883,21.55,26.55,16.85,0.0,0.4,0.4,14.0,49.0,71.0,52.0,28.0,14.0,12.0,2.7
2015-09-03,0.0,6.4906754,20.67,37.41496,6.0458336,1.7339679,43.791668,26.402084,0.06891667,19.727083,24.724838,4.5109386,19.49,25.1,15.45,3.1,0.3,0.4,13.0,46.0,67.0,67.0,27.0,11.0,12.0,1.6
2015-09-04,0.0,9.34955,27.21,51.21304,8.852083,1.1624564,45.541668,24.729166,0.07845833,19.341667,56.56371,4.253032,19.75,24.95,13.3,0.0,0.4,0.4,9.0,37.0,52.0,61.0,17.0,9.0,12.0,2.4
2015-09-05,0.0,7.6588492,20.775,45.40077,6.508333,1.366609,71.25,23.160416,0.08933333,20.15,50.099056,3.9055521,19.26,24.5,14.65,0.0,0.2,0.3,5.0,29.0,36.0,67.0,16.0,9.0,12.0,0.7
2015-09-06,0.0,4.992725,17.744999,49.505253,8.710417,1.2734003,33.958332,23.829168,0.079291664,20.460417,82.50421,4.1145115,19.93,26.3,15.05,0.0,0.2,0.3,5.0,33.0,41.0,67.0,16.0,10.0,12.0,0.7
2015-09-07,0.0,6.002609,16.335,53.46188,9.53125,1.2323486,30.375,24.385416,0.075166665,21.016666,322.3939,4.5450096,23.52,27.75,14.75,0.0,0.2,0.4,15.0,42.0,64.0,53.0,19.0,9.0,12.0,1.2
2015-09-08,1.0,3.932584,12.6449995,45.546764,6.4666667,1.5812969,18.625,24.870834,0.071208335,21.095833,237.48546,4.9634247,19.82,28.1,13.2,0.0,0.4,0.4,20.0,54.0,84.0,50.0,23.0,12.0,12.0,1.8
2015-09-09,0.0,7.8058267,20.22,35.30453,4.0979166,1.8051796,77.666664,24.477083,0.067999996,22.310417,241.99088,5.228636,22.02,28.15,15.7,0.0,0.5,0.5,25.0,68.0,107.0,41.0,28.0,14.0,13.0,3.3
2015-09-10,0.0,7.17343,18.42,32.872185,4.835417,1.9017249,44.333332,25.735418,0.06604167,23.137499,227.97026,5.5259504,22.59,29.85,15.95,0.0,0.7,0.5,28.0,62.0,105.0,32.0,28.0,12.0,13.0,3.1
2015-09-11,1.0,8.669166,21.0,36.345844,6.3624997,1.983582,5.6666665,26.064583,0.064625,22.377083,211.34515,4.9551454,16.92,27.25,17.35,0.0,0.6,0.5,36.0,72.0,127.0,34.0,29.0,13.0,13.0,4.0
2015-09-12,0.0,10.183957,25.154999,34.763004,5.4083333,1.8300058,63.416668,24.747917,0.064,20.289583,225.29836,5.5497046,20.28,24.55,16.4,0.0,0.4,0.4,17.0,54.0,81.0,41.0,31.0,13.0,13.0,2.6
2015-09-13,2.0,16.944014,39.255,45.388798,7.15,1.3496667,69.291664,23.708334,0.064,19.000002,239.6568,4.3032546,18.54,23.7,15.2,0.0,0.1,0.3,12.0,32.0,49.0,64.0,22.0,7.0,12.0,0.5
2015-09-14,0.0,10.752491,26.07,51.389957,7.804167,1.1487936,60.458332,23.204168,0.06441667,16.462503,215.33203,3.3217452,11.51,19.45,13.65,2.6,0.3,0.4,20.0,37.0,67.0,44.0,16.0,6.0,12.0,1.1
2015-09-15,0.0,14.410343,34.71,54.664333,6.8416667,0.86995673,90.916664,19.604166,0.074,16.945831,210.67155,1.7415357,4.25,18.9,15.05,2.6999998,0.5,0.4,19.0,43.0,73.0,48.0,21.0,8.0,12.0,1.4
2015-09-16,2.0,22.566244,51.99,80.10697,13.25,0.38870168,88.708336,18.508333,0.13254167,15.083336,256.4221,3.319106,18.67,20.1,9.8,0.3,0.1,0.4,19.0,33.0,62.0,37.0,17.0,8.0,12.0,1.1
2015-09-17,0.0,7.3833585,20.205,58.709824,5.9395833,0.80135256,34.458332,18.064583,0.18349999,15.656249,43.122143,3.7980492,21.88,22.3,8.65,0.0,0.4,0.4,20.0,45.0,75.0,37.0,11.0,6.0,12.0,2.2
2015-09-18,0.0,5.3254647,14.639999,51.75739,4.4645834,1.0080726,0.45833334,17.875,0.15658332,17.08125,43.540573,4.065478,21.51,24.4,10.0,0.0,0.5,0.5,50.0,63.0,140.0,39.0,16.0,9.0,13.0,2.3
2015-09-19,1.0,6.1796937,15.884999,50.435562,5.8916664,1.1295346,1.4583334,18.995832,0.13154167,18.466665,256.88358,4.3425064,21.45,26.4,10.25,0.0,0.4,0.5,46.0,62.0,132.0,47.0,22.0,12.0,13.0,2.6
2015-09-20,1.0,6.5900626,16.589998,47.673004,5.9125,1.3487071,0.0,20.202084,0.11004167,20.33125,263.56738,4.6678553,21.32,27.85,11.55,0.0,0.5,0.5,28.0,56.0,98.0,55.0,25.0,13.0,13.0,2.3
2015-09-21,0.0,6.501467,16.845,40.170662,4.6041665,1.6457125,0.0,21.664583,0.092541665,20.202084,288.65125,4.8089266,21.05,27.85,13.35,0.0,,0.5,33.0,78.0,128.0,47.0,26.0,13.0,13.0,
2015-09-22,0.0,7.176123,18.765,35.750446,3.3041668,1.7150998,0.0,22.0375,0.08054166,19.0,10.007912,4.2917247,19.58,25.1,12.55,0.0,0.6,0.5,46.0,75.0,146.0,47.0,26.0,13.0,13.0,4.8
2015-09-23,0.0,8.438659,19.23,45.121365,5.99375,1.3103243,84.25,21.9125,0.07416666,19.50625,55.26134,4.2725453,20.48,27.45,11.5,0.0,0.2,0.4,12.0,46.0,65.0,41.0,15.0,8.0,12.0,2.3
2015-09-24,1.0,5.6971965,15.764999,40.53375,3.4125001,1.5862455,41.875,22.71875,0.070583336,21.1125,14.102665,4.1737137,18.13,28.0,13.25,0.0,0.5,0.4,24.0,57.0,94.0,35.0,17.0,9.0,12.0,2.8
2015-09-25,2.0,5.16274,15.18,26.956957,0.20625001,1.9881482,55.875,23.304167,0.06791667,20.741667,335.85443,3.9591854,14.8,27.0,13.45,0.0,0.4,0.5,33.0,68.0,119.0,39.0,22.0,10.0,12.0,3.9
2015-09-26,0.0,6.3707066,16.005,26.747406,0.022916675,1.9266739,87.708336,22.660416,0.066125,20.34167,29.962076,4.3173175,18.62,27.4,12.8,0.0,0.3,0.5,29.0,70.0,114.0,28.0,27.0,13.0,12.0,3.2
2015-09-27,1.0,6.0303116,16.05,34.52853,3.05,1.7045828,31.25,23.241667,0.06508333,18.645832,80.625435,3.9254587,18.22,24.15,12.95,0.0,0.4,0.4,13.0,57.0,77.0,29.0,22.0,10.0,11.0,1.8
2015-09-28,2.0,8.443383,20.595,46.868214,6.272917,1.2347528,7.9583335,21.941666,0.064791664,17.535418,65.98493,3.2810574,16.85,22.7,12.15,0.0,0.5,0.4,12.0,49.0,67.0,26.0,24.0,10.0,11.0,1.9
2015-09-29,1.0,4.6388907,14.22,54.748737,7.4895835,0.9991873,32.833332,21.34375,0.066,16.814585,171.02745,2.662956,14.85,21.6,12.1,0.1,0.7,0.4,16.0,54.0,78.0,29.0,22.0,10.0,11.0,2.8
2015-09-30,8.0,4.5573106,14.13,63.329586,9.141666,0.7697716,36.375,20.308332,0.070875,17.747915,297.76627,3.7844536,18.11,24.85,10.7,0.0,0.9,0.4,17.0,60.0,86.0,24.0,22.0,10.0,11.0,3.3
2015-10-01,0.0,6.6098847,16.515,49.650303,4.8937497,1.2349674,8.375,20.410418,0.071166664,17.854168,248.55493,4.4484696,17.32,24.25,12.0,0.0,1.3,0.6,35.0,80.0,134.0,18.0,28.0,14.0,11.0,6.3
2015-10-02,2.0,10.772996,25.604998,40.684616,3.7104168,1.3322817,18.875,19.820833,0.068375,18.312498,248.86565,3.115972,12.41,23.6,13.1,0.4,0.8,0.5,22.0,71.0,104.0,23.0,25.0,11.0,11.0,3.5
2015-10-03,1.0,7.07098,18.615,47.494583,6.304167,1.2008132,86.0,20.206251,0.068125,18.320833,208.9559,2.620047,8.18,23.75,14.55,0.5,0.9,0.4,22.0,73.0,106.0,14.0,32.0,14.0,11.0,3.1
2015-10-04,1.0,13.867267,32.685,62.919586,11.210416,0.8054022,97.625,19.495832,0.07020833,19.097918,210.14357,2.6709623,9.01,22.2,16.85,2.7999997,0.7,0.4,12.0,42.0,61.0,13.0,28.0,14.0,11.0,1.8
2015-10-05,0.0,20.824286,52.274998,74.47043,13.960416,0.59236807,93.708336,20.079166,0.10158333,16.93958,225.23642,2.786969,13.46,20.55,14.2,0.70000005,0.6,0.4,19.0,40.0,69.0,10.0,26.0,13.0,11.0,1.9
2015-10-06,0.0,14.928554,36.735,71.3526,10.941667,0.6018215,70.333336,18.916666,0.120916665,15.45,248.58694,2.5564945,14.01,19.95,11.3,0.0,0.7,0.4,22.0,47.0,81.0,10.0,14.0,7.0,11.0,2.2
2015-10-07,1.0,5.342031,14.009999,59.93336,6.852083,0.78003913,61.083332,17.858334,0.11000001,15.504167,43.95843,2.905838,15.62,20.45,10.1,0.0,0.8,0.4,23.0,60.0,95.0,14.0,16.0,9.0,11.0,3.7
2015-10-08,2.0,6.5800514,17.789999,49.589752,4.3312497,0.97892004,32.625,17.647917,0.09804166,15.491666,129.9363,2.904233,15.93,21.2,9.3,0.0,0.9,0.4,32.0,65.0,115.0,20.0,20.0,12.0,12.0,3.9
2015-10-09,4.0,5.998983,14.19,60.76253,7.1104164,0.79937476,45.458332,17.668749,0.08895833,15.408333,221.46756,2.7583678,14.21,20.65,9.65,0.4,1.1,0.5,44.0,79.0,147.0,13.0,24.0,14.0,12.0,4.7
2015-10-10,6.0,6.474047,16.875,59.555706,7.089583,0.7800806,60.041668,17.2875,0.085375,16.395834,211.04347,2.0013554,9.12,20.15,14.25,0.5,1.2,0.5,43.0,78.0,144.0,16.0,30.0,19.0,12.0,5.0
2015-10-11,2.0,7.839023,18.824999,68.88238,10.493751,0.6126006,87.208336,17.985416,0.09329167,16.202084,179.28082,1.5721662,8.09,19.2,13.95,0.5,0.6,0.3,11.0,41.0,57.0,13.0,14.0,10.0,11.0,1.4
2015-10-12,1.0,5.248248,13.905,78.26856,12.189583,0.42266428,66.916664,17.760416,0.102916665,13.285416,50.271343,1.1941056,6.3,15.25,10.55,3.9000003,0.5,0.3,11.0,32.0,48.0,12.0,8.0,4.0,11.0,1.3
2015-10-13,1.0,7.9639297,19.65,81.20336,9.533334,0.29215336,65.75,14.743751,0.14079167,11.6875,6.503929,2.6266851,17.13,17.85,5.7,0.0,1.1,0.5,40.0,57.0,119.0,9.0,17.0,12.0,12.0,3.7
2015-10-14,1.0,4.6871142,13.23,58.305187,2.5958333,0.6766059,0.41666666,13.775001,0.14391667,11.641665,355.42627,2.8086505,17.0,18.9,4.2,0.0,1.4,0.5,38.0,63.0,122.0,15.0,23.0,16.0,12.0,4.6
2015-10-15,0.0,5.577986,14.954999,51.366074,1.3354167,0.7959097,0.7916667,13.53125,0.12841667,13.597917,38.072815,2.603747,14.59,20.3,5.7,0.0,1.0,0.5,42.0,78.0,141.0,16.0,23.0,15.0,12.0,4.3
2015-10-16,0.0,5.497956,13.845,54.50041,3.7979167,0.808068,65.708336,14.40625,0.115166664,15.183334,57.871223,2.208497,11.23,22.5,9.9,1.9000001,1.9,0.7,96.0,101.0,247.0,12.0,31.0,18.0,15.0,9.3
2015-10-17,57.0,7.089224,20.519999,74.30957,10.39375,0.5371613,89.416664,16.254168,0.111875,15.420835,141.95937,1.0690427,5.69,17.4,13.95,8.200001,0.9,0.5,23.0,62.0,98.0,15.0,23.0,16.0,12.0,3.7
2015-10-18,1.0,4.9698553,16.605,88.07861,13.35625,0.21750547,99.416664,16.625,0.17291667,15.675,103.69591,1.6506513,9.36,18.85,13.8,17.6,0.7,0.4,19.0,44.0,73.0,8.0,17.0,12.0,11.0,1.8
2015-10-19,1.0,6.517713,18.359999,81.37363,12.295834,0.35826504,80.583336,16.6875,0.344875,15.085415,29.385977,2.3842127,11.01,19.0,12.3,0.2,0.8,0.5,26.0,56.0,96.0,9.0,16.0,11.0,12.0,2.8
2015-10-20,2.0,11.876339,26.58,67.14042,8.210417,0.59891766,56.625,15.431251,0.29170832,11.766666,356.46265,2.444148,13.72,17.25,7.45,0.0,0.9,0.4,20.0,53.0,83.0,11.0,13.0,8.0,12.0,3.5
2015-10-21,1.0,8.280261,19.289999,60.614414,3.75,0.60036165,43.125,12.964583,0.25883332,12.010418,338.33395,2.213412,14.7,18.9,6.4,0.0,1.2,0.5,36.0,59.0,115.0,12.0,16.0,10.0,14.0,3.9
2015-10-22,1.0,4.1741962,10.709999,65.023705,5.3916664,0.57352006,0.7916667,13.166667,0.23566668,13.927082,1.468796,2.0927262,12.49,19.6,8.7,0.0,1.4,0.6,56.0,81.0,167.0,7.0,28.0,16.0,15.0,5.8
2015-10-23,4.0,4.5112267,11.669999,68.56137,8.027083,0.57969135,69.666664,14.09375,0.21808332,15.095833,9.317011,1.9459789,10.93,20.35,10.85,0.0,1.7,0.7,93.0,79.0,222.0,6.0,33.0,17.0,16.0,7.7
2015-10-24,5.0,4.3946605,10.41,70.01762,9.193749,0.5811029,94.708336,15.587501,0.202875,14.431249,80.03993,1.9690641,10.83,19.2,10.25,0.0,1.3,0.6,68.0,72.0,176.0,9.0,31.0,19.0,15.0,5.0
2015-10-25,20.0,6.572622,16.095,70.21374,8.710417,0.548183,80.5,14.854167,0.18924999,12.989583,149.3056,0.90504265,4.56,15.3,10.7,2.4999998,0.8,0.4,18.0,46.0,74.0,19.0,20.0,13.0,14.0,2.2
2015-10-26,3.0,7.370641,16.56,86.48211,10.724999,0.20914517,84.5,13.789584,0.19891667,12.856251,208.15242,1.6865426,8.15,15.25,10.55,1.8000002,0.6,0.4,18.0,42.0,70.0,20.0,17.0,11.0,13.0,1.7
2015-10-27,1.0,15.790229,36.405,77.16424,8.33125,0.3488276,67.625,13.804166,0.23166667,11.077083,227.70369,1.5106502,7.77,14.15,8.75,0.7,0.6,0.4,24.0,44.0,81.0,28.0,14.0,9.0,13.0,1.8
2015-10-28,1.0,15.155812,33.105,78.06713,7.25,0.31273898,69.583336,12.447917,0.22675,13.252086,212.79485,1.4002174,8.1,17.4,9.9,0.0,0.7,0.4,29.0,49.0,94.0,33.0,12.0,7.0,12.0,1.9
2015-10-29,1.0,6.4047,15.149999,78.32029,9.614583,0.36713073,91.291664,13.866666,0.21691667,14.247917,55.076218,2.032463,12.75,20.6,8.65,0.0,0.8,0.4,37.0,59.0,115.0,23.0,20.0,12.0,13.0,2.9
2015-10-30,4.0,5.133266,12.78,76.79604,9.847917,0.46011707,23.708334,14.633334,0.20391667,15.002082,90.85507,1.9215947,10.28,20.1,10.75,0.0,1.2,0.6,58.0,71.0,160.0,13.0,27.0,18.0,15.0,6.7
2015-10-31,31.0,6.2034106,15.044999,72.105865,9.620833,0.5428083,65.125,15.027083,0.19141667,14.841666,87.29117,2.2659678,9.23,18.55,11.8,0.0,0.7,0.4,19.0,51.0,80.0,29.0,23.0,14.0,13.0,2.3
2015-11-01,21.0,13.117108,29.46,67.192764,8.345834,0.6002793,72.25,14.89375,0.17920834,12.031249,126.92294,1.1549077,5.59,14.05,9.4,31.099998,0.6,0.4,11.0,41.0,58.0,40.0,15.0,10.0,13.0,1.5
2015-11-02,0.0,14.343871,36.255,82.71907,8.720834,0.24248336,97.166664,13.1875,0.3257917,10.91875,194.29662,0.84065324,3.64,14.4,8.7,5.3000007,0.6,0.3,14.0,44.0,66.0,37.0,10.0,7.0,12.0,1.3
2015-11-03,1.0,9.620715,20.55,85.38334,8.554167,0.20627676,76.666664,11.972917,0.3662083,11.993749,190.16562,0.8913103,4.66,15.6,9.35,0.90000004,0.8,0.4,27.0,50.0,92.0,27.0,11.0,7.0,12.0,2.3
2015-11-04,0.0,5.4775653,14.535,88.80581,10.29375,0.1774606,94.166664,12.587501,0.33470833,13.995833,216.98161,1.4999613,8.47,18.05,11.55,0.0,,,,,,,,,,
2015-11-05,6.0,6.401198,16.065,80.68449,10.666667,0.3425844,82.666664,14.104167,0.31745833,14.514583,346.9447,1.8701265,11.7,19.95,9.2,0.0,,,,,,,,,,
2015-11-06,4.0,3.53007,8.865,81.479164,11.135417,0.35629943,47.916668,14.3625,0.30041668,14.2375,19.543005,1.8368495,11.39,21.1,9.0,0.0,1.9,0.9,151.0,92.0,323.0,9.0,41.0,28.0,17.0,9.4
2015-11-07,3.0,5.0821404,12.509999,83.46668,11.16875,0.3394169,36.666668,14.395833,0.28670833,14.54375,42.854454,1.9293762,12.24,20.5,9.0,0.0,1.2,0.6,59.0,64.0,154.0,14.0,27.0,20.0,15.0,5.1
2015-11-08,7.0,5.054139,11.655,73.015396,9.185416,0.5318972,0.0,13.958333,0.27458334,13.927083,14.113293,1.9447536,12.28,20.7,7.95,0.0,0.9,0.5,57.0,62.0,149.0,21.0,21.0,14.0,16.0,3.3
2015-11-09,3.0,4.025009,9.749999,70.028404,8.129167,0.5738723,0.0,13.158333,0.26420835,13.416668,334.37808,1.9434916,12.29,20.35,7.25,0.0,1.1,0.6,69.0,73.0,179.0,20.0,21.0,14.0,17.0,4.1
2015-11-10,7.0,4.1459327,10.259999,70.544975,7.6083336,0.5413567,0.0,12.575,0.25562498,12.629167,350.4728,1.9120468,12.3,19.9,6.3,0.0,2.7,1.0,173.0,114.0,380.0,10.0,42.0,26.0,20.0,11.1
2015-11-11,4.0,4.0569415,9.96,66.43532,5.6666665,0.59715027,0.0,11.766666,0.24795835,12.070834,3.4969933,1.7646403,11.84,19.1,6.65,0.0,2.9,1.0,190.0,119.0,411.0,10.0,43.0,24.0,21.0,12.7
2015-11-12,5.0,4.064895,10.124999,68.81842,6.1062503,0.5275344,0.041666668,11.616666,0.24095833,11.437499,11.026074,1.7780358,11.54,19.45,4.65,0.0,2.3,0.9,144.0,107.0,327.0,13.0,37.0,21.0,20.0,9.4
2015-11-13,5.0,5.3580146,13.349999,71.688065,5.9562497,0.49407604,13.333333,11.433333,0.23441666,11.631249,30.041265,1.7025425,11.55,17.15,5.7,0.0,1.6,0.8,85.0,86.0,217.0,14.0,33.0,20.0,19.0,6.8
2015-11-14,4.0,5.639072,13.259999,72.72816,6.38125,0.43451273,2.4583333,11.404167,0.22820835,10.877084,311.23593,1.6829478,11.54,17.35,5.5,0.0,0.9,0.5,50.0,59.0,135.0,22.0,26.0,17.0,15.0,2.9
2015-11-15,3.0,4.3109984,10.919999,74.541916,6.2833333,0.39899555,0.125,10.785417,0.22295833,10.489583,282.73965,1.6106242,11.4,16.75,4.05,0.0,1.0,0.5,47.0,62.0,134.0,14.0,27.0,18.0,15.0,3.1
2015-11-16,55.0,4.1128616,10.38,80.38331,6.875,0.30189565,0.0,10.41875,0.21808334,9.518749,328.2986,1.5260417,11.08,16.05,4.05,0.0,1.5,0.7,96.0,82.0,229.0,8.0,40.0,29.0,17.0,5.2
2015-11-17,37.0,4.5003743,10.889999,78.723305,5.3020835,0.3136154,25.333334,9.997916,0.21345834,9.527084,325.9806,1.5244963,10.44,17.8,3.1,0.0,1.8,0.8,111.0,86.0,257.0,8.0,52.0,35.0,17.0,7.9
2015-11-18,10.0,4.240173,10.605,73.81815,4.952083,0.40501294,25.666666,10.002084,0.20895833,11.329166,318.7783,1.5544553,10.39,18.65,4.7,0.0,1.9,0.8,121.0,95.0,280.0,7.0,40.0,25.0,18.0,8.5
2015-11-19,55.0,4.2834134,10.665,77.096794,7.13125,0.388644,26.375,11.091667,0.20462501,11.681251,281.41098,1.6616074,10.43,19.3,5.6,0.0,2.2,0.9,143.0,97.0,316.0,8.0,41.0,24.0,18.0,9.8
2015-11-20,305.0,5.291969,13.38,76.503456,7.085417,0.40236464,68.833336,11.322917,0.19999999,9.216665,311.5098,1.6796677,7.88,11.75,5.45,1.1,2.3,0.9,152.0,93.0,327.0,7.0,44.0,28.0,17.0,10.2
2015-11-21,292.0,13.885377,31.409998,64.23223,2.3062499,0.41274467,50.333332,9.5125,0.20091666,5.047916,266.20178,1.1262238,6.9,9.0,1.3,0.6,0.5,0.4,16.0,43.0,67.0,33.0,16.0,8.0,14.0,1.3
2015-11-22,5.0,7.4955544,18.675,67.363,-0.85833335,0.3115834,55.416668,6.6583333,0.20104168,4.2270837,5.661589,1.5485497,10.5,9.3,-0.7,0.0,0.5,0.4,15.0,43.0,67.0,35.0,8.0,4.0,13.0,0.9
2015-11-23,3.0,11.092556,23.205,64.31973,-2.95,0.3382562,11.083333,5.5875,0.20395833,5.1333337,304.92682,1.0855178,7.5,10.65,0.85,0.0,0.7,0.4,17.0,56.0,81.0,29.0,8.0,4.0,18.0,2.2
2015-11-24,3.0,5.8445907,13.919999,68.94521,-0.175,0.3096678,45.458332,5.9375,0.19849999,8.379167,282.9645,1.0966152,5.2,12.4,4.75,0.0,1.6,0.7,96.0,83.0,230.0,10.0,29.0,17.0,18.0,6.1
2015-11-25,5.0,9.548163,21.21,73.984634,4.1,0.31612372,52.791668,8.0,0.195125,9.16875,319.07043,1.6240568,9.22,13.85,5.75,0.0,0.9,0.5,28.0,66.0,109.0,26.0,16.0,8.0,15.0,2.9
2015-11-26,41.0,10.019601,22.664999,64.71559,2.6354167,0.4387492,23.666666,8.066667,0.19125001,10.087501,347.06805,1.4649048,8.92,14.45,7.2,0.0,1.3,0.6,73.0,81.0,192.0,14.0,24.0,13.0,19.0,5.3
2015-11-27,42.0,8.806808,19.77,71.61294,4.897917,0.38307104,34.0,9.358334,0.18641667,8.652083,3.1797583,1.3030015,8.62,14.3,4.15,0.0,1.4,0.7,80.0,83.0,205.0,12.0,22.0,12.0,18.0,5.0
2015-11-28,20.0,5.9045224,14.459999,73.73445,3.4708335,0.345469,13.708333,8.425,0.182,6.6083336,355.53723,1.3383083,10.19,13.45,0.05,0.0,1.5,0.7,89.0,76.0,212.0,10.0,24.0,16.0,19.0,5.5
2015-11-29,4.0,4.9341288,10.425,66.84282,0.008333321,0.39741933,0.0,6.652083,0.17791666,6.410417,0.5700934,1.3286695,10.3,14.05,-0.55,0.0,1.2,0.6,50.0,70.0,147.0,11.0,25.0,16.0,18.0,3.0
2015-11-30,2.0,3.86613,10.08,58.12434,-2.1875,0.4864025,0.083333336,5.6104164,0.174625,5.3416667,350.96713,1.2703985,10.02,12.35,-0.65,0.0,2.9,1.0,151.0,99.0,331.0,6.0,39.0,22.0,26.0,11.6
2015-12-01,0.0,3.9559782,9.134999,57.00295,-2.91875,0.44343415,32.833332,4.9354167,0.171625,6.377083,10.407615,1.2189788,9.44,13.15,1.0,0.0,1.7,0.7,97.0,89.0,237.0,7.0,37.0,19.0,21.0,7.2
2015-12-02,26.0,3.56289,8.985,63.778988,-0.23958333,0.40905532,5.4166665,6.035417,0.16866666,6.902084,343.09482,1.242395,9.36,14.15,0.25,0.0,3.1,1.1,201.0,113.0,422.0,4.0,65.0,40.0,26.0,13.9
2015-12-03,16.0,4.2463813,10.29,75.718956,2.5562499,0.3096469,21.916666,6.647917,0.16591667,7.952083,9.727505,1.2105172,9.14,15.75,1.55,0.0,2.4,0.9,131.0,95.0,296.0,5.0,49.0,29.0,21.0,10.2
2015-12-04,17.0,3.8061333,9.36,74.45527,3.2333333,0.36299765,67.416664,7.4895835,0.16325,9.1125,351.0547,1.2798848,9.26,15.65,3.1,0.0,2.5,0.9,158.0,97.0,340.0,4.0,54.0,29.0,23.0,10.1
2015-12-05,,3.8059273,10.005,73.022865,4.0125003,0.37363288,12.125,8.539583,0.160625,8.052083,15.687514,1.1943332,9.22,14.9,3.25,0.0,2.5,0.9,139.0,91.0,304.0,5.0,48.0,27.0,22.0,8.9
2015-12-06,,4.380406,10.335,76.3476,3.7354167,0.3148643,10.25,7.9354167,0.15791667,7.316666,39.10539,0.5927019,4.14,10.8,4.25,0.1,1.2,0.5,48.0,64.0,137.0,9.0,31.0,19.0,18.0,3.2
2015-12-07,2.0,4.251987,9.915,86.66974,5.2083335,0.14837371,84.125,7.2645836,0.15754168,8.229167,355.19214,1.0913283,8.1,14.0,3.55,0.0,1.1,0.5,32.0,64.0,113.0,7.0,29.0,20.0,17.0,3.3
2015-12-08,3.0,3.5380087,9.509999,82.646095,5.1541667,0.23460491,74.125,8.056251,0.15833333,8.1,19.529741,1.1698471,8.61,14.4,4.1,0.0,1.4,0.6,48.0,65.0,138.0,6.0,42.0,30.0,18.0,3.4
2015-12-09,2.0,7.7935486,18.585,82.191475,5.09375,0.2379425,77.416664,7.9708333,0.156125,7.9354167,35.803444,0.7565865,5.31,12.2,4.3,0.0,1.3,0.6,65.0,69.0,169.0,11.0,25.0,15.0,19.0,5.3
2015-12-10,0.0,5.0005317,11.5199995,82.81484,5.05625,0.20990478,87.708336,7.9583335,0.15420833,8.593749,28.665884,0.6850528,3.97,11.9,6.2,0.0,1.3,0.6,52.0,72.0,151.0,9.0,27.0,19.0,18.0,4.4
2015-12-11,1.0,5.859698,13.035,80.76269,5.3312497,0.23328044,91.625,8.658334,0.153375,8.062499,52.89565,0.5754744,3.38,10.7,5.55,0.1,1.0,0.5,38.0,66.0,124.0,11.0,23.0,14.0,17.0,4.5
2015-12-12,3.0,4.032928,8.985,81.72759,4.9708333,0.20943111,93.333336,8.327084,0.15441667,7.3041673,237.49597,0.8223101,5.59,10.8,3.35,0.0,0.8,0.4,21.0,57.0,90.0,16.0,23.0,13.0,15.0,2.5
2015-12-13,4.0,5.0677934,12.299999,82.17386,4.4354167,0.20470762,71.625,7.633333,0.15445833,9.468751,198.08778,1.0335658,6.52,13.65,6.95,1.4000001,1.3,0.6,55.0,70.0,154.0,7.0,34.0,22.0,17.0,3.2
2015-12-14,18.0,8.259773,21.885,80.915215,6.1354165,0.25260893,80.291664,9.275001,0.16408333,10.060416,210.54929,1.1834618,7.46,14.95,6.9,0.0,1.2,0.5,45.0,66.0,135.0,8.0,38.0,20.0,15.0,3.2
2015-12-15,109.0,6.9444127,14.985,74.32966,5.5875,0.3521156,82.916664,9.085417,0.16354166,9.210416,10.985435,1.0474021,7.76,15.2,3.85,0.0,1.7,0.7,107.0,82.0,246.0,6.0,56.0,28.0,17.0,6.0
2015-12-16,39.0,3.6617978,8.835,75.02732,4.4104166,0.3401266,86.5,8.072917,0.16020833,8.59375,335.22485,0.98493934,6.94,14.3,4.85,0.0,1.8,0.7,103.0,80.0,238.0,4.0,56.0,26.0,21.0,7.1
2015-12-17,12.0,3.7291076,9.509999,72.13433,3.8458335,0.3505094,87.625,7.633333,0.15775,9.052083,51.340088,1.1778401,8.26,14.95,3.35,0.0,2.0,0.8,149.0,93.0,322.0,4.0,71.0,33.0,22.0,7.7
2015-12-18,10.0,3.5740445,8.595,71.98704,3.8229167,0.37545696,55.833332,7.9041667,0.15520833,8.664584,14.995179,1.2158065,8.83,14.95,3.75,0.0,2.5,0.8,151.0,98.0,330.0,4.0,68.0,36.0,22.0,9.1
2015-12-19,32.0,3.5251675,10.11,69.876686,2.9750001,0.39933416,31.75,7.6687503,0.15170833,8.489583,246.61482,1.1473584,7.72,14.1,3.85,0.4,1.8,0.7,99.0,86.0,237.0,5.0,58.0,32.0,21.0,5.7
2015-12-20,426.0,4.5418735,10.485,69.38433,2.9020834,0.3776525,60.541668,7.527083,0.14958334,8.3625,345.308,0.9585887,7.4,12.9,4.05,0.0,1.4,0.5,44.0,66.0,134.0,6.0,48.0,24.0,17.0,3.2
2015-12-21,28.0,3.9549835,10.29,83.72712,5.35,0.20321847,21.541666,7.8645835,0.15004165,7.162501,344.32712,1.1414697,8.82,13.75,2.1,0.0,1.9,0.7,99.0,83.0,235.0,6.0,52.0,31.0,19.0,5.5
2015-12-22,10.0,4.4548573,10.71,79.103516,3.55,0.2683781,0.29166666,6.8375,0.14791666,6.9666667,349.46094,1.0870973,8.54,13.55,1.25,0.0,2.0,0.8,119.0,90.0,273.0,7.0,44.0,24.0,20.0,6.9
2015-12-23,18.0,4.153645,9.735,79.53742,3.33125,0.25768614,50.125,6.652083,0.14533333,6.660416,344.47577,0.947882,7.67,11.6,3.1,0.0,2.0,0.7,119.0,97.0,279.0,6.0,45.0,27.0,21.0,7.4
2015-12-24,9.0,3.44757,8.7,83.38471,3.8833334,0.18220425,47.208332,6.097917,0.14341666,5.204167,358.50046,0.9200621,8.11,11.0,0.7,0.0,1.6,0.6,99.0,78.0,230.0,5.0,46.0,32.0,18.0,5.2
2015-12-25,,3.842109,9.929999,85.62249,2.5895832,0.1601767,25.083334,5.7041664,0.14183334,5.2395835,19.107635,0.8418103,6.85,11.0,1.55,0.0,1.7,0.6,86.0,78.0,210.0,10.0,54.0,40.0,20.0,3.8
2015-12-26,,5.0670443,11.639999,85.84728,2.9270833,0.15055937,67.291664,5.3145833,0.140625,6.1354165,35.681664,1.0624288,7.02,13.6,1.5,0.0,1.1,0.5,45.0,65.0,133.0,15.0,33.0,24.0,18.0,2.0
2015-12-27,,7.6107483,16.304998,75.93714,1.9375,0.29168656,88.541664,5.566667,0.13920833,7.989584,160.21884,1.0562384,6.34,13.45,4.2,0.6,0.8,0.4,19.0,50.0,79.0,22.0,21.0,13.0,18.0,1.2
2015-12-28,,8.823551,21.255,80.56708,4.897917,0.24972193,81.541664,7.25625,0.13995834,8.789584,212.56972,0.726964,5.29,10.6,6.35,0.5,0.9,0.4,35.0,60.0,114.0,22.0,31.0,14.0,16.0,1.9
2015-12-29,2.0,5.62825,14.625,90.36465,6.866667,0.11399422,89.25,8.985416,0.15916666,6.69375,205.70615,0.7767174,6.34,10.15,4.35,0.0,0.8,0.4,38.0,55.0,114.0,22.0,21.0,13.0,15.0,2.2
2015-12-30,17.0,7.7078567,16.695,89.20679,5.1375003,0.122534566,93.791664,7.633333,0.15858333,9.272916,206.6943,0.42551598,2.15,11.3,7.95,0.8,0.8,0.4,30.0,55.0,102.0,24.0,19.0,10.0,14.0,1.9
2015-12-31,39.0,5.977137,16.44,90.64276,7.722917,0.11243155,100.0,8.972917,0.16129167,8.864583,196.90193,0.5394369,2.74,12.2,5.95,1.4000001,0.8,0.4,29.0,55.0,100.0,13.0,16.0,11.0,14.0,1.6
2016-01-01,20.0,11.1108465,26.849998,92.08158,7.9,0.10487747,98.458336,8.860416,0.17166667,8.385417,240.86949,0.98171794,5.86,11.2,4.85,1.1,0.7,0.3,17.0,43.0,69.0,23.0,20.0,15.0,14.0,1.1
2016-01-02,97.0,9.835346,22.214998,78.79885,4.008333,0.2418534,63.125,8.618751,0.20508333,6.514583,219.78722,0.3660572,1.8,10.15,3.3,0.0,0.7,0.4,24.0,45.0,81.0,32.0,13.0,7.0,15.0,1.2
2016-01-03,12.0,13.415825,28.980001,91.95139,5.8416667,0.07909466,93.708336,6.9583335,0.203375,11.129167,230.8489,0.4164313,1.3,11.75,9.05,8.9,0.7,0.4,19.0,43.0,73.0,24.0,11.0,6.0,14.0,1.0
2016-01-04,12.0,19.36912,42.809998,92.038734,9.652083,0.102384366,99.791664,10.08125,0.23466666,5.410417,262.96005,0.9004274,6.48,8.25,1.85,0.4,0.4,0.3,20.0,35.0,65.0,28.0,7.0,5.0,14.0,0.9
2016-01-05,113.0,10.834052,26.654999,76.5158,1.1020833,0.21161102,49.708332,6.495833,0.297625,3.7729166,233.09154,0.7254899,4.38,7.15,0.45,1.0,0.7,0.4,22.0,53.0,87.0,32.0,9.0,6.0,14.0,1.4
2016-01-06,6.0,14.2802725,30.300001,81.63917,1.1791667,0.15344734,77.333336,4.65,0.283,10.06875,223.11467,0.7188357,4.66,13.3,6.85,0.0,0.6,0.3,16.0,37.0,61.0,36.0,8.0,5.0,13.0,0.8
2016-01-07,5.0,19.124743,42.69,92.20493,9.127084,0.10759903,95.666664,9.1125,0.2764167,10.877084,207.53763,0.58700436,2.71,11.6,10.35,0.5,0.6,0.4,21.0,34.0,67.0,39.0,7.0,5.0,14.0,1.1
2016-01-08,15.0,19.598661,44.069996,90.46033,9.285417,0.1247468,99.25,10.329166,0.274375,9.510417,218.56699,0.89712846,5.76,10.45,8.6,7.9,0.6,0.3,21.0,40.0,72.0,33.0,8.0,5.0,14.0,1.3
2016-01-09,14.0,16.233559,35.984997,88.65006,7.525,0.13514625,89.125,9.989583,0.34941664,9.427083,216.92755,0.7980935,3.43,10.5,8.6,1.6000001,0.5,0.3,16.0,42.0,66.0,40.0,7.0,5.0,14.0,0.9
2016-01-10,1.0,27.678093,61.05,87.209465,7.522917,0.15341994,94.25,9.489583,0.32566667,8.995833,232.404,1.2916214,6.53,10.2,6.1,8.6,0.4,0.3,11.0,26.0,42.0,53.0,7.0,4.0,14.0,0.5
2016-01-11,19.0,18.131817,42.554996,75.839676,4.358333,0.27267373,71.375,9.020833,0.35816666,5.2708335,254.93144,1.0959232,7.57,9.4,1.25,0.0,0.6,0.4,25.0,45.0,83.0,42.0,11.0,6.0,14.0,1.2
2016-01-12,5.0,8.454132,19.38,74.05219,0.58125,0.25566915,47.875,5.941667,0.32379165,4.8145833,240.19104,1.0885854,9.18,9.65,0.8,0.0,1.1,0.5,47.0,64.0,137.0,24.0,17.0,9.0,16.0,3.9
2016-01-13,0.0,4.9208646,12.6449995,79.79987,1.6125001,0.19649023,59.041668,4.98125,0.30591667,5.429167,215.17924,0.49181393,3.57,8.75,1.35,3.6000001,1.5,0.6,90.0,83.0,221.0,9.0,26.0,16.0,18.0,5.4
2016-01-14,0.0,7.570378,18.615,91.478325,4.2875,0.07864658,76.875,5.0520835,0.31562498,6.3729157,11.751235,1.3453434,8.88,8.8,2.95,2.7,1.3,0.6,90.0,76.0,214.0,5.0,28.0,20.0,17.0,4.0
2016-01-15,11.0,11.243275,26.13,71.28129,0.5520833,0.27873635,50.458332,6.527083,0.341125,2.9541664,344.26956,1.2474402,9.95,7.35,0.1,0.0,1.0,0.4,21.0,53.0,84.0,25.0,14.0,10.0,19.0,2.5
2016-01-16,4.0,7.401163,16.185,63.971157,-3.6333332,0.29165468,5.9583335,2.9708335,0.31724998,1.86875,262.51917,1.0269047,9.12,6.95,-1.7,0.8,0.7,0.4,22.0,55.0,88.0,33.0,9.0,6.0,20.0,1.6
2016-01-17,0.0,4.459462,12.329999,71.42396,-2.8145835,0.2222228,63.666668,2.2833333,0.30629167,4.2854166,231.09277,0.7281316,5.12,8.45,0.35,0.0,1.0,0.5,37.0,67.0,123.0,13.0,19.0,12.0,18.0,1.7
2016-01-18,1.0,8.084113,19.095,83.18801,1.8562499,0.15265219,81.291664,4.4083333,0.31029168,3.5249999,262.22092,0.6739117,5.62,6.7,-0.85,0.0,1.1,0.5,34.0,65.0,117.0,19.0,19.0,12.0,16.0,2.5
2016-01-19,5.0,5.0502586,11.82,87.97153,1.6104168,0.105337106,93.5,3.9333334,0.302875,4.991667,207.99706,0.9478734,7.59,8.9,1.4,0.1,1.2,0.5,57.0,71.0,158.0,25.0,23.0,12.0,17.0,3.4
2016-01-20,0.0,4.1497607,11.19,84.24656,2.4937499,0.15783256,78.583336,5.141667,0.29779166,6.122917,206.76744,0.9597927,7.7,10.45,3.1,0.0,1.4,0.6,77.0,71.0,190.0,10.0,31.0,20.0,17.0,4.6
2016-01-21,0.0,4.2626543,11.97,89.4545,4.5041666,0.11521899,63.166668,6.402083,0.291375,8.137501,160.8954,0.76676613,5.28,12.3,5.55,0.6,1.2,0.5,62.0,61.0,157.0,12.0,29.0,20.0,16.0,3.8
2016-01-22,4.0,3.3173392,9.99,90.83657,6.7604165,0.11254581,95.916664,7.4479165,0.28941667,9.608333,14.620898,1.1617991,8.28,15.15,5.05,0.0,1.5,0.6,81.0,67.0,192.0,6.0,41.0,30.0,18.0,5.1
2016-01-23,140.0,3.5971498,9.224999,87.326294,7.5729165,0.19277506,74.0,8.641666,0.28595832,9.53125,3.521377,1.3905106,10.2,16.05,4.25,0.0,1.5,0.7,77.0,58.0,177.0,11.0,30.0,22.0,21.0,4.7
2016-01-24,132.0,4.67425,11.474999,85.58972,6.8770833,0.22468852,28.0,8.872916,0.27858332,9.279167,25.5845,1.1655835,8.34,14.5,4.65,0.0,1.6,0.7,77.0,61.0,179.0,15.0,24.0,16.0,20.0,4.5
2016-01-25,158.0,3.9963477,9.48,85.81826,6.835417,0.19854712,88.75,8.383333,0.27245834,8.216666,335.8545,1.1222854,8.28,13.55,3.75,0.0,1.5,0.7,74.0,68.0,182.0,9.0,32.0,23.0,21.0,5.1
2016-01-26,114.0,4.6379137,11.43,88.356224,6.2979164,0.15329982,48.625,8.497916,0.26779166,7.53125,182.3859,0.68454415,4.77,10.7,4.05,0.0,1.5,0.6,72.0,62.0,172.0,11.0,41.0,30.0,19.0,5.2
2016-01-27,21.0,4.220766,10.995,91.78115,6.2354164,0.09430068,78.0,7.78125,0.26504165,6.847917,208.028,0.5806882,3.38,8.8,4.55,1.6000001,1.7,0.6,66.0,58.0,159.0,7.0,51.0,34.0,16.0,4.2
2016-01-28,18.0,7.3320174,13.169999,90.2064,5.2000003,0.104405425,99.583336,7.3416667,0.269375,7.327083,41.112003,0.8633817,5.99,10.25,5.4,6.3999996,1.1,0.5,41.0,61.0,124.0,14.0,30.0,22.0,15.0,2.8
2016-01-29,39.0,8.32592,19.74,85.08544,4.7479167,0.16138054,74.125,7.616667,0.33937502,6.8416667,269.06467,1.3578846,10.03,12.45,2.8,0.0,1.0,0.5,27.0,65.0,106.0,16.0,15.0,11.0,18.0,2.6
2016-01-30,14.0,6.883227,15.075,82.25292,3.8520832,0.21098669,66.125,7.3583336,0.33233333,8.341668,255.11101,1.3657305,9.92,15.1,3.2,0.0,0.9,0.4,23.0,57.0,92.0,12.0,17.0,12.0,16.0,1.8
2016-01-31,525.0,4.367404,11.43,80.80671,5.258333,0.2585881,33.666668,7.7916665,0.31075,8.8375,333.97046,1.6340355,11.88,15.7,3.65,0.0,1.1,0.5,43.0,59.0,125.0,16.0,18.0,12.0,16.0,2.3
2016-02-01,215.0,4.9780984,12.075,81.86269,5.710417,0.26916727,25.291666,8.48125,0.296875,8.895834,298.0244,1.2873293,9.4,14.35,3.2,0.0,1.7,0.7,90.0,76.0,213.0,5.0,34.0,23.0,19.0,6.0
2016-02-02,108.0,3.8339615,10.155,84.21193,6.0145836,0.20862733,83.291664,7.9,0.28695834,7.597916,5.385909,1.5970154,9.71,12.45,3.6,0.0,1.9,0.8,121.0,81.0,266.0,5.0,42.0,30.0,20.0,7.1
2016-02-03,699.0,10.482665,23.055,73.38602,2.4520833,0.31623498,40.625,7.5437503,0.27854165,5.3145833,38.931004,1.7334183,12.92,11.3,-0.1,0.0,0.9,0.5,26.0,53.0,93.0,19.0,17.0,11.0,18.0,2.9
2016-02-04,49.0,7.8044415,18.765,65.05869,-1.40625,0.3569331,0.083333336,5.8020835,0.26737502,4.98125,35.362556,1.3249559,10.58,10.45,0.15,0.0,1.0,0.5,28.0,60.0,102.0,20.0,11.0,6.0,19.0,2.6
2016-02-05,21.0,5.123429,11.94,75.234886,1.0354167,0.24786127,71.958336,5.31875,0.25975,6.4625,212.21503,1.1724185,7.42,11.3,1.3,0.0,1.1,0.5,49.0,73.0,148.0,12.0,23.0,13.0,18.0,3.2
2016-02-06,42.0,10.788482,26.25,81.51464,3.6541665,0.20514505,64.583336,5.8416667,0.256625,7.364584,263.8265,1.7526166,10.9,10.6,3.45,3.8000002,1.2,0.5,36.0,56.0,112.0,18.0,34.0,22.0,18.0,2.7
2016-02-07,52.0,13.933679,34.59,66.80593,0.78125,0.3583167,65.083336,7.3916664,0.28825,7.13125,225.05609,1.3174955,9.34,11.95,3.4,0.0,0.6,0.4,14.0,41.0,62.0,45.0,9.0,5.0,16.0,0.9
2016-02-08,8.0,11.300754,24.615,82.73689,4.46875,0.19986533,75.5,7.4874997,0.27666667,9.222917,227.73732,0.8732672,4.01,12.0,7.3,0.1,0.8,0.4,27.0,46.0,87.0,32.0,14.0,7.0,16.0,1.6
2016-02-09,60.0,21.793722,45.615,86.016075,7.097917,0.17340608,98.416664,8.945833,0.27070835,9.912501,236.7993,0.6489826,2.68,11.6,8.05,0.0,0.6,0.4,21.0,36.0,69.0,44.0,10.0,5.0,15.0,1.1
2016-02-10,119.0,20.075697,43.125,88.30547,8.139584,0.14411418,90.875,9.397917,0.28320834,11.1875,240.00899,1.258073,8.43,14.5,9.25,1.0,0.6,0.4,25.0,39.0,77.0,39.0,9.0,5.0,15.0,1.2
2016-02-11,238.0,15.351041,39.329998,85.297646,8.604167,0.20705777,71.375,10.704166,0.29129168,10.191667,230.66124,0.52051103,2.64,12.55,7.9,2.6,0.7,0.4,33.0,48.0,99.0,31.0,10.0,5.0,16.0,1.7
2016-02-12,102.0,18.96329,42.585,92.27268,9.177083,0.098740555,94.541664,10.025001,0.31195834,11.583333,232.67851,0.6672458,3.64,12.65,11.1,1.3000001,0.6,0.4,30.0,38.0,84.0,33.0,9.0,6.0,15.0,1.4
2016-02-13,79.0,20.719883,46.875,91.84896,10.25,0.112641044,91.541664,11.1375,0.31166667,7.4979167,276.29132,1.7467862,10.65,11.4,4.15,0.8,0.4,0.3,19.0,27.0,56.0,30.0,6.0,4.0,15.0,0.6
2016-02-14,144.0,19.953466,47.76,67.177155,0.6833334,0.3240477,38.708332,8.414583,0.32520834,4.679167,338.2852,2.2553544,12.78,8.65,1.95,0.0,0.5,0.3,11.0,34.0,51.0,52.0,6.0,3.0,15.0,0.6
2016-02-15,13.0,21.431273,49.035,56.11324,-3.7666667,0.38301668,33.291668,5.808333,0.3055,3.0208333,6.6543026,2.2569969,14.13,7.3,0.35,0.0,0.7,0.4,16.0,39.0,64.0,53.0,6.0,3.0,18.0,1.8
2016-02-16,2.0,15.464191,35.01,50.62978,-6.7687497,0.39395478,11.041667,4.3166666,0.284625,1.7333332,243.79141,1.6768134,14.26,7.2,-2.35,0.0,0.7,0.4,16.0,45.0,68.0,48.0,8.0,4.0,20.0,1.8
2016-02-17,2.0,7.1459885,17.88,62.30162,-4.71875,0.28620526,40.958332,2.8333333,0.270875,4.6333337,330.36172,1.451205,11.79,8.75,2.2,3.3999999,1.1,0.5,50.0,66.0,142.0,30.0,18.0,10.0,17.0,2.8
2016-02-18,0.0,6.9086165,18.494999,79.27036,1.0895833,0.19824429,73.291664,5.820833,0.29758334,4.4145837,29.686356,2.1292348,15.86,10.6,-1.0,0.0,0.9,0.5,27.0,54.0,95.0,35.0,12.0,8.0,18.0,2.2
2016-02-19,15.0,9.394961,21.119999,59.159485,-3.66875,0.39866945,5.8333335,5.0041666,0.29075,5.25,33.12873,2.2968595,15.92,13.2,-1.6,0.0,0.9,0.5,26.0,56.0,96.0,38.0,10.0,6.0,21.0,3.3
2016-02-20,87.0,7.8279095,17.865,59.182613,-2.6395833,0.44222626,0.0,5.2312503,0.27354166,6.2812505,35.969936,2.2279706,15.76,14.05,-0.45,0.0,1.1,0.6,59.0,71.0,161.0,35.0,14.0,10.0,24.0,3.4
2016-02-21,649.0,7.0084915,15.959999,63.090424,-0.65833336,0.42479923,0.20833333,6.004167,0.25954166,7.3583336,293.00073,2.3453639,15.58,15.05,1.25,0.0,0.9,0.5,27.0,59.0,101.0,33.0,64.0,28.0,21.0,2.2
2016-02-22,84.0,6.1731343,15.509999,67.419655,1.0812501,0.42553926,25.291666,7.370833,0.24870832,7.6416664,276.57446,2.1841836,15.62,14.7,2.35,0.0,1.1,0.6,47.0,71.0,143.0,26.0,233.0,84.0,19.0,3.4
2016-02-23,240.0,5.5588403,13.829999,72.378624,2.6104167,0.3530309,7.9583335,8.016666,0.23837501,7.506251,223.55348,1.7783031,12.7,12.15,3.45,0.6,1.2,0.6,46.0,73.0,143.0,28.0,56.0,18.0,18.0,5.1
2016-02-24,187.0,9.702802,23.729998,79.17115,3.9166667,0.24956101,84.416664,7.758333,0.23058333,7.9583325,265.9505,1.8787034,11.88,12.65,4.95,0.4,1.2,0.5,59.0,67.0,157.0,18.0,37.0,16.0,17.0,6.5
2016-02-25,38.0,9.065989,21.51,69.71566,1.8333334,0.36800325,55.625,8.472917,0.22912501,4.364583,213.15868,0.5554835,4.11,7.2,1.65,10.499999,0.9,0.5,29.0,59.0,103.0,33.0,13.0,7.0,17.0,7.1
2016-02-26,22.0,14.067233,29.565,90.58747,2.7895832,0.07874747,94.541664,5.4395833,0.27404168,3.9125004,283.7995,2.025825,13.71,7.7,1.45,2.1000001,0.8,0.5,27.0,53.0,95.0,33.0,11.0,7.0,16.0,2.0
2016-02-27,31.0,16.375528,41.34,62.499496,-3.4395835,0.3364886,91.0,5.4708333,0.34420833,5.5,319.82187,1.6344173,9.54,9.9,2.45,2.0000002,0.6,0.4,15.0,38.0,61.0,52.0,7.0,4.0,16.0,1.3
2016-02-28,12.0,14.567132,35.835,70.03626,0.41666666,0.29208097,70.416664,5.875,0.32904166,5.7875004,346.04288,2.2824457,14.77,10.3,2.15,0.0,0.7,0.4,11.0,41.0,58.0,43.0,7.0,4.0,20.0,1.3
2016-02-29,9.0,15.875783,32.684998,61.41482,-1.5104166,0.37999094,12.875,6.085417,0.306,6.1812496,317.06754,2.4604197,17.21,14.75,-1.4,0.0,0.8,0.5,22.0,53.0,86.0,49.0,14.0,8.0,20.0,2.3
2016-03-01,46.0,6.0985355,13.605,60.35141,-1.2770833,0.46824598,20.416666,5.8291664,0.28633335,8.789583,300.10257,2.6551912,16.38,16.55,2.05,0.0,1.5,0.6,80.0,85.0,207.0,28.0,25.0,13.0,19.0,4.7
2016-03-02,241.0,8.737141,20.999998,64.272964,2.1291666,0.47806618,36.208332,7.5875,0.26995835,8.072917,322.47684,2.390932,16.51,13.25,2.65,0.0,1.3,0.6,61.0,74.0,167.0,27.0,24.0,12.0,18.0,5.2
2016-03-03,182.0,9.59241,20.28,65.924065,1.5437499,0.4146495,31.625,8.041667,0.25474998,8.060417,252.88536,2.2890716,14.89,14.3,3.0,2.0,1.0,0.5,31.0,63.0,110.0,43.0,17.0,9.0,16.0,3.8
2016-03-04,73.0,12.621853,28.544998,70.15068,2.59375,0.36344162,36.916668,7.9083333,0.24720834,5.079167,275.4909,2.1007943,14.5,9.65,0.05,0.2,1.1,0.5,46.0,69.0,138.0,29.0,22.0,10.0,16.0,3.3
2016-03-05,21.0,12.236798,28.949999,64.24775,-1.6833334,0.34144184,40.833332,6.6583333,0.26354167,4.8708334,293.4259,2.1437585,15.09,10.5,-0.05,0.0,0.7,0.4,13.0,42.0,62.0,51.0,8.0,5.0,16.0,1.2
2016-03-06,6.0,10.158462,24.224998,60.902172,-2.6541667,0.3874724,27.458334,6.089583,0.25258332,5.5291667,318.75546,2.2825186,16.46,9.55,1.85,2.7999997,0.7,0.4,12.0,40.0,57.0,49.0,6.0,4.0,16.0,1.0
2016-03-07,27.0,14.804115,35.745,65.90606,-0.79791665,0.33639014,50.541668,6.660417,0.26225,5.110417,357.41214,2.2445683,14.34,10.1,0.25,0.0,0.8,0.4,18.0,43.0,71.0,48.0,10.0,6.0,19.0,2.2
2016-03-08,5.0,12.578312,26.519999,58.377766,-2.9624999,0.412691,32.083332,5.69375,0.257,5.6416664,291.5659,1.472636,8.22,10.95,0.25,0.9,0.8,0.4,17.0,48.0,74.0,50.0,9.0,5.0,20.0,2.2
2016-03-09,24.0,12.793292,27.585,70.12241,0.42708334,0.30020568,52.375,5.2374997,0.25083333,5.589583,335.78635,2.4936507,16.62,10.2,1.55,0.3,0.9,0.5,34.0,61.0,113.0,32.0,14.0,7.0,18.0,3.1
2016-03-10,37.0,14.265285,37.71,60.8009,-1.75,0.385617,44.083332,6.1854167,0.24624999,6.285417,2.2685838,2.7200782,17.02,12.9,1.1,0.0,0.7,0.4,17.0,43.0,69.0,53.0,10.0,5.0,20.0,2.0
2016-03-11,9.0,12.199242,27.57,56.409256,-2.425,0.47323754,12.458333,6.8458333,0.23279166,5.7104163,358.53537,2.6935768,19.73,12.95,-1.5,0.0,0.7,0.4,15.0,45.0,68.0,54.0,9.0,5.0,19.0,2.0
2016-03-12,88.0,5.558483,15.315,63.686417,-1.4187499,0.41752052,31.333334,6.9833336,0.218,6.495833,13.736266,2.8226438,20.55,14.15,-1.35,0.0,0.8,0.4,19.0,54.0,83.0,44.0,18.0,11.0,18.0,1.9
2016-03-13,87.0,5.5499516,14.535,57.721466,-2.48125,0.516799,9.291667,7.4854164,0.20466666,6.604166,20.27277,2.874413,20.76,11.7,0.95,0.0,0.7,0.4,13.0,51.0,70.0,57.0,20.0,14.0,18.0,1.4
2016-03-14,54.0,7.182314,18.089998,49.928013,-3.9479167,0.5518399,5.875,7.8562503,0.19129167,6.558334,352.53958,2.5791311,17.21,13.15,-0.1,0.0,0.8,0.5,16.0,53.0,77.0,64.0,24.0,16.0,18.0,1.7
2016-03-15,10.0,5.605602,15.329999,59.336746,-1.6625,0.46454063,59.416668,7.727083,0.18054168,7.4874997,320.98944,3.0469997,20.56,14.75,0.2,0.0,1.0,0.5,23.0,61.0,97.0,46.0,26.0,16.0,17.0,2.6
2016-03-16,56.0,6.6488876,17.699999,60.09054,-0.90625,0.52818143,3.6666667,8.560416,0.17062499,8.308333,288.19595,2.6837978,16.87,15.1,0.8,0.0,1.3,0.6,50.0,88.0,165.0,30.0,34.0,21.0,18.0,5.1
2016-03-17,22.0,6.282005,16.859999,61.08962,0.57916665,0.5159412,40.875,9.208333,0.16045834,8.143749,218.40324,2.376122,15.79,14.15,2.1,1.5,1.1,0.5,25.0,69.0,108.0,39.0,25.0,15.0,17.0,3.2
2016-03-18,63.0,7.2737103,18.3,70.36586,2.5,0.3782458,69.083336,9.33125,0.15941666,8.610417,218.61581,1.6677324,12.32,11.35,6.6,12.799999,0.8,0.4,26.0,55.0,95.0,45.0,23.0,14.0,16.0,2.4
2016-03-19,17.0,8.27898,21.69,82.962,5.5020833,0.2036074,76.208336,9.689584,0.29066667,7.6812496,195.52412,2.3683717,17.32,12.85,3.1,0.1,0.6,0.4,13.0,40.0,59.0,48.0,11.0,8.0,14.0,1.0
2016-03-20,5.0,4.5391355,13.349999,75.398415,3.0958335,0.31415173,64.833336,9.258333,0.29725,7.6562495,43.970016,2.397863,17.67,13.15,2.95,4.7,0.6,0.4,11.0,43.0,60.0,42.0,11.0,8.0,15.0,1.2
2016-03-21,28.0,8.593048,23.64,78.826515,4.0333333,0.2629788,65.708336,9.770833,0.31379166,8.924999,7.1029367,2.1513808,14.72,13.05,5.9,5.4,0.9,0.4,15.0,53.0,76.0,41.0,11.0,8.0,16.0,2.4
2016-03-22,7.0,6.186976,16.71,75.55439,4.3416667,0.31429663,87.833336,10.427083,0.3519583,7.4479165,358.51935,3.147303,20.88,14.15,0.65,0.0,0.7,0.4,16.0,49.0,74.0,48.0,12.0,8.0,17.0,2.7
2016-03-23,33.0,9.598635,23.07,62.902668,-0.29583332,0.47137097,16.25,9.158334,0.31100002,8.904167,332.21158,3.3860605,22.56,17.7,1.45,0.0,0.7,0.5,20.0,54.0,86.0,43.0,19.0,14.0,18.0,3.0
2016-03-24,49.0,5.4675593,14.054999,58.417084,0.38541666,0.604377,24.958334,9.783334,0.278375,10.254167,276.8333,2.6267214,15.32,16.95,3.6,0.0,0.6,0.3,13.0,46.0,67.0,57.0,19.0,14.0,16.0,1.4
2016-03-25,95.0,4.8986177,13.724999,61.556152,2.3812501,0.5742266,61.208332,10.072917,0.25579166,10.7541685,227.44485,3.0286155,19.26,17.25,5.8,0.0,0.9,0.3,24.0,61.0,98.0,37.0,22.0,15.0,16.0,2.7
2016-03-26,41.0,11.614614,27.15,72.41444,5.879167,0.42019677,48.5,11.141666,0.23854166,10.610415,248.6643,3.2057977,20.07,14.6,7.95,0.70000005,0.7,0.2,22.0,42.0,75.0,28.0,21.0,15.0,15.0,1.8
2016-03-27,8.0,11.642804,27.734999,60.80286,2.34375,0.5271323,56.583332,12.049999,0.22954166,8.98125,223.67198,1.8388714,10.5,13.45,5.85,0.8,0.4,0.2,10.0,27.0,41.0,60.0,9.0,5.0,14.0,0.6
2016-03-28,4.0,13.488873,29.955,73.86356,4.6229167,0.31521145,91.916664,10.127084,0.219875,11.802082,221.2974,3.0244884,18.85,17.2,8.6,0.0,0.6,0.3,17.0,47.0,73.0,42.0,14.0,6.0,15.0,1.2
2016-03-29,2.0,12.16672,28.409998,72.34074,6.2999997,0.4495077,53.416668,12.51875,0.21283333,12.510415,209.59477,3.9070346,22.49,20.45,4.4,0.0,0.6,0.4,12.0,57.0,76.0,45.0,17.0,8.0,14.0,1.6
2016-03-30,22.0,8.756946,20.955,62.621845,4.80625,0.68399596,34.166668,12.704166,0.19529165,8.460417,299.6483,2.3360834,13.41,11.3,4.15,0.6,1.0,0.5,31.0,75.0,122.0,37.0,26.0,13.0,16.0,4.3
2016-03-31,8.0,17.292906,37.035,62.834213,0.8729167,0.4173609,52.958332,10.04375,0.19108333,6.9937496,351.7201,3.4125211,22.75,13.95,0.35,0.0,0.6,0.4,13.0,49.0,69.0,55.0,11.0,5.0,17.0,2.1
2016-04-01,0.0,10.93669,23.76,52.274677,-3.1125,0.5606419,7.625,9.166667,0.18166667,8.241666,243.97049,3.5549026,22.64,16.25,0.45,0.0,0.6,0.4,12.0,42.0,60.0,58.0,10.0,6.0,17.0,2.0
2016-04-02,21.0,8.962535,21.39,54.75321,-0.85625,0.60270894,23.458334,10.175,0.16654167,9.01875,216.44452,2.2138472,14.12,12.95,5.0,0.7,0.6,0.4,12.0,47.0,65.0,55.0,16.0,8.0,15.0,1.3
2016-04-03,0.0,13.627995,31.184998,71.204765,3.8333333,0.3479946,84.75,10.035417,0.16216667,7.460417,204.14876,0.59429526,3.29,9.2,5.55,20.499998,0.6,0.3,13.0,45.0,64.0,52.0,16.0,9.0,15.0,1.3
2016-04-04,3.0,9.965143,26.654999,91.149864,6.147917,0.09227105,97.25,8.3,0.29749998,9.420833,359.9479,3.012023,17.36,14.0,5.35,1.2,0.6,0.4,30.0,60.0,107.0,28.0,11.0,7.0,15.0,1.5
2016-04-05,5.0,17.010902,38.76,61.78165,1.8000001,0.50380313,36.25,9.650001,0.3432083,9.84375,356.80844,3.992297,25.06,17.75,1.8,0.0,0.6,0.4,12.0,41.0,59.0,52.0,9.0,6.0,18.0,2.2
2016-04-06,5.0,8.061552,19.32,59.07402,1.3979167,0.62464684,2.3333333,10.724999,0.29591668,10.727084,344.2879,3.9758127,24.89,18.1,2.6,0.0,0.6,0.4,14.0,49.0,71.0,55.0,10.0,6.0,16.0,2.3
2016-04-07,7.0,8.127639,20.565,61.34325,2.8458335,0.6153627,20.083334,11.816667,0.26308334,8.641667,359.5701,3.5592432,21.96,13.15,3.1,0.0,0.7,0.4,20.0,56.0,86.0,49.0,14.0,8.0,16.0,2.8
2016-04-08,10.0,13.973641,32.76,49.129105,-2.4104168,0.6054519,32.708332,10.504167,0.237125,9.560417,240.41231,3.475359,21.28,16.0,2.65,0.0,0.6,0.4,12.0,41.0,60.0,59.0,7.0,4.0,16.0,2.9
2016-04-09,4.0,10.050652,21.779999,57.935925,1.4395833,0.57316655,33.041668,10.702084,0.21804166,8.910416,214.39714,2.3123589,14.46,12.8,5.65,2.6999998,0.5,0.3,14.0,46.0,68.0,53.0,14.0,7.0,14.0,1.5
2016-04-10,2.0,18.150694,40.365,74.27768,3.8479166,0.31868628,75.208336,10.306251,0.21508332,7.7645836,191.57288,2.182661,16.29,13.1,3.85,4.2000003,0.4,0.3,11.0,33.0,49.0,62.0,11.0,6.0,14.0,0.7
2016-04-11,2.0,13.069854,35.475,81.024315,4.5958333,0.23679693,61.291668,10.010417,0.25541666,9.06875,198.73604,1.5318947,10.48,12.3,6.9,12.699999,0.5,0.3,18.0,42.0,70.0,47.0,8.0,4.0,14.0,1.1
2016-04-12,0.0,11.25833,31.65,84.170204,6.40625,0.19996959,79.875,9.85625,0.33354166,9.53125,218.0669,3.0187304,20.6,14.65,5.65,0.4,0.6,0.3,23.0,50.0,86.0,42.0,11.0,9.0,14.0,1.3
2016-04-13,0.0,13.721278,31.244997,71.94809,4.1520834,0.39301768,56.458332,10.743751,0.33775,11.229168,212.73125,2.994837,18.12,16.75,6.25,0.0,0.6,0.4,25.0,51.0,90.0,46.0,13.0,9.0,14.0,1.6
2016-04-14,1.0,13.516515,28.74,69.40275,5.5333333,0.47795975,53.041668,11.404167,0.30079165,12.15625,220.8385,3.2329395,18.04,17.6,7.05,1.0,0.7,0.4,26.0,57.0,97.0,37.0,19.0,12.0,14.0,2.2
2016-04-15,0.0,13.012207,29.865,69.632385,6.214583,0.50540376,49.125,12.131249,0.27675,12.066666,209.76624,2.172675,14.31,15.3,9.65,4.8999996,0.9,0.4,40.0,62.0,124.0,32.0,20.0,12.0,15.0,3.8
2016-04-16,1.0,15.32293,40.454998,83.605,9.181251,0.25201365,80.458336,12.756249,0.30404165,11.235417,228.16689,3.526534,23.57,15.5,7.8,0.2,0.4,0.3,14.0,39.0,61.0,40.0,8.0,6.0,14.0,1.0
2016-04-17,2.0,9.769124,23.97,67.04362,4.454167,0.49714777,28.583334,12.875,0.30241665,12.756249,66.779076,4.2679486,25.26,20.7,3.75,0.0,0.4,0.3,13.0,40.0,60.0,56.0,6.0,3.0,14.0,0.9
2016-04-18,5.0,7.715349,18.644999,59.078426,4.3937497,0.7607495,34.833332,13.21875,0.26833335,12.635415,70.65425,1.7662213,10.25,14.75,10.45,8.9,0.6,0.3,17.0,46.0,72.0,53.0,13.0,8.0,16.0,2.1
2016-04-19,1.0,8.165754,23.805,80.4177,9.177083,0.28880027,87.375,12.885417,0.30775002,10.629166,116.43609,1.6745174,10.36,13.15,7.7,14.699999,0.6,0.4,25.0,61.0,99.0,34.0,16.0,11.0,16.0,2.3
2016-04-20,2.0,8.29337,19.98,80.99397,7.116667,0.25243726,94.583336,11.872917,0.38870832,10.847917,217.64096,2.8555226,17.95,15.75,7.3,0.0,0.6,0.4,24.0,64.0,101.0,37.0,11.0,8.0,16.0,2.2
2016-04-21,0.0,8.828828,21.555,72.10383,5.6416664,0.42764473,82.208336,12.116666,0.357,12.202084,219.22263,3.1813946,20.65,16.5,8.0,0.9,0.6,0.4,24.0,52.0,89.0,47.0,9.0,5.0,15.0,1.7
2016-04-22,0.0,5.7757554,15.509999,71.9731,6.9791665,0.434942,77.75,13.520833,0.33104166,11.645835,281.85297,3.0567455,20.21,16.55,6.65,1.6000001,0.7,0.4,26.0,61.0,101.0,41.0,13.0,8.0,16.0,2.5
2016-04-23,4.0,5.9148064,17.535,78.03912,7.5791664,0.34866667,40.333332,13.227084,0.32354167,11.085416,358.13437,3.9529881,24.6,17.55,5.25,0.0,0.7,0.4,32.0,55.0,105.0,32.0,14.0,10.0,16.0,3.2
2016-04-24,4.0,9.4884615,21.765,63.699993,3.4875,0.5827934,16.708334,12.91875,0.314125,11.337499,27.688196,4.4590373,28.41,18.35,3.85,0.0,0.4,0.3,8.0,32.0,45.0,61.0,7.0,5.0,16.0,1.1
2016-04-25,4.0,4.509626,14.264999,55.364338,1.7270833,0.71976274,7.5,13.204166,0.282625,13.416667,242.2301,4.47818,25.53,20.3,5.6,0.0,0.6,0.4,20.0,52.0,83.0,53.0,13.0,8.0,16.0,2.3
2016-04-26,7.0,6.627113,16.92,56.470463,4.2875,0.78427815,40.041668,14.1875,0.25770834,13.972916,255.16626,3.743332,20.57,19.75,7.9,0.0,0.8,0.4,29.0,66.0,110.0,40.0,16.0,8.0,16.0,3.1
2016-04-27,0.0,7.0120883,18.464998,63.487453,6.3250003,0.6775098,85.541664,14.787499,0.23862499,11.816667,27.416424,2.587742,15.93,16.45,8.05,4.7000003,0.9,0.5,39.0,68.0,128.0,34.0,20.0,11.0,17.0,3.7
2016-04-28,2.0,6.641327,18.644999,75.86146,7.410417,0.36991313,69.083336,13.758334,0.26645833,12.970834,57.55339,2.9108098,16.64,17.85,9.1,0.0,0.5,0.3,13.0,45.0,64.0,53.0,9.0,6.0,16.0,2.9
2016-04-29,0.0,6.9310303,17.144999,68.60262,7.0479164,0.525466,89.125,14.325,0.26408336,12.535417,1.3180127,4.5836506,27.92,16.95,6.5,0.7,0.5,0.3,19.0,44.0,73.0,43.0,13.0,8.0,16.0,1.7
2016-04-30,4.0,11.444232,25.664999,58.85741,3.0270834,0.6677471,11.5,14.306251,0.24995834,10.385416,22.14771,4.8280745,29.04,16.65,3.7,0.0,0.4,0.3,12.0,35.0,54.0,55.0,10.0,7.0,15.0,1.5
2016-05-01,14.0,10.592386,25.919998,44.623775,-1.9645834,0.7783087,1.875,12.883334,0.21879166,12.616666,18.250515,4.9471145,29.28,22.05,3.3,0.0,0.3,0.3,5.0,22.0,31.0,72.0,7.0,4.0,15.0,0.6
2016-05-02,8.0,6.2393913,16.05,46.789368,0.2729167,0.9774992,3.0833333,14.091667,0.19354166,16.06875,46.55371,5.3997755,29.05,24.2,7.0,0.0,0.5,0.3,14.0,42.0,63.0,72.0,9.0,4.0,15.0,1.5
2016-05-03,6.0,6.8824005,16.98,45.682526,2.9333334,1.2116438,0.0,16.491667,0.16974999,17.614582,53.695385,5.2903986,27.48,25.4,8.75,0.0,0.9,0.4,35.0,69.0,123.0,56.0,14.0,8.0,16.0,2.3
2016-05-04,4.0,6.9484296,16.935,42.86324,3.2583332,1.3594666,50.166668,17.86875,0.14808334,15.368751,92.64035,3.8039074,16.59,20.35,10.9,0.2,1.0,0.5,37.0,76.0,133.0,60.0,23.0,10.0,16.0,2.6
2016-05-05,9.0,9.495797,22.17,50.526257,4.5625,0.91246253,97.041664,16.235416,0.13625,13.049998,145.49974,2.368003,13.71,17.2,9.55,5.9,0.8,0.4,24.0,67.0,103.0,59.0,22.0,10.0,15.0,2.6
2016-05-06,5.0,7.907533,23.775,76.433784,8.743751,0.37631133,92.916664,14.714583,0.17549999,13.006251,203.15138,2.9206061,17.78,16.95,10.25,1.8000001,0.5,0.3,19.0,46.0,75.0,51.0,11.0,6.0,15.0,1.6
2016-05-07,0.0,12.292614,29.159998,76.09049,8.633333,0.39919725,91.083336,15.120833,0.212,11.75,167.77939,1.1238528,5.78,13.15,10.5,29.4,0.3,0.3,12.0,32.0,50.0,57.0,11.0,6.0,15.0,0.8
2016-05-08,0.0,12.75435,36.39,87.055664,9.472917,0.17717676,96.541664,12.535417,0.33995834,11.393749,191.22765,2.3558202,15.63,14.75,8.95,13.1,0.3,0.3,9.0,30.0,44.0,53.0,7.0,4.0,15.0,0.6
2016-05-09,0.0,10.590718,31.784998,82.16598,8.329166,0.25711584,79.0,12.883334,0.37845835,10.818749,156.76231,2.2128386,14.32,14.4,7.5,6.2000003,0.4,0.3,20.0,44.0,75.0,44.0,7.0,5.0,15.0,1.3
2016-05-10,1.0,10.388739,25.229998,80.99059,7.3729167,0.27140763,92.583336,12.308333,0.37487498,10.472917,211.41293,3.2669322,21.45,15.7,6.45,2.2,0.5,0.3,23.0,52.0,87.0,39.0,11.0,6.0,15.0,1.7
2016-05-11,1.0,9.565181,24.585,75.53175,5.8458333,0.3772541,82.208336,12.835416,0.36454165,10.91875,225.25783,3.1118922,21.32,14.5,7.95,1.9999999,0.6,0.4,24.0,54.0,92.0,44.0,10.0,5.0,15.0,2.0
2016-05-12,2.0,12.202438,28.169998,74.67224,6.1979165,0.3654414,82.166664,13.083333,0.36787498,11.539582,284.17572,3.258681,21.02,15.7,7.2,0.8000001,0.5,0.3,23.0,46.0,82.0,52.0,9.0,5.0,15.0,1.4
2016-05-13,1.0,8.186059,21.105,71.54064,6.320833,0.43695858,63.875,13.235416,0.34516665,13.041667,293.10086,3.058338,17.21,18.1,6.85,0.1,0.7,0.4,28.0,54.0,97.0,34.0,10.0,5.0,15.0,2.3
2016-05-14,1.0,6.0360274,14.865001,66.322075,6.491667,0.59608907,58.833332,13.852084,0.32379165,14.489585,4.274419,3.5224142,19.39,19.55,8.85,0.0,0.5,0.3,11.0,43.0,60.0,50.0,9.0,6.0,15.0,1.4
2016-05-15,8.0,6.465931,17.324999,62.923283,6.9354167,0.69952255,48.541668,14.95,0.30362502,15.441666,354.26233,5.1292834,30.34,21.55,7.75,0.0,0.5,0.3,9.0,44.0,57.0,62.0,12.0,8.0,14.0,1.3
2016-05-16,15.0,4.7203655,13.634999,55.039307,5.4166665,0.9213821,21.541666,16.504168,0.27775,16.2125,26.312597,4.223129,23.75,21.65,10.2,0.0,0.4,0.3,5.0,36.0,44.0,81.0,14.0,9.0,14.0,1.2
2016-05-17,13.0,4.9628186,13.349999,54.955357,6.741667,0.9378052,76.458336,16.983334,0.25254166,17.585417,274.8439,4.8889275,25.51,23.9,10.4,0.0,0.5,0.4,14.0,60.0,81.0,68.0,17.0,10.0,14.0,1.9
2016-05-18,3.0,7.0390687,17.775,56.089676,7.914583,1.0124049,23.875,17.614584,0.23283333,17.327084,346.78827,5.5125313,29.78,23.55,9.8,0.0,1.0,0.4,30.0,72.0,118.0,46.0,24.0,15.0,15.0,4.2
2016-05-19,,7.6114717,19.32,56.613678,7.8020835,1.0024153,14.958333,18.429167,0.20920832,18.93125,20.497416,5.424245,29.37,26.05,10.8,0.0,0.5,0.3,12.0,41.0,59.0,63.0,14.0,8.0,14.0,1.9
2016-05-20,,4.0553136,12.884999,53.864506,8.345834,1.2125388,4.25,19.862501,0.18458332,19.541666,214.08719,5.313997,24.87,25.7,12.65,0.0,0.7,0.4,28.0,63.0,106.0,43.0,18.0,10.0,15.0,2.3
2016-05-21,7.0,10.035264,23.775,57.114536,10.295834,1.1062778,37.625,20.129168,0.16458334,17.56875,266.52066,4.7584662,23.66,21.2,14.2,0.4,1.0,0.5,34.0,66.0,118.0,55.0,28.0,17.0,15.0,2.0
2016-05-22,3.0,13.831097,30.300001,54.20653,6.7000003,0.94727373,29.041666,18.870832,0.15795834,14.700001,55.743702,4.330537,23.98,20.85,8.4,0.1,0.4,0.3,10.0,34.0,49.0,59.0,18.0,9.0,14.0,0.9
2016-05-23,1.0,5.8313313,15.509999,46.7448,2.7020833,1.0130724,78.25,17.089582,0.14683333,17.241667,226.5981,5.401441,26.19,23.6,10.55,0.0,0.6,0.4,15.0,46.0,68.0,51.0,17.0,6.0,15.0,2.0
2016-05-24,5.0,11.525729,28.32,52.422806,6.8375,1.0545443,85.625,18.785418,0.13320833,16.239584,216.82358,4.312884,21.8,20.35,13.0,0.1,0.7,0.4,25.0,62.0,100.0,38.0,23.0,10.0,16.0,3.9
2016-05-25,2.0,10.59611,26.144999,56.06487,6.8125,0.8600318,90.708336,18.345833,0.123,17.364584,233.93826,5.09453,26.14,23.7,10.15,0.3,0.6,0.4,23.0,50.0,85.0,44.0,17.0,8.0,15.0,2.1
2016-05-26,2.0,7.643866,22.289999,53.001118,6.88125,1.0672432,56.041668,19.670834,0.118375,18.289583,232.71387,5.8670626,29.48,24.35,12.95,0.0,0.7,0.4,29.0,63.0,107.0,43.0,23.0,11.0,15.0,3.0
2016-05-27,3.0,9.915325,23.699999,48.024166,6.4187503,1.1923999,9.833333,20.341667,0.1065,15.291665,233.41348,4.270025,22.65,19.1,11.65,1.8,0.9,0.4,31.0,65.0,113.0,42.0,27.0,13.0,15.0,3.1
2016-05-28,0.0,13.738618,32.835,58.23503,6.710417,0.74636173,43.375,18.060417,0.113916665,14.193749,236.43024,4.045086,22.59,18.7,9.95,1.7,0.5,0.3,15.0,47.0,70.0,50.0,13.0,6.0,15.0,1.5
2016-05-29,1.0,11.8703375,28.365,63.855076,6.8729167,0.658982,54.333332,17.245832,0.129625,15.289582,279.98935,4.122111,22.59,20.7,9.4,0.0,0.4,0.3,15.0,35.0,59.0,43.0,10.0,6.0,14.0,0.9
2016-05-30,1.0,5.8712425,15.794999,53.341465,4.44375,0.93377465,47.416668,18.102083,0.124000005,16.2,7.88304,4.887825,24.85,22.65,8.3,0.0,0.8,0.3,19.0,46.0,76.0,50.0,11.0,6.0,16.0,3.1
2016-05-31,1.0,8.218617,19.755,47.151737,3.8062499,1.1260238,34.166668,18.668749,0.109625004,17.772915,352.8271,5.912457,31.26,25.3,8.35,0.0,0.4,0.3,10.0,39.0,55.0,64.0,10.0,6.0,16.0,2.2
2016-06-01,16.0,5.294527,15.315,42.304623,3.125,1.4058871,0.0,21.133333,0.096541665,19.602083,353.9275,6.1751914,30.52,27.0,10.6,0.0,0.5,0.3,13.0,52.0,72.0,68.0,14.0,9.0,17.0,2.4
2016-06-02,8.0,5.716753,15.989999,34.898434,2.1979167,1.7201277,52.291668,22.933334,0.08583333,21.433332,276.17673,5.837786,25.84,28.05,13.85,0.1,0.6,0.4,17.0,64.0,89.0,64.0,18.0,8.0,17.0,2.9
2016-06-03,,7.7839394,18.585,38.134636,5.495833,1.7271867,68.458336,23.941666,0.080749996,20.464582,258.69006,5.332821,26.45,26.0,14.1,1.3,0.8,0.5,26.0,78.0,118.0,49.0,32.0,14.0,18.0,4.6
2016-06-04,,5.841807,17.22,50.381588,8.964583,1.3139836,38.916668,24.195833,0.08208334,21.245834,255.9637,5.858067,28.07,27.85,13.25,0.0,0.5,0.3,12.0,50.0,68.0,66.0,21.0,12.0,17.0,1.8
2016-06-05,4.0,6.956818,17.369999,47.26181,7.714583,1.5665141,39.375,24.604166,0.08479167,22.006248,237.92076,6.171726,27.57,27.9,15.3,0.0,0.4,0.3,9.0,42.0,55.0,68.0,20.0,11.0,17.0,1.3
2016-06-06,0.0,7.590729,19.529999,39.65017,6.9354167,1.7446722,32.833332,24.758333,0.077874996,23.53125,251.85678,6.5701566,30.46,30.95,14.3,0.0,0.7,0.4,28.0,62.0,106.0,41.0,23.0,10.0,18.0,2.9
2016-06-07,2.0,6.3458953,16.859999,39.57557,7.21875,2.0565262,24.125,26.877083,0.07354166,25.216673,279.12494,6.7335324,30.6,32.95,15.25,0.0,0.7,0.4,27.0,65.0,106.0,48.0,24.0,13.0,17.0,3.2
2016-06-08,5.0,5.459539,16.199999,34.89982,7.120833,2.4072065,5.3333335,28.252083,0.06995834,26.299997,251.01404,7.127126,28.22,33.55,17.35,0.0,0.9,0.5,31.0,82.0,129.0,43.0,25.0,13.0,18.0,5.3
2016-06-09,7.0,8.221189,20.88,34.146446,7.69375,2.5396998,74.458336,29.168749,0.067708336,24.485418,279.0317,5.790522,23.71,29.0,17.9,0.0,0.7,0.4,23.0,75.0,110.0,48.0,34.0,15.0,17.0,3.7
2016-06-10,11.0,7.397548,19.515,39.81808,9.075,1.9424356,71.666664,27.641668,0.06666667,23.577085,309.0059,5.778124,24.41,28.85,17.8,0.0,0.8,0.5,22.0,69.0,103.0,46.0,30.0,14.0,17.0,3.0
2016-06-11,3.0,8.026249,20.94,38.98545,7.9979167,1.8820907,52.416668,27.377083,0.0665,23.808336,293.92337,6.6107,28.04,31.45,15.6,0.0,0.4,0.3,7.0,36.0,47.0,68.0,17.0,9.0,17.0,1.3
2016-06-12,4.0,7.77605,20.4,36.615917,7.254167,2.0899885,68.833336,27.797918,0.065749995,24.672915,295.56284,7.2095914,29.01,31.15,18.0,0.0,0.4,0.3,10.0,38.0,53.0,53.0,19.0,9.0,17.0,1.5
2016-06-13,4.0,12.414607,29.730001,42.2862,9.858334,1.9482797,1.0833334,28.310417,0.064875,22.108332,271.33997,6.85399,25.44,28.3,15.9,0.0,0.5,0.3,18.0,34.0,63.0,40.0,17.0,7.0,18.0,1.9
2016-06-14,22.0,13.958158,33.42,40.06373,6.94375,1.6979871,36.083332,26.125,0.06458333,17.668749,243.73083,4.878855,22.1,20.5,14.95,1.0,0.5,0.3,20.0,41.0,72.0,47.0,20.0,8.0,18.0,1.9
2016-06-15,6.0,15.869367,36.105,50.792313,6.429167,0.9910186,38.75,21.964584,0.06845833,15.4020815,260.27695,4.850057,24.17,20.4,10.75,0.0,0.5,0.3,24.0,40.0,77.0,37.0,14.0,5.0,18.0,1.6
2016-06-16,1.0,10.736454,27.255,47.323376,3.8500001,0.9799113,37.333332,20.125,0.07733333,16.516668,262.53812,4.3179092,19.96,21.3,10.6,0.0,0.5,0.3,26.0,45.0,85.0,37.0,18.0,6.0,18.0,2.0
2016-06-17,1.0,8.265937,21.15,46.37733,4.1062503,1.122681,54.333332,20.070833,0.08541667,17.968752,2.9355927,5.642551,26.97,23.7,11.7,0.0,0.5,0.3,19.0,44.0,72.0,49.0,12.0,6.0,18.0,1.7
2016-06-18,2.0,9.96219,23.01,42.299793,3.6875,1.3081919,18.958334,22.027084,0.076249994,19.102083,14.062052,6.505278,30.81,26.6,10.85,0.0,0.2,0.2,5.0,24.0,31.0,66.0,10.0,6.0,17.0,0.8
2016-06-19,10.0,8.084711,22.275,39.616333,4.1041665,1.5314466,42.333332,23.8125,0.06983333,23.102083,19.087814,6.2895737,29.35,31.5,13.5,0.0,0.2,0.2,6.0,26.0,34.0,66.0,9.0,5.0,17.0,0.7
2016-06-20,18.0,5.791987,16.56,39.023457,7.383333,2.0460055,6.25,27.272917,0.066583335,26.25,96.20766,7.084232,30.48,33.35,17.7,0.0,0.5,0.3,26.0,52.0,92.0,39.0,14.0,8.0,18.0,2.2
2016-06-21,5.0,6.756441,19.154999,30.299797,6.5916667,2.6161613,5.5,29.822916,0.06470833,27.310415,128.92085,8.059777,30.83,34.65,19.0,0.0,0.5,0.3,16.0,49.0,74.0,61.0,21.0,9.0,17.0,2.3
2016-06-22,0.0,9.854651,24.015,22.963675,1.6458334,3.057502,0.0,30.345833,0.06358334,26.112501,196.6756,8.053971,30.0,32.5,18.3,0.0,0.4,0.3,16.0,49.0,73.0,68.0,21.0,7.0,17.0,1.7
2016-06-23,0.0,10.978162,27.644999,27.92192,5.3416667,2.5650232,0.20833333,29.675001,0.06329167,26.091665,235.1714,7.3963084,28.88,32.2,19.2,1.0,0.6,0.4,18.0,60.0,88.0,65.0,29.0,10.0,17.0,2.0
2016-06-24,1.0,9.17123,25.875,29.874289,6.1979165,2.5159907,8.708333,29.052084,0.066083334,25.312502,22.190332,6.8979783,29.71,31.75,17.7,0.0,0.9,0.4,36.0,89.0,145.0,36.0,38.0,16.0,18.0,4.6
2016-06-25,0.0,9.367202,24.51,36.1067,6.8604164,2.3253756,12.416667,29.481249,0.066708334,24.402082,38.589165,6.909414,28.17,31.0,16.7,0.0,0.4,0.3,10.0,40.0,56.0,72.0,25.0,9.0,17.0,1.4
2016-06-26,0.0,10.707219,28.89,33.44022,6.2666664,2.2450378,12.375,29.377083,0.06395833,25.770834,43.50138,6.6105285,27.41,32.2,18.15,0.0,0.3,0.2,5.0,24.0,31.0,75.0,19.0,9.0,17.0,0.7
2016-06-27,1.0,7.6478896,22.229998,33.61819,7.75625,2.406553,13.0,30.460417,0.06295834,27.808332,69.92841,7.009559,27.58,34.9,19.8,0.0,0.5,0.3,17.0,56.0,82.0,67.0,30.0,13.0,17.0,1.9
2016-06-28,1.0,7.1927648,19.244999,31.277185,8.01875,2.8114278,25.708334,31.679167,0.062750004,27.849998,216.84473,7.025637,25.79,33.9,20.7,0.0,0.6,0.3,16.0,58.0,83.0,59.0,42.0,16.0,17.0,2.6
2016-06-29,1.0,8.6774645,23.235,30.585947,7.75,2.767452,30.541666,30.800001,0.062875,26.808332,249.78346,7.3336015,30.14,33.15,18.95,0.0,0.6,0.4,22.0,69.0,103.0,47.0,49.0,18.0,17.0,3.2
2016-06-30,3.0,7.7059007,21.0,28.586897,5.7708335,2.7023516,13.0,30.9125,0.0625,26.918749,235.21394,7.6725216,29.85,33.15,19.75,0.0,0.7,0.5,21.0,67.0,99.0,54.0,31.0,16.0,17.0,3.0
2016-07-01,1.0,9.123813,23.19,29.362555,6.2354164,2.7059085,8.458333,30.995834,0.062208336,27.714584,275.2307,7.049473,30.43,34.6,19.6,0.0,0.6,0.4,22.0,66.0,99.0,50.0,25.0,12.0,17.0,2.6
2016-07-02,0.0,6.3737435,18.269999,29.50464,6.933333,2.8914757,1.125,32.058334,0.06175,28.302086,54.43314,7.6343336,30.28,35.95,19.85,0.4,0.5,0.3,14.0,56.0,78.0,60.0,22.0,13.0,17.0,2.3
2016-07-03,0.0,9.10339,23.175001,31.888054,8.141666,2.997754,15.291667,33.039585,0.062000003,28.006248,124.66348,6.967264,27.65,34.0,21.95,0.70000005,0.4,0.3,7.0,35.0,45.0,75.0,26.0,12.0,17.0,1.1
2016-07-04,3.0,8.057802,21.974998,37.16245,10.666667,2.4791958,40.416668,32.608334,0.066250004,26.664583,15.405932,6.0434227,26.06,32.9,19.95,2.0,0.5,0.3,11.0,46.0,62.0,67.0,34.0,14.0,17.0,1.6
2016-07-05,0.0,5.451021,17.64,42.21918,11.710416,2.2152956,27.875,31.404167,0.072458334,27.412498,29.521255,6.406681,26.64,33.25,20.85,0.0,0.5,0.3,9.0,51.0,65.0,77.0,23.0,13.0,17.0,2.1
2016-07-06,0.0,6.55119,17.73,37.57989,10.804166,2.4761248,43.583332,31.779167,0.07195833,27.131247,60.15696,5.5583563,22.35,32.5,21.65,0.3,0.6,0.3,12.0,56.0,74.0,71.0,29.0,16.0,15.0,2.9
2016-07-07,0.0,5.9759007,15.554999,37.723026,10.654166,2.3190897,87.5,31.095833,0.06925,26.981249,2.9107718,5.86392,28.05,33.3,20.15,0.0,0.6,0.3,10.0,53.0,69.0,57.0,18.0,9.0,12.0,3.0
2016-07-08,1.0,2.9143038,12.105,41.72689,11.487499,2.386483,22.041666,32.3125,0.068166666,29.287498,60.28638,6.4896293,27.39,35.2,22.0,0.0,0.7,0.4,17.0,73.0,100.0,61.0,25.0,12.0,12.0,3.3
2016-07-09,0.0,5.332541,16.335,32.863895,10.322917,2.9643505,20.916666,33.729168,0.064166665,30.418749,198.35686,6.973003,25.42,36.75,23.0,0.0,0.5,0.3,15.0,62.0,85.0,78.0,24.0,14.0,12.0,2.2
2016-07-10,1.0,7.564198,19.8,30.223475,9.733334,3.242366,25.083334,33.991665,0.06375,29.84167,246.91484,8.269132,29.42,35.9,23.05,0.0,0.5,0.3,14.0,53.0,74.0,75.0,31.0,15.0,12.0,2.0
2016-07-11,4.0,10.361354,25.109999,26.617815,7.1458335,3.278224,9.791667,33.337498,0.063625,26.754166,322.87143,7.505356,29.54,31.8,20.65,0.0,1.0,0.4,28.0,72.0,116.0,46.0,25.0,14.0,9.0,3.8
2016-07-12,1.0,9.489872,24.029999,29.854975,6.53125,2.5437725,34.375,31.78125,0.0625,23.289583,31.190908,7.731469,30.81,29.3,16.4,0.0,0.5,0.3,14.0,55.0,77.0,63.0,17.0,8.0,5.0,2.6
2016-07-13,2.0,13.764272,32.039997,32.58144,4.0895834,2.0704823,4.4583335,29.197916,0.062124997,22.61458,33.87856,7.680317,30.56,30.5,14.8,0.0,0.3,0.3,8.0,32.0,45.0,67.0,13.0,6.0,5.0,1.8
2016-07-14,2.0,11.717284,28.65,26.082727,-0.11041667,2.2687917,0.41666666,28.629166,0.061999995,23.139582,56.548096,7.240099,31.05,31.0,14.55,0.0,0.3,0.3,8.0,35.0,48.0,69.0,12.0,5.0,5.0,1.6
2016-07-15,1.0,8.543725,23.43,20.10508,-3.9208333,2.5330544,0.0,28.770834,0.061875,26.102083,83.217026,7.182941,29.76,33.2,18.35,0.0,0.6,0.3,31.0,58.0,106.0,70.0,19.0,7.0,6.0,3.1
2016-07-16,1.0,7.5237784,19.574999,29.066027,5.9625,2.6367295,0.041666668,31.104166,0.061583336,28.439585,153.861,6.8955975,29.52,35.2,19.95,0.0,0.6,0.4,17.0,52.0,79.0,74.0,23.0,11.0,5.0,2.7
2016-07-17,0.0,5.492204,15.209999,27.742096,6.6145835,3.0654428,0.7083333,32.670834,0.061458334,29.420828,118.17849,8.045246,29.95,37.25,20.5,0.0,0.4,0.3,7.0,41.0,53.0,81.0,24.0,11.0,5.0,1.2
2016-07-18,1.0,9.209603,22.769999,21.661417,3.66875,3.5053437,0.45833334,33.087498,0.06125,29.91667,176.2524,7.7874446,29.4,37.65,21.05,0.0,0.4,0.3,13.0,51.0,71.0,76.0,24.0,10.0,5.0,2.0
2016-07-19,0.0,8.202623,21.029999,27.896898,8.014584,3.3526485,16.208334,34.05,0.061,30.091667,204.79927,7.6713753,22.55,34.95,24.7,0.7,0.5,0.3,16.0,59.0,83.0,70.0,40.0,12.0,6.0,2.8
2016-07-20,0.0,12.696156,28.62,28.777802,9.325,3.0819275,40.375,31.987501,0.06554166,28.052084,227.69981,7.4016485,28.9,34.3,21.0,0.0,0.6,0.3,25.0,68.0,106.0,40.0,84.0,25.0,6.0,2.9
2016-07-21,0.0,8.208886,21.0,26.912447,5.7687497,2.9835865,36.083332,31.683334,0.065875,26.512499,352.09564,7.256758,27.85,31.45,20.7,0.2,0.8,0.4,25.0,76.0,114.0,54.0,33.0,15.0,6.0,5.0
2016-07-22,0.0,10.476275,28.14,32.271698,7.75,2.410748,14.375,31.143751,0.062916666,24.577082,41.58632,7.3378444,29.38,30.75,17.95,0.0,0.5,0.3,13.0,49.0,68.0,70.0,24.0,12.0,6.0,4.5
2016-07-23,0.0,11.937397,26.76,35.177288,6.9125,2.2031019,2.5416667,30.029167,0.06254167,26.083334,41.300915,6.816576,29.02,32.85,18.55,0.0,0.2,0.2,6.0,23.0,32.0,56.0,10.0,5.0,5.0,1.0
2016-07-24,2.0,7.5239754,21.225,33.17862,7.245833,2.5125415,4.5833335,31.383333,0.061999995,28.379164,21.399847,7.0582423,29.27,35.4,20.55,0.0,0.2,0.2,5.0,26.0,33.0,68.0,13.0,6.0,5.0,1.2
2016-07-25,1.0,7.2329316,20.49,27.578749,6.589583,3.065283,0.625,33.03125,0.061583336,29.539587,46.524574,7.711873,28.8,36.55,22.0,0.0,0.3,0.2,5.0,32.0,40.0,78.0,14.0,7.0,5.0,1.3
2016-07-26,0.0,8.564662,22.815,26.778358,7.0770836,3.2870865,12.708333,33.922916,0.061416667,29.9375,34.39793,6.8789315,25.38,36.1,23.05,0.0,0.5,0.3,17.0,61.0,87.0,72.0,25.0,10.0,6.0,2.1
2016-07-27,0.0,8.932702,23.64,27.399277,8.28125,3.26678,20.25,34.022915,0.061125,30.277082,56.595264,7.5238566,26.69,36.4,23.05,0.0,0.5,0.3,8.0,54.0,67.0,85.0,25.0,13.0,5.0,2.3
2016-07-28,1.0,8.626348,22.289999,26.557562,8.041667,3.3839471,6.5833335,34.570835,0.061,30.785418,208.05063,8.25191,27.24,37.3,23.6,0.0,0.7,0.3,26.0,66.0,107.0,74.0,31.0,14.0,6.0,2.8
2016-07-29,0.0,10.536353,26.31,22.884298,5.9354167,3.61778,16.958334,34.535416,0.061,29.164583,222.22636,9.05826,29.13,34.4,23.9,0.0,0.6,0.3,17.0,65.0,90.0,69.0,35.0,15.0,6.0,2.3
2016-07-30,1.0,15.3940735,34.41,25.11971,5.4249997,3.1100702,0.16666667,32.672916,0.061,26.541672,240.26773,7.265836,28.66,32.7,18.9,0.0,0.5,0.3,12.0,56.0,75.0,67.0,37.0,15.0,5.0,1.6
2016-07-31,0.0,8.534453,21.765,28.436003,5.8854165,2.6426473,1.5416666,31.320833,0.061,26.870836,68.96239,6.828351,28.03,33.6,19.05,0.0,0.3,0.3,6.0,35.0,44.0,81.0,20.0,10.0,5.0,0.8
2016-08-01,1.0,8.435176,22.784998,33.956936,7.59375,2.638072,3.4166667,32.189583,0.061,28.691666,85.48622,7.351638,28.7,35.95,20.4,0.0,0.4,0.3,11.0,44.0,61.0,70.0,22.0,9.0,5.0,1.5
2016-08-02,0.0,7.680161,20.1,26.253218,5.3958335,3.2105439,0.29166666,32.83125,0.061,29.32708,236.15987,7.4763303,28.27,36.35,20.5,0.0,0.6,0.3,19.0,62.0,92.0,68.0,29.0,11.0,6.0,2.9
2016-08-03,0.0,7.9033794,20.355,22.435797,3.6083333,3.4215038,2.875,33.024998,0.061,28.96875,290.9218,7.7366147,27.02,35.5,21.45,0.0,0.7,0.4,25.0,72.0,111.0,71.0,33.0,14.0,6.0,1.8
2016-08-04,2.0,10.029985,23.595,26.152733,6.727083,3.1147401,60.333332,33.058334,0.061,27.079165,28.67968,6.8834257,28.18,32.85,20.35,0.0,0.6,0.5,16.0,58.0,83.0,58.0,25.0,12.0,6.0,3.3
2016-08-05,0.0,9.913402,26.13,32.789433,7.2166667,2.6055012,1.5833334,32.085415,0.061,27.364584,44.732277,7.547913,28.77,34.45,19.65,0.0,0.2,0.2,7.0,32.0,43.0,57.0,15.0,6.0,5.0,0.7
2016-08-06,0.0,9.503434,24.539999,20.21439,0.3083333,3.1576118,0.0,31.902084,0.061,28.022917,58.657078,7.57612,28.25,35.15,20.2,0.0,0.2,0.2,8.0,32.0,44.0,61.0,13.0,5.0,5.0,1.1
2016-08-07,0.0,9.074151,25.125,23.098404,3.8374999,3.1423848,0.0,32.433334,0.061,28.647917,82.590645,6.9506526,27.77,34.95,20.9,0.0,0.4,0.3,14.0,37.0,58.0,65.0,18.0,8.0,6.0,1.6
2016-08-08,0.0,6.547512,19.394999,26.096146,6.2666664,3.0909443,1.5416666,33.412502,0.061,27.810415,57.287094,6.639345,23.8,33.7,21.8,0.0,0.4,0.3,9.0,48.0,62.0,69.0,24.0,9.0,5.0,2.0
2016-08-09,0.0,9.72893,27.9,27.673233,6.30625,2.7748299,41.25,32.1375,0.06333333,23.072914,50.26663,7.014201,25.87,28.9,16.7,0.0,0.3,0.3,9.0,46.0,60.0,64.0,22.0,8.0,5.0,1.3
2016-08-10,1.0,15.62191,38.445,37.003315,6.7645836,1.8977436,21.541666,28.466667,0.066875,23.397919,53.216423,6.960414,28.3,30.35,15.75,0.0,,0.2,5.0,23.0,31.0,66.0,12.0,5.0,5.0,
2016-08-11,1.0,9.627859,25.305,20.94663,-2.8916667,2.489526,7.5416665,28.581251,0.06316667,25.083334,78.14024,6.6491137,27.09,31.9,17.95,0.0,,0.2,9.0,36.0,49.0,70.0,14.0,5.0,5.0,
2016-08-12,0.0,8.097523,21.15,32.2115,6.4208336,2.3614748,0.5416667,30.033333,0.061999995,26.583336,145.93901,6.135715,26.4,33.2,18.85,0.0,0.3,0.2,7.0,38.0,48.0,72.0,21.0,8.0,5.0,2.2
2016-08-13,0.0,5.760477,15.6449995,34.23373,8.339583,2.51435,0.625,31.262499,0.061625,27.216667,125.82967,6.3562026,26.72,34.0,19.65,0.0,0.3,0.2,5.0,33.0,41.0,82.0,20.0,8.0,5.0,0.8
2016-08-14,0.0,6.6647873,17.385,31.365423,6.9041667,2.7142303,0.75,31.597916,0.061499998,27.237497,158.30482,6.7811623,25.23,34.25,20.0,0.0,0.2,0.2,4.0,29.0,35.0,78.0,18.0,8.0,5.0,2.0
2016-08-15,0.0,9.094716,23.039999,32.838943,8.166667,2.6445332,35.083332,31.4625,0.06116667,26.96875,231.92714,6.1212616,22.06,31.35,21.0,0.0,0.3,0.2,5.0,36.0,44.0,71.0,29.0,10.0,5.0,1.2
2016-08-16,0.0,8.119755,23.324999,30.647516,7.7979164,2.5332088,19.833334,30.356249,0.061541665,26.03125,222.62422,6.2988133,24.68,32.1,18.7,0.0,0.5,0.3,13.0,56.0,76.0,58.0,46.0,17.0,5.0,1.8
2016-08-17,0.0,7.8297744,22.289999,28.668388,5.022917,2.5835426,42.958332,29.747917,0.061583336,26.49792,237.01411,6.460139,26.15,32.8,19.05,0.0,0.6,0.3,21.0,64.0,96.0,54.0,36.0,14.0,5.0,2.8
2016-08-18,0.0,7.248554,19.41,34.56718,8.777083,2.4386861,11.583333,31.170832,0.061333332,26.987501,229.68825,6.8240294,25.77,33.5,20.2,0.0,0.5,0.3,17.0,50.0,76.0,54.0,23.0,9.0,5.0,2.8
2016-08-19,0.0,9.236113,22.574999,33.256783,8.8125,2.5407083,9.708333,30.9125,0.061,26.42083,270.0,5.3829966,22.88,31.65,20.35,0.0,0.5,0.3,16.0,50.0,74.0,57.0,23.0,10.0,5.0,2.1
2016-08-20,0.0,6.4980965,17.91,39.946987,10.789584,2.1994963,38.333332,31.091667,0.061,25.177084,46.593025,6.0656133,24.16,31.95,18.25,0.0,0.3,0.2,7.0,31.0,42.0,50.0,15.0,8.0,4.0,1.1
2016-08-21,0.0,8.760224,24.135,37.50121,8.922916,2.190355,10.583333,30.164583,0.061,27.60833,63.10065,6.419648,25.56,34.55,20.2,0.0,0.4,0.2,13.0,35.0,55.0,66.0,23.0,11.0,4.0,1.7
2016-08-22,0.0,6.7953568,18.675,33.306263,9.491667,2.6657975,0.041666668,32.0125,0.061,28.995832,115.69369,5.925439,25.29,35.75,21.4,0.0,0.5,0.3,15.0,45.0,69.0,57.0,27.0,11.0,5.0,1.9
2016-08-23,0.0,6.036547,16.125,35.61527,10.681251,2.8391707,0.0,32.739582,0.061,28.10417,116.7424,6.721879,25.68,34.6,20.5,0.0,0.7,0.3,17.0,55.0,81.0,53.0,29.0,11.0,6.0,2.4
2016-08-24,0.0,8.286487,20.775,28.113268,5.9249997,2.9391963,0.16666667,31.785416,0.061,27.24375,107.65024,6.2259893,23.53,33.8,19.55,0.0,0.5,0.2,14.0,48.0,70.0,63.0,23.0,8.0,8.0,1.9
2016-08-25,0.0,8.1920805,18.81,27.734024,5.3895836,2.8228776,37.458332,30.956251,0.061,27.0,91.32192,5.622521,21.65,32.75,19.5,0.0,0.4,0.2,11.0,48.0,65.0,69.0,19.0,6.0,8.0,1.7
2016-08-26,0.0,6.247812,17.789999,31.738312,8.175,2.6236055,30.833334,30.74375,0.061416667,28.422918,193.36502,6.4054246,23.7,34.85,21.4,0.0,0.4,0.2,10.0,51.0,66.0,70.0,26.0,10.0,8.0,2.2
2016-08-27,1.0,8.050551,20.565,31.472498,8.566667,2.825183,16.291666,31.660416,0.061541665,28.89167,230.75293,6.27574,23.94,34.5,23.0,0.0,0.4,0.2,8.0,47.0,60.0,65.0,38.0,13.0,7.0,1.5
2016-08-28,0.0,7.215161,20.339998,27.032188,7.38125,3.0375335,5.6666665,31.466667,0.061,27.210417,355.89618,6.115647,24.11,33.3,20.5,0.0,0.7,0.3,23.0,66.0,100.0,52.0,58.0,20.0,8.0,3.6
2016-08-29,0.0,9.068351,22.86,36.79935,9.474999,2.4517868,3.375,31.464584,0.061,25.179163,44.789417,6.1203923,23.55,32.0,18.25,0.0,0.5,0.3,9.0,51.0,64.0,67.0,31.0,13.0,7.0,1.9
2016-08-30,0.0,9.494052,24.195,37.552,8.908334,2.1990633,9.125,30.293749,0.061,26.016663,58.42376,5.41043,22.3,32.1,19.05,0.0,0.5,0.3,13.0,48.0,68.0,59.0,29.0,11.0,8.0,2.1
2016-08-31,0.0,7.201734,18.315,40.316833,10.147917,2.2072556,23.333334,30.277084,0.061,26.506248,84.28949,5.211219,21.91,32.75,20.45,0.0,0.7,0.3,22.0,60.0,94.0,59.0,33.0,12.0,8.0,3.1
2016-09-01,0.0,7.0644608,18.929998,44.63206,12.079166,2.0978553,21.625,30.829168,0.061833333,26.418749,124.958046,4.5377164,21.0,32.35,19.75,0.0,0.6,0.4,11.0,48.0,65.0,61.0,30.0,11.0,8.0,2.8
2016-09-02,0.0,3.6655095,12.03,42.897823,11.431251,2.227891,13.333333,30.65625,0.06329167,28.204163,159.30449,5.8170905,22.6,34.75,19.95,0.0,0.8,0.4,27.0,78.0,120.0,48.0,30.0,12.0,8.0,3.6
2016-09-03,0.0,6.6080737,15.69,28.681215,6.8250003,2.9575703,45.75,31.143751,0.0625,29.23333,243.7931,6.404933,23.14,36.35,20.85,0.0,0.9,0.4,39.0,83.0,142.0,54.0,36.0,16.0,9.0,4.3
2016-09-04,0.0,7.5031548,18.57,25.265297,6.6354165,3.2640429,42.458332,31.704168,0.061458334,29.831245,323.80667,6.0458884,23.06,37.4,21.05,0.0,1.0,0.4,38.0,82.0,141.0,40.0,50.0,19.0,9.0,4.0
2016-09-05,0.0,6.265054,16.26,24.549559,6.1749997,3.431776,40.958332,32.9375,0.061,30.160416,264.4174,6.250556,23.15,38.3,21.15,0.0,1.0,0.4,31.0,84.0,131.0,39.0,49.0,17.0,9.0,5.0
2016-09-06,0.0,6.1168404,17.28,20.732643,4.116667,3.7054179,26.625,33.360416,0.061,30.335413,242.26717,7.4046,23.18,37.95,21.55,0.0,0.9,0.4,40.0,92.0,154.0,40.0,50.0,14.0,9.0,5.6
2016-09-07,0.0,10.255234,25.515,19.68519,3.1812499,3.6997116,0.5833333,32.764584,0.061,26.902084,244.52275,6.1129355,22.39,32.85,20.5,0.0,1.2,0.5,67.0,95.0,199.0,25.0,57.0,19.0,10.0,6.0
2016-09-08,0.0,7.3203263,20.31,26.847628,5.429167,2.6871808,3.5416667,30.847918,0.061,25.466667,224.76031,5.0501547,21.97,30.45,20.1,0.0,1.0,0.4,25.0,77.0,115.0,54.0,49.0,23.0,9.0,2.9
2016-09-09,0.0,5.6313305,17.295,31.80645,6.6770835,2.3203957,15.041667,29.395834,0.061,25.429167,353.5585,4.9177837,22.28,31.15,19.25,0.0,0.6,0.4,16.0,55.0,79.0,54.0,28.0,12.0,8.0,2.1
2016-09-10,0.0,5.187509,15.36,36.0539,8.23125,2.2413428,34.833332,29.739584,0.061,25.854166,70.820816,5.749407,21.9,32.1,19.3,0.0,0.5,0.3,7.0,45.0,56.0,73.0,25.0,11.0,8.0,1.7
2016-09-11,0.0,7.9905624,19.664999,33.16895,7.6416664,2.3836446,11.25,29.579168,0.061,25.92708,143.24922,5.725526,21.7,32.8,18.2,0.0,0.7,0.3,21.0,58.0,90.0,66.0,33.0,15.0,9.0,2.2
2016-09-12,,8.107238,20.414999,35.216835,7.84375,2.3749673,25.75,29.110418,0.061,20.8,211.21046,3.620263,13.55,25.45,16.5,9.1,0.8,0.4,24.0,69.0,105.0,49.0,37.0,15.0,9.0,3.0
2016-09-13,0.0,11.371842,30.464998,55.63713,10.3625,1.1081074,53.291668,23.987501,0.11333334,15.804168,274.09317,3.5906034,18.39,18.75,12.1,0.3,0.5,0.3,17.0,44.0,70.0,41.0,26.0,11.0,8.0,2.0
2016-09-14,0.0,8.32068,20.505,51.17451,5.172917,0.90680736,51.625,19.983334,0.1695,14.804164,243.39001,2.6344204,11.66,17.85,11.05,0.0,0.6,0.3,18.0,45.0,73.0,35.0,10.0,5.0,8.0,2.2
2016-09-15,0.0,9.187996,21.599998,54.807835,5.4249997,0.7881375,56.416668,17.647917,0.14850001,16.827084,334.97092,2.8520539,13.15,22.55,10.85,0.0,0.6,0.3,31.0,56.0,103.0,30.0,13.0,6.0,8.0,2.8
2016-09-16,0.0,7.123773,16.904999,59.712368,8.556251,0.88896877,38.375,18.824999,0.13204166,17.570835,18.962917,3.547625,16.68,23.15,11.4,0.0,0.7,0.3,26.0,55.0,94.0,34.0,14.0,7.0,8.0,2.7
2016-09-17,0.0,7.241236,18.345,56.483196,7.7395835,0.9991198,77.333336,19.841667,0.1155,17.525,24.73104,4.120186,21.32,23.55,11.05,0.0,0.3,0.2,8.0,35.0,47.0,42.0,9.0,5.0,8.0,1.3
2016-09-18,2.0,5.511354,16.545,46.344196,4.88125,1.2006879,20.041666,20.827084,0.098749995,18.0,34.15976,3.9163861,21.28,24.85,10.15,0.0,0.3,0.2,8.0,35.0,47.0,48.0,13.0,4.0,8.0,1.0
2016-09-19,0.0,4.078297,13.304999,45.913578,5.06875,1.2850641,25.708334,21.404167,0.08608333,19.7375,21.801462,4.0754642,19.31,25.95,13.55,0.0,0.7,0.6,22.0,59.0,93.0,42.0,19.0,7.0,9.0,4.0
2016-09-20,0.0,6.24243,16.89,42.78761,5.88125,1.455738,51.791668,22.660416,0.07816667,20.183332,228.98253,4.8765206,21.03,27.3,12.3,0.0,0.7,0.3,17.0,61.0,87.0,46.0,16.0,8.0,9.0,7.7
2016-09-21,0.0,8.146706,19.98,38.5528,3.5895834,1.6590296,0.041666668,22.870834,0.07333333,20.870836,233.55547,4.680905,20.74,27.45,12.85,0.0,0.8,0.4,35.0,77.0,131.0,39.0,23.0,10.0,10.0,5.2
2016-09-22,0.0,6.471562,16.74,30.959364,2.2562501,1.8464671,29.416666,23.220833,0.070083335,20.816666,236.83363,4.4021297,20.14,27.1,13.65,0.0,0.9,0.4,40.0,88.0,150.0,33.0,29.0,13.0,10.0,5.1
2016-09-23,0.0,5.440418,15.75,35.232124,3.8208332,1.7372924,17.708334,23.683334,0.067999996,20.397919,198.69312,4.329293,19.06,26.85,12.95,0.0,1.1,0.4,47.0,94.0,166.0,30.0,34.0,16.0,10.0,6.4
2016-09-24,0.0,6.845777,16.905,45.278927,6.7291665,1.4812268,62.416668,23.4625,0.0665,20.616667,275.19427,4.0808043,18.53,26.55,13.95,0.0,0.8,0.4,31.0,74.0,121.0,43.0,31.0,14.0,9.0,3.3
2016-09-25,0.0,5.543506,15.825,38.60304,5.441667,1.6016397,67.916664,23.627083,0.0655,21.527082,11.070129,4.1474476,17.54,27.1,16.65,0.0,0.9,0.4,37.0,73.0,129.0,41.0,32.0,15.0,9.0,3.4
2016-09-26,,6.6901913,18.33,42.103027,7.022917,1.6169327,73.708336,24.941666,0.06454167,21.94792,25.932415,4.9785047,19.3,27.9,15.3,0.0,0.6,0.3,20.0,54.0,85.0,45.0,20.0,10.0,9.0,3.9
2016-09-27,0.0,9.742513,22.65,36.12885,5.7000003,1.7966846,14.833333,24.612501,0.06366667,20.520834,79.76095,4.0972953,16.87,25.25,15.65,0.0,0.5,0.3,15.0,50.0,74.0,45.0,16.0,7.0,9.0,3.0
2016-09-28,0.0,10.449733,26.265,50.53272,9.131249,1.2616528,33.208332,23.199999,0.06345833,19.433332,111.70058,3.6306858,18.96,25.55,12.6,0.0,0.4,0.3,15.0,37.0,59.0,40.0,16.0,6.0,9.0,2.2
2016-09-29,0.0,4.643883,13.709999,47.46338,7.2354164,1.3120549,1.875,22.574999,0.063083336,19.364584,161.56494,3.723866,17.72,25.2,12.55,0.0,0.7,0.3,29.0,64.0,109.0,48.0,24.0,9.0,10.0,2.9
2016-09-30,0.0,6.210467,16.035,47.881565,6.508333,1.3246219,37.083332,22.391668,0.063,20.404165,233.85783,4.47088,17.18,26.1,13.9,0.0,0.9,0.4,43.0,71.0,137.0,43.0,29.0,13.0,10.0,3.6
2016-10-01,0.0,9.306044,22.74,35.986042,4.266667,1.6170603,43.416668,22.610418,0.063,19.902084,221.04137,4.0802975,17.24,25.25,14.65,0.0,0.8,0.4,35.0,75.0,129.0,35.0,31.0,13.0,10.0,3.3
2016-10-02,0.0,8.046781,19.23,40.493603,5.6062503,1.4716768,12.875,22.335417,0.06283333,20.208332,41.496395,3.876172,18.35,27.65,12.1,0.0,0.7,0.3,25.0,64.0,102.0,34.0,29.0,11.0,10.0,2.6
2016-10-03,0.0,5.6061916,14.985,41.505863,5.647917,1.5531956,4.75,22.449999,0.06254167,20.208334,78.50341,3.9382854,18.24,27.4,12.6,0.0,1.0,0.4,36.0,77.0,133.0,39.0,33.0,13.0,11.0,4.0
2016-10-04,0.0,5.920716,15.929999,42.813526,5.164583,1.5773792,17.833334,22.639582,0.062124997,20.583334,53.246216,3.9881678,17.14,27.5,13.65,0.0,1.4,0.4,61.0,89.0,183.0,39.0,44.0,15.0,12.0,5.9
2016-10-05,0.0,7.6460986,20.085,43.811123,7.1229167,1.5206614,47.541668,22.766668,0.061999995,21.977083,299.18735,4.131365,17.47,27.9,15.9,0.0,1.4,0.5,60.0,90.0,182.0,37.0,52.0,18.0,12.0,6.5
2016-10-06,1.0,6.084925,15.209999,29.93234,1.7458334,1.9462843,32.75,23.5375,0.061999995,19.089582,238.59099,4.382638,17.97,26.7,10.8,0.0,1.4,0.5,71.0,97.0,205.0,27.0,44.0,15.0,13.0,6.7
2016-10-07,0.0,7.1404405,17.414999,27.170326,-1.8104167,1.779833,35.041668,21.497917,0.061999995,19.09583,249.7023,4.120695,17.06,26.3,10.75,0.0,1.1,0.4,55.0,88.0,172.0,27.0,33.0,13.0,11.0,4.9
2016-10-08,1.0,6.562145,16.08,23.821455,-3.2270832,1.8342963,27.5,21.31875,0.061999995,18.704165,36.436836,3.7326496,17.23,24.85,12.2,0.0,1.0,0.4,56.0,89.0,175.0,29.0,30.0,12.0,11.0,4.7
2016-10-09,0.0,7.424818,19.935,38.34264,3.4583333,1.4236388,9.833333,21.258333,0.061999995,17.93958,351.80588,3.6845062,17.5,23.9,11.25,0.0,0.7,0.3,18.0,55.0,83.0,52.0,28.0,11.0,10.0,2.3
2016-10-10,0.0,6.303804,17.16,37.289967,2.0354168,1.3874564,18.333334,20.952084,0.061999995,16.791668,232.53754,4.0152802,17.43,24.3,8.5,0.0,0.7,0.3,21.0,60.0,92.0,44.0,19.0,9.0,10.0,2.8
2016-10-11,0.0,9.2414055,21.675001,41.52634,2.8916667,1.2455956,55.458332,19.581251,0.061999995,13.139584,167.37105,1.0730213,3.96,16.2,11.25,9.1,0.9,0.4,37.0,76.0,132.0,41.0,31.0,13.0,10.0,3.8
2016-10-12,0.0,7.3299813,19.47,80.81807,9.508333,0.29285315,99.708336,15.729167,0.122208335,12.868751,215.85234,1.7059443,9.89,16.25,10.55,6.9999995,0.5,0.2,9.0,41.0,55.0,41.0,18.0,12.0,9.0,1.2
2016-10-13,0.0,8.503419,20.715,80.999794,9.291667,0.3114828,78.666664,15.791667,0.24725,13.154167,234.2644,2.053457,11.74,17.15,9.65,0.2,0.7,0.4,30.0,50.0,96.0,27.0,9.0,6.0,10.0,2.0
2016-10-14,0.0,7.077331,17.34,73.91523,8.285417,0.43971896,37.625,15.33125,0.24558334,13.004167,201.17815,2.5944371,16.1,18.55,8.2,0.0,0.8,0.4,35.0,54.0,107.0,24.0,16.0,11.0,10.0,2.3
2016-10-15,0.0,6.268579,15.315,65.83895,6.254167,0.5894137,22.416666,14.51875,0.22241665,13.972917,55.762486,2.3461878,13.63,20.2,8.0,0.0,0.9,0.4,44.0,66.0,134.0,35.0,21.0,14.0,10.0,2.6
2016-10-16,0.0,4.8342304,13.185,64.48977,6.9708333,0.6548531,86.791664,14.947917,0.200125,14.679168,23.036852,1.1561776,5.81,18.15,11.8,3.4,0.8,0.4,24.0,65.0,101.0,34.0,19.0,12.0,10.0,2.6
2016-10-17,0.0,3.859289,10.5,74.06336,10.1125,0.46092066,99.75,15.5,0.19337499,15.537501,27.969738,1.5395381,8.5,19.1,12.9,3.4,0.9,0.5,30.0,69.0,115.0,21.0,22.0,15.0,11.0,3.7
2016-10-18,0.0,4.459748,11.579999,76.605286,11.304166,0.45143577,98.375,16.63125,0.255,15.770832,180.40926,1.2154593,6.8,18.05,13.8,7.2,0.7,0.4,31.0,59.0,107.0,24.0,16.0,10.0,10.0,3.4
2016-10-19,2.0,2.887987,9.315,82.75939,12.677083,0.31584123,94.208336,16.402082,0.297375,14.556251,68.60013,1.4658415,9.25,17.65,11.75,5.3000007,1.0,0.5,49.0,66.0,142.0,10.0,23.0,18.0,11.0,5.0
2016-10-20,0.0,4.434932,12.224999,85.66456,11.997917,0.25715202,71.75,15.6875,0.32145834,14.258334,69.44383,1.2734597,7.22,18.05,11.4,0.0,1.1,0.5,72.0,63.0,173.0,9.0,25.0,19.0,11.0,5.2
2016-10-21,1.0,5.5708833,14.384999,83.303185,11.329166,0.29666194,95.291664,15.370833,0.29845834,13.583333,173.93597,0.5819975,2.94,15.0,11.7,9.9,1.0,0.5,54.0,64.0,147.0,14.0,25.0,16.0,11.0,4.4
2016-10-22,0.0,7.835014,19.53,93.466064,12.575,0.10500417,92.625,14.7625,0.32695833,14.037501,187.40208,0.8974753,4.68,15.6,12.1,13.700001,0.8,0.4,41.0,52.0,115.0,12.0,23.0,16.0,10.0,4.7
2016-10-23,0.0,12.789144,34.005,88.13693,11.889584,0.19229273,97.708336,14.827084,0.37816668,12.139584,130.39981,0.8647901,4.92,14.45,9.8,4.7000003,0.3,0.2,10.0,27.0,43.0,34.0,8.0,5.0,9.0,0.7
2016-10-24,0.0,6.112967,15.81,86.290474,9.835417,0.20184036,99.916664,13.7625,0.37454167,15.133335,31.956915,1.7898755,10.73,20.65,11.3,12.400001,0.5,0.3,20.0,49.0,80.0,33.0,10.0,6.0,10.0,2.3
2016-10-25,2.0,6.304411,17.609999,82.99377,12.275001,0.34406736,85.583336,15.483334,0.39108333,16.735418,20.278221,2.124349,12.63,23.4,12.0,0.0,1.1,0.5,54.0,63.0,146.0,20.0,22.0,10.0,11.0,5.3
2016-10-26,0.0,4.9074864,12.735,79.96107,12.98125,0.4708221,74.833336,16.560417,0.35545835,17.356253,34.841045,2.2918727,13.3,23.45,12.7,0.0,2.2,0.8,121.0,81.0,267.0,13.0,60.0,19.0,13.0,10.8
2016-10-27,3.0,6.0194893,15.345,75.02723,12.60625,0.5722992,18.083334,17.0625,0.33466664,16.758333,44.13641,1.8814341,10.9,22.05,13.15,0.0,2.0,0.8,103.0,83.0,241.0,18.0,53.0,20.0,14.0,10.5
2016-10-28,5.0,5.292307,12.389999,79.499565,13.047916,0.43972826,16.583334,16.814583,0.32041666,16.054167,26.029541,2.2643714,13.85,22.1,11.4,0.0,1.3,0.6,63.0,73.0,170.0,18.0,43.0,20.0,12.0,15.2
2016-10-29,10.0,4.6996,11.1449995,73.6109,10.5625,0.5591374,1.75,15.739583,0.308625,14.695832,357.17612,2.318159,14.2,22.5,7.6,0.0,2.0,0.7,111.0,88.0,258.0,20.0,35.0,18.0,14.0,9.5
2016-10-30,4.0,4.11532,10.454999,55.43163,4.8645835,0.88990206,0.0,14.1125,0.29666665,13.541667,12.219322,2.2282557,13.97,20.8,7.05,0.0,2.0,0.7,108.0,91.0,257.0,31.0,20.0,12.0,14.0,8.5
2016-10-31,2.0,4.0633774,10.755,58.475544,5.1520834,0.739949,2.2916667,13.185417,0.28616667,13.00208,34.90253,1.751172,10.96,17.8,8.25,0.0,2.4,0.8,136.0,105.0,312.0,19.0,26.0,14.0,13.0,11.3
2016-11-01,4.0,4.692181,10.2,73.51306,8.216666,0.4384457,52.041668,12.958333,0.27829167,13.78125,280.66974,2.070604,12.45,19.9,8.15,0.0,1.3,0.6,63.0,79.0,176.0,24.0,30.0,19.0,10.0,5.2
2016-11-02,5.0,4.6751957,11.639999,72.52301,8.716666,0.51240164,16.75,13.6875,0.271375,13.685416,344.57773,1.9411492,11.96,19.4,7.6,0.0,1.2,0.6,60.0,79.0,170.0,18.0,33.0,18.0,10.0,5.0
2016-11-03,0.0,4.8598175,11.985,77.57073,9.335417,0.4165294,67.0,13.808333,0.26333332,12.416665,185.93138,0.7770625,4.36,14.7,10.45,6.2000003,2.1,0.8,124.0,95.0,285.0,11.0,45.0,20.0,12.0,9.2
2016-11-04,0.0,6.6933293,19.05,89.15087,10.704166,0.1601496,97.0,13.068749,0.29016665,12.037499,217.991,0.7028776,4.01,13.95,9.45,16.5,0.9,0.5,52.0,68.0,147.0,9.0,25.0,14.0,9.0,4.4
2016-11-05,0.0,13.832635,31.56,91.1002,10.318749,0.12561126,90.166664,13.125,0.391875,8.254167,290.5561,1.5682664,10.26,11.8,4.65,1.4000001,0.4,0.3,19.0,43.0,73.0,26.0,7.0,5.0,7.0,1.1
2016-11-06,5.0,7.7179027,19.394999,67.968346,1.9499999,0.37085465,23.458334,10.616667,0.37441668,5.564583,324.34457,1.6055533,11.93,9.7,1.8,0.0,0.5,0.3,15.0,44.0,67.0,35.0,6.0,4.0,8.0,1.1
2016-11-07,3.0,7.8597507,18.045,67.25771,-0.5833333,0.32556686,25.25,7.933333,0.34825,5.597916,271.84378,1.6644573,11.96,11.15,0.45,0.0,0.7,0.4,28.0,57.0,100.0,27.0,10.0,7.0,10.0,2.4
2016-11-08,9.0,8.37309,18.615,65.19427,-0.6791666,0.3598579,27.083334,7.1104164,0.33345833,9.116666,251.62541,1.511551,7.8,14.25,5.4,0.0,1.0,0.5,38.0,61.0,120.0,23.0,13.0,7.0,10.0,3.4
2016-11-09,1.0,10.824889,24.945,68.804085,3.6666667,0.3923956,76.458336,9.1375,0.32154167,7.995832,326.01178,1.4854455,11.15,13.25,2.45,0.0,0.6,0.4,19.0,47.0,76.0,36.0,11.0,6.0,8.0,1.7
2016-11-10,0.0,4.560635,11.595,72.218834,2.8979168,0.3399421,7.9583335,8.414583,0.31320834,8.004167,326.3099,1.5405191,11.63,14.3,1.9,0.0,1.2,0.6,82.0,84.0,210.0,14.0,23.0,13.0,11.0,5.6
2016-11-11,0.0,4.256022,11.325,76.21863,3.7708333,0.3044013,40.583332,8.560416,0.30566666,7.693749,318.4927,1.2544224,8.97,13.35,1.7,0.4,1.5,0.7,95.0,89.0,235.0,9.0,29.0,19.0,13.0,5.9
2016-11-12,0.0,4.326536,11.084999,77.78083,3.8541667,0.2878712,81.916664,8.647917,0.30058333,10.5125,13.872405,1.6223016,9.85,16.6,5.25,0.2,1.2,0.5,66.0,74.0,176.0,11.0,30.0,21.0,12.0,3.9
2016-11-13,0.0,8.058337,18.51,76.67172,6.2312503,0.35867727,23.25,10.3125,0.30025,8.860416,21.402332,1.820776,10.86,14.35,4.45,0.0,1.1,0.5,48.0,58.0,131.0,22.0,24.0,17.0,13.0,3.0
2016-11-14,2.0,9.289771,21.854998,67.38179,2.4083333,0.4154038,5.0833335,9.083333,0.28979167,7.5520835,22.145239,1.651789,11.32,14.05,2.05,0.0,0.6,0.4,27.0,52.0,93.0,32.0,10.0,5.0,12.0,2.2
2016-11-15,0.0,7.287412,17.31,65.6516,1.0104166,0.41431865,1.75,7.835417,0.28020832,7.872917,339.58994,1.5573733,11.16,15.0,2.0,0.0,1.2,0.6,57.0,66.0,154.0,29.0,16.0,8.0,15.0,4.9
2016-11-16,2.0,4.1362414,11.009999,66.57641,1.8125,0.42655107,0.625,7.9708333,0.27354166,9.222917,245.99287,1.5442271,10.8,16.3,3.35,0.0,1.4,0.6,94.0,85.0,229.0,15.0,24.0,12.0,15.0,5.7
2016-11-17,0.0,4.8055463,12.69,77.53512,5.2854166,0.3190632,12.541667,9.179167,0.26829168,9.925,262.90878,1.1059744,7.42,14.6,6.55,0.0,2.1,0.9,159.0,104.0,347.0,7.0,37.0,22.0,18.0,10.2
2016-11-18,2.0,4.0285993,11.355,79.25362,6.245833,0.28225413,67.083336,9.227083,0.26425,7.220833,237.13904,1.1400627,8.93,11.35,2.95,0.0,1.7,0.7,102.0,85.0,242.0,6.0,37.0,26.0,13.0,7.3
2016-11-19,2.0,7.254,17.55,83.56039,4.3729167,0.18676834,74.083336,8.164583,0.26125,8.127084,191.20729,0.35087413,1.41,10.65,6.6,18.199999,1.3,0.5,66.0,63.0,165.0,14.0,32.0,22.0,6.0,4.7
2016-11-20,0.0,11.993184,27.555,91.93832,7.2125,0.085062265,100.0,8.64375,0.34166667,10.233333,212.07141,1.0963482,7.03,12.05,7.35,4.7999997,0.6,0.3,17.0,38.0,64.0,29.0,10.0,6.0,2.0,1.0
2016-11-21,1.0,14.718953,34.2,82.65528,6.8895836,0.21797104,60.833332,10.108334,0.376875,6.44375,24.913939,0.5442667,3.86,8.7,4.05,3.7,0.6,0.3,23.0,49.0,84.0,38.0,10.0,5.0,3.0,1.5
2016-11-22,0.0,5.7153645,13.44,91.02511,5.0333333,0.09160312,93.375,7.754166,0.364,6.2833333,334.6121,0.6794775,4.26,7.95,4.6,1.2,1.0,0.4,32.0,66.0,115.0,14.0,13.0,8.0,5.0,3.5
2016-11-23,0.0,8.1226845,17.475,81.839455,3.1020832,0.17593701,84.583336,7.4541664,0.37370834,4.5166664,202.83368,0.8464179,7.48,8.05,2.8,1.1,0.9,0.5,49.0,59.0,134.0,19.0,11.0,7.0,6.0,3.3
2016-11-24,0.0,4.622531,13.125,84.945984,2.1875,0.13429691,67.708336,6.0604167,0.36254168,4.295833,96.628845,0.4902957,3.4,6.5,2.1,7.4999995,0.9,0.4,52.0,64.0,144.0,15.0,13.0,8.0,5.0,2.9
2016-11-25,0.0,7.410665,16.32,89.83404,2.83125,0.090567805,96.25,5.9041667,0.378625,6.891667,65.032455,0.33208498,1.51,8.7,5.05,28.099997,0.9,0.4,39.0,63.0,123.0,17.0,13.0,10.0,5.0,3.7
2016-11-26,0.0,8.703017,19.23,91.84719,5.8937497,0.08311682,99.958336,7.254167,0.4245,8.804168,51.500843,0.5070943,2.76,11.2,7.8,12.0,0.8,0.4,33.0,61.0,111.0,19.0,11.0,9.0,5.0,1.8
2016-11-27,0.0,10.886417,24.839998,89.410034,7.1458335,0.12273269,96.583336,8.629167,0.41933334,9.041667,33.858234,0.8353243,5.25,11.65,7.4,0.1,0.7,0.4,21.0,53.0,84.0,21.0,12.0,8.0,5.0,1.6
2016-11-28,2.0,8.537187,19.995,78.86981,5.366667,0.25599268,77.583336,9.002084,0.39900002,8.585417,40.54735,0.9854334,6.57,12.8,5.65,0.3,0.9,0.5,35.0,60.0,114.0,28.0,17.0,8.0,8.0,2.9
2016-11-29,0.0,6.441662,14.429999,80.774445,5.4041667,0.23955555,66.25,8.895833,0.38045833,9.849999,91.74892,0.6735554,2.7,12.55,7.9,0.6,1.0,0.5,46.0,65.0,135.0,15.0,15.0,9.0,8.0,3.6
2016-11-30,2.0,8.165843,17.775,79.642395,6.5604167,0.25762296,94.833336,9.410417,0.37416664,9.220834,67.682106,0.46105936,2.08,10.65,8.0,1.3000001,0.8,0.5,29.0,59.0,103.0,26.0,11.0,7.0,5.0,2.4
2016-12-01,0.0,5.7376494,13.0199995,84.80434,6.6895833,0.1786608,98.833336,9.283334,0.37187502,9.035417,29.197395,0.7725318,5.15,11.65,7.05,0.0,0.9,0.5,33.0,63.0,114.0,26.0,14.0,8.0,6.0,3.4
2016-12-02,1.0,3.7966554,8.955,83.596886,6.116667,0.19919036,71.333336,9.5125,0.364375,7.772917,52.91013,0.89988995,6.21,12.2,3.55,0.0,1.1,0.6,59.0,73.0,163.0,18.0,20.0,12.0,6.0,3.8
2016-12-03,1.0,6.921737,14.864999,83.52773,5.295833,0.20408118,88.333336,8.329166,0.3552083,10.01875,95.38484,0.33119386,1.13,11.0,9.4,25.199999,1.0,0.5,43.0,60.0,126.0,15.0,22.0,16.0,7.0,3.5
2016-12-04,0.0,7.6535606,17.91,91.39559,8.708333,0.1068916,99.666664,9.758333,0.41925,10.666667,29.69257,0.656669,3.52,12.85,9.55,0.3,0.5,0.4,15.0,47.0,70.0,31.0,9.0,7.0,5.0,1.0
2016-12-05,0.0,10.504428,22.800001,85.60619,8.2375,0.1876459,87.833336,10.204166,0.40345833,9.249999,26.09149,1.1320769,8.93,13.65,4.55,0.0,0.7,0.4,22.0,52.0,86.0,23.0,12.0,7.0,7.0,2.7
2016-12-06,0.0,5.713896,13.259999,84.153305,6.5437503,0.21160722,45.958332,9.408334,0.38629165,7.0041676,22.056433,0.8429404,7.24,11.15,3.35,0.0,1.0,0.4,41.0,57.0,121.0,26.0,20.0,13.0,7.0,3.6
2016-12-07,1.0,3.9472275,10.455,92.67011,5.55625,0.082699485,66.833336,7.6354165,0.37366667,7.0937505,43.5943,0.77949244,5.89,10.9,4.15,0.0,1.8,0.8,114.0,78.0,253.0,7.0,43.0,31.0,8.0,7.0
2016-12-08,0.0,4.4068913,10.169999,85.9378,4.9625,0.1624477,81.041664,7.4166665,0.36591664,7.5375004,23.399452,0.62376744,4.24,11.6,3.25,0.0,1.2,0.5,57.0,64.0,152.0,19.0,23.0,16.0,7.0,4.5
2016-12-09,0.0,5.2451744,12.2699995,88.47272,5.789583,0.13422103,80.166664,7.7625003,0.35924998,9.277083,71.175224,0.5677277,3.65,11.85,6.95,0.0,1.1,0.5,41.0,73.0,135.0,17.0,20.0,14.0,11.0,3.5
2016-12-10,0.0,4.036329,8.37,89.10965,7.441667,0.13813874,81.958336,8.883333,0.35491666,6.6458335,342.63043,0.87477183,7.38,11.2,2.55,0.0,1.1,0.5,48.0,67.0,141.0,21.0,16.0,12.0,7.0,3.5
2016-12-11,1.0,4.3732476,10.455,89.67785,4.8083334,0.119472004,45.208332,7.402083,0.35025,5.8874993,316.56216,0.9806598,8.19,11.7,1.55,0.0,1.3,0.5,56.0,62.0,149.0,14.0,25.0,20.0,7.0,3.1
2016-12-12,0.0,4.270401,10.875,90.38904,4.335417,0.113073,43.083332,6.7875004,0.344625,5.25,58.392586,0.4055923,2.99,7.25,3.25,0.0,2.1,0.8,159.0,82.0,326.0,6.0,38.0,28.0,9.0,7.5
2016-12-13,0.0,4.1772084,9.929999,94.954506,4.5437503,0.049004722,92.416664,6.6770835,0.34116665,7.152084,113.80595,0.5001312,3.03,9.9,4.8,4.0,2.0,0.7,150.0,81.0,311.0,7.0,35.0,23.0,10.0,7.5
2016-12-14,1.0,4.915644,11.745,90.28329,5.6729164,0.108043976,88.333336,7.6875,0.35025,8.095834,78.690125,0.63753325,4.14,10.3,7.0,2.6,1.2,0.5,75.0,66.0,181.0,10.0,30.0,22.0,7.0,4.8
2016-12-15,0.0,5.369751,12.555,84.26096,5.5166664,0.1768543,98.833336,8.585417,0.37837502,6.93125,69.197495,0.46496186,2.89,8.45,5.7,10.799998,0.8,0.3,42.0,61.0,125.0,18.0,21.0,15.0,5.0,2.3
2016-12-16,0.0,10.207767,25.65,90.05566,5.3229165,0.1010238,91.75,7.8604164,0.40033332,8.354167,43.34564,1.128494,5.47,12.45,6.15,2.8000002,0.8,0.4,38.0,59.0,118.0,16.0,16.0,12.0,8.0,3.1
2016-12-17,1.0,19.398771,42.944996,79.3937,4.9083333,0.24240236,63.791668,8.045834,0.39883336,6.5604157,44.04889,1.5469186,8.01,10.65,3.55,0.0,0.6,0.3,10.0,39.0,55.0,43.0,11.0,7.0,7.0,1.2
2016-12-18,1.0,16.863962,36.539997,67.23939,0.6458333,0.32849956,28.333334,6.6729164,0.37808335,6.097916,14.521218,1.3095087,8.1,11.35,2.9,0.2,0.6,0.3,9.0,36.0,49.0,49.0,10.0,7.0,8.0,1.0
2016-12-19,0.0,11.062602,23.159998,70.3028,0.575,0.30520484,67.416664,6.179167,0.37579167,4.1166663,331.45505,0.80370694,6.39,9.35,0.4,0.0,1.0,0.4,43.0,61.0,126.0,36.0,14.0,9.0,11.0,3.1
2016-12-20,0.0,5.5293193,12.66,79.85491,0.89166665,0.18939494,86.375,4.6541667,0.36658335,5.197917,339.13297,1.0020108,7.57,11.45,0.7,0.0,1.5,0.5,102.0,89.0,245.0,9.0,22.0,14.0,12.0,6.3
2016-12-21,1.0,6.177034,13.785,81.20224,1.9520832,0.20616503,52.583332,5.1354165,0.35895833,5.4250007,350.1723,0.9593742,7.93,11.45,0.55,0.0,1.5,0.5,98.0,89.0,239.0,11.0,21.0,14.0,14.0,6.1
2016-12-22,2.0,3.7370555,9.509999,85.81071,3.2625,0.15870558,47.75,5.539583,0.35366666,5.9187493,359.6103,0.96999604,8.05,11.9,1.15,0.0,1.9,0.6,166.0,103.0,357.0,5.0,34.0,23.0,14.0,8.4
2016-12-23,0.0,4.2254915,10.23,87.71566,3.7375,0.14461493,14.083333,5.8645835,0.34904167,5.4083333,9.577528,1.0491816,8.69,12.25,0.55,0.0,1.5,0.4,96.0,80.0,228.0,7.0,26.0,19.0,12.0,5.4
2016-12-24,0.0,6.822598,14.34,85.39149,2.875,0.17193149,13.083333,5.6458335,0.344625,5.1791663,2.1016402,0.97893006,8.41,11.8,0.35,0.0,0.8,0.3,23.0,55.0,91.0,19.0,11.0,8.0,14.0,1.7
2016-12-25,1.0,4.6811633,10.169999,84.41076,2.7479165,0.17278844,8.5,5.077083,0.34062502,6.108334,357.6746,1.0755463,9.06,13.0,0.2,0.0,0.8,0.3,49.0,53.0,128.0,16.0,15.0,11.0,11.0,1.6
2016-12-26,1.0,3.7880847,9.48,75.51283,1.6770834,0.2740623,14.25,4.5895834,0.3372083,5.9375,18.636408,1.1581727,8.92,13.95,0.8,0.0,,0.5,131.0,89.0,291.0,7.0,31.0,22.0,15.0,
2016-12-27,8.0,6.0385175,12.959999,73.72651,1.3708334,0.30032083,28.583334,5.0916667,0.33358333,6.710417,12.321528,1.1429871,9.08,13.05,1.85,0.0,,0.5,159.0,104.0,348.0,13.0,26.0,15.0,18.0,
2016-12-28,17.0,4.9005933,10.995,72.778854,2.1583333,0.3127527,28.0,5.477083,0.32995832,5.7854176,358.78635,1.0776131,9.38,12.0,-0.5,0.0,1.3,0.3,92.0,86.0,227.0,10.0,25.0,15.0,12.0,5.5
2016-12-29,5.0,4.1310935,9.15,72.35864,0.475,0.29475257,17.916666,3.9854167,0.32716665,3.5229168,0.54826415,1.1044904,9.66,10.2,-0.45,0.0,1.7,0.4,138.0,99.0,311.0,7.0,33.0,21.0,16.0,7.1
2016-12-30,1.0,4.370055,9.839999,68.062546,-2.2375,0.28050476,20.916666,2.5729167,0.32470834,1.8041668,20.164936,1.0008278,9.53,8.05,-2.1,0.0,2.0,0.4,162.0,107.0,355.0,7.0,33.0,22.0,18.0,7.6
2016-12-31,1.0,4.5431542,9.66,74.457954,-2.4979167,0.1990264,0.16666667,1.71875,0.32241666,-0.76875,56.87626,0.4695692,4.59,2.95,-4.3,0.0,1.2,0.2,62.0,67.0,161.0,9.0,23.0,18.0,12.0,2.9
2017-01-01,0.0,4.6229234,9.24,87.17434,-2.58125,0.071386404,62.625,1.0770833,0.24458332,1.3291667,32.98513,0.7113853,7.32,6.25,-1.75,0.0,1.0,0.2,27.0,53.0,94.0,16.0,25.0,20.0,8.0,1.4
2017-01-02,2.0,7.9118457,14.714999,88.645515,-0.21666665,0.088745296,94.166664,2.7270832,0.24120833,4.047917,291.80145,0.9261871,7.86,9.9,-0.1,0.70000005,1.0,0.3,38.0,64.0,123.0,16.0,25.0,21.0,12.0,2.5
2017-01-03,2.0,4.500209,9.839999,86.224174,2.0125,0.13431336,60.75,4.5895834,0.24004167,5.3145833,355.71094,0.92911035,7.69,12.75,0.8,0.0,1.4,0.6,97.0,80.0,229.0,9.0,37.0,27.0,12.0,4.9
2017-01-04,12.0,3.4651825,7.845,90.9042,3.8083334,0.10783603,26.958334,5.679167,0.25425,5.1979165,280.49142,0.99853396,8.19,12.05,1.5,0.0,1.8,0.7,129.0,86.0,284.0,8.0,40.0,28.0,12.0,6.9
2017-01-05,4.0,4.046458,8.835,89.384735,3.3333333,0.12151325,46.083332,6.070833,0.247625,3.5708334,27.295584,1.2566048,9.83,9.4,-0.85,0.0,1.7,0.7,120.0,80.0,263.0,8.0,35.0,24.0,11.0,6.0
2017-01-06,2.0,6.787379,12.584999,61.020065,-4.054167,0.34375706,0.0,3.9229167,0.23929167,2.1041667,19.95895,1.0409251,9.69,8.75,-2.6,0.0,1.5,0.6,102.0,81.0,238.0,15.0,22.0,15.0,14.0,4.7
2017-01-07,1.0,4.4741774,8.955,76.32196,-1.8145833,0.18344994,0.0,2.7124999,0.23266667,1.8395833,30.087889,1.2139974,9.7,10.5,-3.6,0.0,1.0,0.5,60.0,74.0,166.0,16.0,19.0,13.0,11.0,2.3
2017-01-08,3.0,6.0512977,11.655,62.45133,-4.75625,0.30208394,0.0,1.8833333,0.23224999,3.1979167,28.759512,1.2091625,9.71,10.45,-2.0,0.0,1.3,0.6,68.0,78.0,181.0,8.0,28.0,21.0,13.0,3.0
2017-01-09,44.0,5.5725117,11.07,71.996574,-1.625,0.24899109,6.6666665,3.2208335,0.22741668,5.7729163,241.17224,1.001287,6.51,12.0,0.15,0.8,1.4,0.6,99.0,90.0,242.0,8.0,25.0,16.0,12.0,4.3
2017-01-10,101.0,5.4111457,9.974999,76.041534,2.1020834,0.25617623,90.208336,5.34375,0.22041667,9.108335,331.55713,1.293618,8.21,15.1,4.6,0.1,1.8,0.7,140.0,97.0,311.0,5.0,36.0,26.0,17.0,10.1
2017-01-11,78.0,7.680706,14.459999,77.86162,5.28125,0.29353026,59.208332,8.1875,0.21116666,7.0687504,236.65248,0.9854475,7.07,13.65,0.95,0.0,1.2,0.5,60.0,74.0,166.0,14.0,15.0,10.0,13.0,
2017-01-12,1721.0,10.750347,19.32,88.59734,5.2833333,0.14602399,45.208332,7.0020833,0.19270833,6.8958335,316.04422,1.3136039,8.09,9.6,3.25,0.0,1.7,0.6,126.0,77.0,270.0,10.0,25.0,17.0,11.0,11.4
2017-01-13,442.0,11.065354,21.06,68.122894,0.7291667,0.3242067,36.458332,7.1875,0.18624999,2.9833333,352.3177,1.2379417,8.64,8.2,-0.9,0.0,0.7,0.3,18.0,52.0,80.0,35.0,10.0,6.0,10.0,3.4
2017-01-14,17.0,9.403472,17.58,67.24652,-3.2354167,0.27716842,16.625,4.045833,0.17650001,3.7437496,301.96875,1.1173481,6.73,9.0,-0.8,0.1,0.8,0.3,28.0,63.0,106.0,27.0,9.0,5.0,11.0,3.3
2017-01-15,21.0,10.772782,19.155,68.33868,-1.4833332,0.28066397,36.625,3.79375,0.16741668,5.65625,301.3582,1.2504239,8.3,10.7,1.4,0.0,0.8,0.3,28.0,60.0,103.0,30.0,10.0,6.0,9.0,2.1
2017-01-16,62.0,10.802102,19.619999,71.242424,0.8416667,0.2882759,33.083332,5.477083,0.158,5.74375,356.06927,1.7891296,9.79,9.95,-0.4,0.0,1.2,0.5,66.0,82.0,184.0,16.0,16.0,10.0,12.0,4.2
2017-01-17,74.0,14.925836,27.195,57.044952,-3.3083334,0.38831428,32.958332,6.4895835,0.143,0.052083362,32.189415,1.8112626,10.97,5.5,-3.75,0.0,0.8,0.4,22.0,54.0,88.0,34.0,8.0,4.0,11.0,6.1
2017-01-18,21.0,13.899253,25.995,43.838337,-11.577084,0.36781707,5.4166665,2.4479167,0.12966667,1.1374999,31.61923,1.8833623,10.1,7.7,-3.15,0.1,0.8,0.5,24.0,50.0,87.0,38.0,8.0,5.0,11.0,1.9
2017-01-19,22.0,19.536327,35.16,53.373722,-7.2687497,0.3456184,67.25,2.1604168,0.12108334,3.4145834,31.264948,1.2421577,5.86,6.7,1.65,1.8000001,0.9,0.5,21.0,48.0,80.0,37.0,13.0,8.0,10.0,2.2
2017-01-20,14.0,20.180965,36.765,72.522865,-1.11875,0.21762918,94.458336,3.9479167,0.12808333,5.2749996,29.417765,1.3825898,9.26,11.3,1.95,1.6,1.0,0.5,20.0,44.0,74.0,39.0,11.0,8.0,9.0,2.3
2017-01-21,1.0,13.751255,25.305,72.99755,0.55625,0.27160972,85.916664,5.5458336,0.145625,3.7479172,20.835278,1.3437897,9.81,9.65,-1.15,0.0,1.1,0.5,27.0,54.0,95.0,41.0,11.0,8.0,11.0,1.8
2017-01-22,3.0,6.552933,13.755,72.928185,-1.1145834,0.26241726,79.708336,4.5875,0.138375,4.6874995,13.408868,1.4634098,9.71,11.2,0.1,0.0,1.4,0.6,58.0,69.0,159.0,24.0,19.0,13.0,10.0,3.1
2017-01-23,9.0,7.922817,15.81,64.70566,-1.7291666,0.3396587,24.75,5.258333,0.1265,3.9812496,343.7798,1.4218576,11.16,11.6,-1.7,0.0,1.1,0.5,35.0,67.0,121.0,33.0,13.0,8.0,10.0,2.8
2017-01-24,83.0,5.4329715,11.024999,70.637184,-1.55625,0.29391238,0.6666667,4.679167,0.11254167,3.0229168,312.90472,1.449689,11.55,10.65,-2.9,0.0,1.8,0.8,126.0,102.0,295.0,15.0,30.0,19.0,13.0,7.0
2017-01-25,142.0,6.602865,12.81,70.234535,-2.3645833,0.27727914,10.291667,4.3708334,0.10141667,2.3791666,150.03793,0.90694356,7.68,7.7,-2.55,0.0,1.5,0.6,81.0,93.0,217.0,13.0,30.0,19.0,11.0,5.0
2017-01-26,32.0,6.02931,12.87,81.17901,-0.46458337,0.15776213,80.625,2.9604168,0.08741667,4.7520833,189.08147,0.38175806,2.34,6.25,2.6,14.200001,1.5,0.6,72.0,87.0,198.0,15.0,34.0,24.0,11.0,4.3
2017-01-27,5.0,13.021916,25.08,90.45572,3.2729168,0.08043937,79.25,5.1520834,0.22375,5.370833,271.41507,1.4468535,10.43,9.85,2.55,0.0,1.0,0.5,46.0,67.0,138.0,27.0,15.0,12.0,7.0,2.8
2017-01-28,50.0,14.866843,27.854998,76.40952,1.4229168,0.22884448,55.708332,5.78125,0.266125,5.460417,234.06917,0.36990646,2.1,7.8,2.6,2.3999999,0.7,0.3,23.0,55.0,89.0,39.0,9.0,6.0,6.0,1.5
2017-01-29,4.0,5.5195713,11.22,96.04525,5.2208333,0.038879346,99.791664,6.0791664,0.25670835,9.55,241.377,0.6240211,3.42,12.05,7.65,0.4,0.7,0.3,21.0,51.0,83.0,24.0,12.0,9.0,6.0,1.2
2017-01-30,89.0,10.820961,19.845,91.332184,8.222917,0.11041119,97.791664,8.810416,0.26916668,9.097917,130.74924,1.4216478,10.69,14.25,4.55,0.0,0.8,0.4,39.0,56.0,115.0,22.0,12.0,8.0,6.0,2.2
2017-01-31,165.0,4.944554,10.155,82.49736,5.9041667,0.2460121,66.458336,8.658334,0.25354168,7.1979165,198.3459,0.6329628,4.29,11.1,3.15,0.8000001,1.0,0.5,49.0,63.0,138.0,20.0,19.0,13.0,11.0,3.5
2017-02-01,348.0,8.448331,16.035,89.14559,5.5437503,0.11949053,86.166664,7.022917,0.244,8.429167,216.47296,0.70894307,4.15,11.0,6.95,3.0,1.1,0.6,66.0,71.0,173.0,11.0,26.0,19.0,9.0,4.1
2017-02-02,560.0,18.146729,33.135,87.17337,6.2312503,0.14474384,83.416664,8.077084,0.26620832,8.793749,226.94933,1.1582834,5.55,12.15,6.35,1.4000001,0.7,0.4,29.0,55.0,100.0,32.0,11.0,6.0,6.0,1.7
2017-02-03,170.0,28.022577,51.179996,82.400505,6.2125,0.2103818,94.416664,8.577084,0.2663333,10.83125,228.65688,1.1598579,3.29,13.2,9.95,0.5,0.7,0.4,22.0,46.0,79.0,46.0,15.0,5.0,6.0,1.4
2017-02-04,167.0,28.252913,50.774998,83.46437,8.122916,0.21991433,98.291664,10.310416,0.25366667,8.241666,267.37662,2.125382,11.6,10.55,5.15,1.1,0.4,0.3,12.0,28.0,46.0,57.0,8.0,4.0,6.0,0.6
2017-02-05,272.0,27.370901,50.865,64.23536,1.0416666,0.37793958,45.25,9.039583,0.25366667,8.89375,271.235,2.279654,11.49,15.3,4.75,0.0,0.4,0.3,9.0,31.0,45.0,63.0,6.0,3.0,6.0,0.6
2017-02-06,79.0,18.582705,33.96,66.95561,3.0291665,0.4146885,56.625,8.89375,0.2325,8.525001,258.2958,1.1614752,7.48,12.5,5.9,1.4000001,0.8,0.4,21.0,52.0,85.0,44.0,11.0,5.0,5.0,2.5
2017-02-07,1105.0,14.746037,28.544998,81.32688,5.3958335,0.21679626,47.291668,8.90625,0.22820835,5.6250005,310.72592,1.8115036,12.45,9.7,1.9,0.0,0.9,0.5,40.0,56.0,118.0,26.0,16.0,9.0,4.0,3.1
2017-02-08,180.0,9.64004,19.035,61.27963,-1.8666667,0.36733982,26.0,7.2125,0.21804166,3.8583333,97.823616,1.5588503,12.92,9.8,-1.75,0.0,0.8,0.5,34.0,61.0,113.0,38.0,10.0,6.0,6.0,2.4
2017-02-09,14.0,5.6226363,11.7,72.38058,-0.80833334,0.25492427,66.291664,6.0604167,0.19966666,3.5708334,104.765465,0.7729025,5.32,7.65,0.15,1.7,1.2,0.6,73.0,85.0,198.0,14.0,20.0,12.0,6.0,4.5
2017-02-10,11.0,6.7292733,13.0199995,80.14123,0.42916664,0.16536273,83.583336,4.9416666,0.20025001,5.6812496,54.16228,0.64090985,3.69,8.85,3.85,6.6999993,1.1,0.5,53.0,73.0,154.0,7.0,23.0,16.0,7.0,3.3
2017-02-11,8.0,11.612094,21.464998,85.62271,3.6208334,0.13918866,99.958336,6.5,0.271625,8.064584,116.384254,0.77307945,3.09,10.45,5.4,10.200001,0.7,0.4,19.0,56.0,85.0,23.0,12.0,9.0,6.0,1.5
2017-02-12,23.0,15.528526,29.099998,82.95194,5.53125,0.1920407,99.416664,7.4166665,0.32879165,9.225,195.35968,1.4718584,8.56,11.7,6.0,10.4,0.7,0.4,18.0,50.0,77.0,33.0,33.0,9.0,5.0,1.0
2017-02-13,71.0,18.19782,37.844997,78.667694,5.2229166,0.25755346,63.166668,8.91875,0.377125,6.620833,170.23172,1.1548973,7.82,11.65,2.1,0.2,0.6,0.4,19.0,48.0,77.0,47.0,18.0,6.0,4.0,1.6
2017-02-14,29.0,6.7065244,13.349999,83.73031,3.8833332,0.19237828,63.416668,7.477083,0.33325002,7.5854163,48.233227,1.9389992,13.96,14.7,2.05,0.0,1.0,0.5,38.0,67.0,126.0,23.0,18.0,11.0,7.0,2.9
2017-02-15,96.0,8.126183,15.014999,76.12931,3.3354168,0.30826673,81.541664,8.006249,0.30941668,7.222917,56.397816,1.2749118,9.0,11.8,3.7,0.0,1.0,0.5,30.0,63.0,109.0,28.0,16.0,10.0,8.0,2.8
2017-02-16,204.0,6.9192634,13.125,78.37858,3.2749999,0.24750565,69.458336,7.991667,0.29366666,6.691666,14.202618,1.9560578,14.99,13.15,1.2,0.0,0.9,0.5,33.0,68.0,119.0,29.0,21.0,12.0,8.0,2.7
2017-02-17,182.0,5.691566,12.149999,79.382195,3.1854165,0.24601942,5.7916665,8.224999,0.27870834,6.5375004,336.48547,1.6672052,12.11,12.95,0.6,0.5,,0.5,47.0,74.0,147.0,21.0,24.0,14.0,8.0,
2017-02-18,347.0,4.1812906,10.079999,80.26924,3.2083333,0.24027623,69.458336,7.929167,0.26658335,7.991667,40.648273,2.0161285,13.87,13.55,3.85,0.0,1.2,0.6,51.0,79.0,157.0,14.0,31.0,21.0,8.0,3.7
2017-02-19,309.0,12.401562,23.115,71.621284,2.6666667,0.35224,21.625,8.664583,0.2525,7.5416675,41.790966,2.2149153,15.78,13.85,2.8,0.0,0.8,0.4,14.0,50.0,72.0,38.0,24.0,17.0,9.0,1.7
2017-02-20,422.0,10.821762,20.625,71.52294,2.3083334,0.34913564,1.0416666,8.616667,0.237125,7.7541676,38.463394,2.4603689,16.24,15.75,1.65,0.0,0.8,0.5,21.0,60.0,92.0,38.0,19.0,14.0,11.0,2.2
2017-02-21,297.0,9.95273,18.869999,66.56161,1.0666667,0.44248343,6.4166665,8.479167,0.21841668,9.395833,40.601215,2.552001,15.7,18.8,2.35,0.0,1.1,0.5,37.0,72.0,129.0,32.0,18.0,12.0,12.0,3.4
2017-02-22,795.0,8.78782,16.304998,65.163,2.71875,0.5200353,15.75,9.443749,0.19404167,10.314584,31.410963,1.8040802,11.2,15.7,5.05,1.1,1.2,0.6,58.0,80.0,169.0,24.0,47.0,15.0,13.0,5.7
2017-02-23,199.0,7.0059853,14.25,74.02988,5.74375,0.36962274,55.541668,10.70625,0.17629166,10.364583,21.124767,1.993754,10.43,15.85,5.75,1.1,1.1,0.6,52.0,72.0,152.0,11.0,125.0,34.0,11.0,5.4
2017-02-24,445.0,11.574475,21.674997,70.2482,4.5208335,0.41383013,68.166664,10.766666,0.21149999,8.491665,262.87494,2.4686153,16.55,16.9,1.65,0.0,1.0,0.5,48.0,64.0,138.0,19.0,63.0,18.0,8.0,3.7
2017-02-25,331.0,6.053034,12.884999,70.57805,2.8083334,0.41624153,13.166667,9.895833,0.19058333,8.202084,254.84587,2.2422683,16.23,15.4,2.95,0.0,0.8,0.4,31.0,65.0,113.0,32.0,20.0,10.0,6.0,2.2
2017-02-26,209.0,7.5874276,15.419999,81.04829,4.93125,0.25539336,7.5833335,9.933333,0.16954166,8.720832,238.96942,1.6714207,11.08,11.85,6.75,0.0,0.9,0.4,19.0,53.0,82.0,31.0,33.0,19.0,6.0,1.9
2017-02-27,208.0,16.043703,29.13,80.15208,5.2833333,0.24416573,65.041664,10.5125,0.15479167,9.041667,244.62546,1.6125083,8.55,12.3,6.55,0.0,0.7,0.3,19.0,45.0,74.0,47.0,20.0,10.0,5.0,1.5
2017-02-28,235.0,18.48786,32.985,77.27827,5.05625,0.27658686,93.583336,10.289583,0.14258333,9.333333,252.76135,2.3353662,15.43,14.95,4.65,0.0,0.7,0.4,23.0,50.0,86.0,44.0,12.0,6.0,5.0,2.4
2017-03-01,81.0,10.500691,21.029999,73.22678,4.485417,0.3637732,29.5,10.627084,0.13525,9.366667,223.61255,2.374997,16.8,15.6,4.55,0.0,0.8,0.4,35.0,61.0,114.0,34.0,15.0,8.0,6.0,5.0
2017-03-02,177.0,4.808116,11.264999,80.1369,5.777083,0.28754422,42.875,11.239583,0.11891667,7.4375005,211.65549,1.2068183,7.01,11.75,4.25,6.0,1.1,0.5,59.0,71.0,162.0,21.0,24.0,14.0,6.0,8.9
2017-03-03,139.0,18.691938,33.63,82.364655,4.108333,0.20064808,96.166664,9.1375,0.13149999,4.5625,243.15446,1.3688776,9.52,9.5,1.3,0.0,1.0,0.4,47.0,69.0,141.0,29.0,22.0,13.0,6.0,4.6
2017-03-04,16.0,15.38705,29.114998,77.609924,0.625,0.21982063,80.083336,7.4083333,0.19112499,8.939583,239.20284,1.71029,9.87,14.15,3.65,0.2,0.6,0.3,12.0,41.0,59.0,55.0,7.0,4.0,5.0,1.1
2017-03-05,8.0,17.340933,31.185,79.63761,6.0375,0.25214335,97.541664,9.25,0.181,12.306249,266.41986,2.0904915,10.54,17.5,8.8,0.0,0.6,0.3,14.0,42.0,64.0,40.0,9.0,6.0,5.0,1.1
2017-03-06,129.0,15.591175,28.484999,75.48888,7.5916667,0.41405764,81.125,11.879167,0.17154168,13.056251,300.23026,3.2908192,17.69,19.3,7.15,0.0,0.8,0.4,29.0,57.0,102.0,33.0,11.0,5.0,6.0,3.3
2017-03-07,2060.0,11.277183,22.034998,59.782436,4.977083,0.6845508,69.25,12.854167,0.14854167,12.904167,129.72606,2.9979162,18.03,20.9,5.6,0.0,0.8,0.4,23.0,60.0,95.0,41.0,13.0,7.0,7.0,4.3
2017-03-08,282.0,6.132103,11.774999,66.591446,5.99375,0.6056944,76.25,13.26875,0.13304166,14.089583,359.56262,3.3350196,18.97,23.95,6.1,0.0,1.7,0.6,97.0,97.0,246.0,16.0,30.0,15.0,10.0,8.6
2017-03-09,288.0,5.7727027,11.595,61.899715,5.7604165,0.8141899,27.5,14.325,0.10633334,15.149999,326.45874,3.7218442,19.24,25.65,6.7,0.0,2.5,0.8,140.0,110.0,325.0,18.0,41.0,19.0,11.0,11.7
2017-03-10,245.0,7.1366615,13.889999,54.739597,4.6437497,1.0207999,2.9583333,15.416667,0.07891666,15.241666,261.5354,3.9770262,17.36,24.0,7.2,0.0,1.5,0.6,66.0,93.0,194.0,23.0,33.0,15.0,9.0,7.1
2017-03-11,361.0,11.018028,21.015,49.615314,4.0645833,1.0136145,48.416668,16.489584,0.039875,11.922916,337.83047,3.2663722,16.78,18.45,7.6,1.9000001,1.1,0.4,49.0,77.0,152.0,27.0,32.0,17.0,9.0,5.1
2017-03-12,522.0,14.8401,28.695,59.1253,3.2041667,0.6010824,37.5,15.370833,0.035166666,9.814584,24.048183,3.6391654,11.65,15.35,6.35,1.2,0.5,0.2,7.0,37.0,48.0,56.0,12.0,6.0,7.0,1.3
2017-03-13,303.0,28.386614,50.835003,48.956753,-0.47083333,0.6614135,97.333336,11.837501,0.038083334,13.560416,48.31511,4.021214,15.44,20.4,9.45,0.0,0.5,0.3,7.0,34.0,45.0,64.0,14.0,4.0,8.0,1.1
2017-03-14,47.0,21.19499,39.66,53.239777,3.7437499,0.8143893,72.958336,15.110416,0.038291667,13.770833,61.282616,4.1925454,20.2,20.95,7.85,0.0,0.7,0.3,14.0,51.0,73.0,49.0,17.0,10.0,10.0,2.0
2017-03-15,22.0,13.012669,25.245,49.13826,1.5375,0.94697,10.708333,16.197916,0.028333334,12.500001,104.718666,4.093449,20.57,20.1,5.05,0.0,0.7,0.3,13.0,51.0,72.0,57.0,21.0,10.0,8.0,1.9
2017-03-16,36.0,11.028316,21.96,45.92461,-1.2041667,0.935416,0.125,15.4875,0.019875,12.352084,72.105064,4.128958,20.86,20.15,4.25,0.0,0.7,0.2,16.0,53.0,78.0,60.0,22.0,12.0,7.0,2.2
2017-03-17,12.0,9.255084,19.125,35.591164,-4.3958335,1.0680486,11.416667,15.316667,0.018708333,12.964583,52.495758,4.048164,21.33,21.3,4.7,0.0,0.8,0.3,18.0,63.0,91.0,56.0,17.0,7.0,9.0,2.6
2017-03-18,15.0,6.9590507,15.345,34.31159,-3.9125001,1.1471052,6.7083335,16.316668,0.015583334,14.716666,319.1561,3.954397,20.48,23.55,5.5,0.0,0.8,0.3,19.0,70.0,99.0,50.0,25.0,12.0,9.0,2.3
2017-03-19,25.0,5.5788913,13.665,41.79832,0.4,1.1762522,33.125,17.985416,0.0027083335,16.154165,288.0422,4.4756336,20.69,24.35,9.2,0.0,1.0,0.3,30.0,76.0,122.0,38.0,29.0,15.0,10.0,3.1
2017-03-20,33.0,10.247389,20.73,46.951096,3.8145835,1.1221511,19.125,19.610416,4.166667e-05,13.447918,277.3385,3.9506633,18.12,18.85,8.75,0.4,0.7,0.2,11.0,52.0,68.0,53.0,21.0,11.0,8.0,1.8
2017-03-21,18.0,14.684124,28.409998,50.869473,2.46875,0.7925424,61.708332,16.949999,0.0023750002,8.029168,244.3555,2.218046,13.66,12.0,4.6,4.1,0.8,0.2,19.0,50.0,78.0,45.0,20.0,10.0,7.0,1.8
2017-03-22,37.0,18.907732,35.925,69.38923,1.8541666,0.3486824,65.666664,12.341667,0.018041667,3.3958333,227.89362,1.7046344,14.51,7.05,-0.85,1.1000001,0.7,0.2,21.0,50.0,81.0,52.0,13.0,5.0,7.0,2.0
2017-03-23,4.0,10.562646,23.505,76.95524,-0.66041666,0.20153797,57.25,8.977083,0.06325,4.3208337,97.711754,2.1201568,16.75,9.75,0.05,1.6000001,0.8,0.2,21.0,52.0,84.0,43.0,9.0,6.0,6.0,1.6
2017-03-24,3.0,5.08408,14.61,75.1179,0.008333336,0.23718722,47.0,9.529166,0.09679166,5.38125,219.96956,1.8495662,14.49,10.5,0.7,0.6,0.8,0.2,20.0,58.0,89.0,34.0,13.0,9.0,8.0,2.2
2017-03-25,1.0,10.482752,22.964998,77.92979,1.7354168,0.24072099,61.041668,8.864583,0.09875,9.4125,167.13036,2.2841794,13.3,15.15,5.35,6.899999,0.8,0.2,30.0,57.0,103.0,34.0,14.0,9.0,7.0,2.2
2017-03-26,4.0,14.431054,28.589998,68.60624,3.4875,0.4405996,73.0,10.775001,0.18349999,9.433333,215.7129,1.8752193,10.67,12.85,6.05,4.8999996,0.5,0.1,8.0,36.0,48.0,64.0,8.0,4.0,7.0,0.7
2017-03-27,1.0,15.840275,32.175,75.11172,5.054167,0.3068135,82.458336,10.925,0.20445834,10.962501,234.246,2.5639691,15.13,17.05,6.85,0.0,0.7,0.3,21.0,50.0,82.0,56.0,11.0,6.0,5.0,2.3
2017-03-28,1.0,6.4071865,13.815,72.6846,5.4270835,0.43178424,57.583332,12.420834,0.19529165,11.758331,226.8476,3.6673288,22.85,19.4,4.3,0.0,0.9,0.6,33.0,69.0,120.0,33.0,18.0,10.0,4.0,3.0
2017-03-29,4.0,4.7726116,11.399999,62.7926,4.383333,0.62797314,34.416668,13.5,0.15845834,13.479168,244.25937,3.7922223,20.74,21.6,5.2,0.0,1.2,0.7,51.0,79.0,157.0,33.0,23.0,12.0,6.0,5.1
2017-03-30,6.0,7.600654,15.674999,61.145767,5.495833,0.75700426,68.708336,14.691667,0.12129167,13.472917,238.94992,3.6351178,19.91,18.05,9.65,0.8,1.4,0.8,43.0,79.0,146.0,37.0,27.0,14.0,6.0,4.7
2017-03-31,7.0,16.7909,32.864998,61.80366,5.38125,0.62701005,34.458332,15.345834,0.09466667,11.691667,297.23438,4.311736,22.08,17.1,7.25,0.0,0.9,0.6,30.0,66.0,112.0,42.0,22.0,12.0,4.0,3.2
2017-04-01,15.0,16.989565,32.46,47.177433,-0.060416665,0.78457904,27.375,14.422916,0.07320833,11.6125,8.97255,4.3304305,23.39,18.5,4.5,0.0,0.6,0.5,8.0,44.0,57.0,64.0,10.0,4.0,4.0,1.9
2017-04-02,5.0,10.725282,22.275,48.118458,0.12916668,0.7993088,3.125,15.48125,0.053124998,11.868749,43.787292,4.3209867,24.33,19.4,3.9,0.0,0.5,0.5,7.0,39.0,49.0,65.0,8.0,4.0,5.0,1.2
2017-04-03,3.0,8.398388,19.365,41.84723,-2.5166667,0.9636426,37.791668,16.289583,0.03816667,14.077083,27.806469,5.2129264,24.39,22.15,5.8,0.0,0.6,0.5,20.0,56.0,87.0,60.0,12.0,5.0,5.0,2.4
2017-04-04,6.0,12.70489,24.885,37.426586,-1.8666667,1.1835321,3.125,17.53125,0.027500002,13.206248,39.329845,5.171951,24.4,19.4,7.35,0.0,1.0,0.7,31.0,71.0,119.0,47.0,13.0,6.0,5.0,4.7
2017-04-05,2.0,19.866167,37.2,44.688965,-0.08125,0.9288451,9.333333,16.939583,0.022,13.929166,42.02143,5.182971,24.76,21.9,7.1,0.0,0.7,0.5,10.0,42.0,57.0,62.0,11.0,6.0,5.0,2.7
2017-04-06,2.0,14.934363,29.4,40.620083,-0.5229167,1.109448,0.7916667,17.824999,0.021499999,15.679166,62.60605,5.1016555,24.85,23.05,7.6,0.0,0.7,0.5,13.0,51.0,71.0,66.0,15.0,8.0,5.0,3.1
2017-04-07,2.0,9.183285,20.85,33.988506,-0.99375004,1.3196026,0.0,19.958334,0.0175,16.302086,129.10652,4.814044,24.96,23.7,8.0,0.0,0.7,0.5,14.0,54.0,75.0,62.0,19.0,8.0,5.0,2.6
2017-04-08,0.0,5.6582623,14.91,35.377296,-0.55,1.3521968,0.5,21.054167,0.0145,16.904167,119.964676,5.4297132,25.12,24.1,8.55,0.0,0.6,0.5,9.0,52.0,65.0,78.0,23.0,12.0,5.0,1.7
2017-04-09,0.0,8.991422,19.53,31.209894,-1.6520834,1.4738523,1.4166666,21.177084,0.015375,17.397917,56.44933,4.9988294,25.12,25.0,8.8,0.0,0.5,0.4,6.0,44.0,53.0,73.0,17.0,8.0,4.0,1.3
2017-04-10,3.0,6.904243,16.019999,36.19098,0.22083332,1.4701452,4.5416665,22.010416,0.017958334,18.6,6.5228214,5.8551884,24.87,26.85,9.65,0.0,0.7,0.5,16.0,57.0,82.0,62.0,24.0,11.0,5.0,2.6
2017-04-11,2.0,8.433508,19.41,27.539452,-2.0375001,1.7453656,3.625,22.789583,0.018458333,19.197916,313.1283,5.390909,24.1,28.2,9.75,0.5,0.7,0.5,17.0,66.0,93.0,54.0,20.0,10.0,5.0,3.5
2017-04-12,7.0,7.6687284,17.82,30.645151,0.74583334,1.7451235,9.833333,23.510416,0.019,20.18958,271.5131,6.3667035,23.81,27.45,11.2,0.1,0.7,0.5,15.0,71.0,94.0,57.0,24.0,12.0,5.0,3.5
2017-04-13,10.0,11.354444,24.165,26.193312,-0.65833336,1.8771673,26.583334,23.679167,0.016291667,19.272917,250.06488,5.9373217,24.93,25.2,12.2,0.0,0.7,0.5,19.0,69.0,98.0,48.0,31.0,14.0,5.0,4.1
2017-04-14,2.0,11.886838,24.015,35.247242,2.625,1.5471748,38.041668,23.18125,0.025375001,19.05625,314.20798,5.809093,24.96,26.35,12.0,0.0,0.6,0.4,13.0,57.0,76.0,42.0,41.0,14.0,5.0,2.6
2017-04-15,0.0,10.225477,22.664999,36.433647,2.95625,1.5375336,53.208332,23.995834,0.023,18.0875,34.767467,5.084193,23.99,25.6,10.0,0.0,0.5,0.4,10.0,47.0,63.0,52.0,18.0,9.0,5.0,2.0
2017-04-16,3.0,8.653466,20.175,35.801655,1.13125,1.5321609,56.666668,23.393751,0.022,19.895834,310.30344,5.8771224,25.37,27.35,11.25,0.0,,0.4,10.0,38.0,54.0,69.0,21.0,9.0,5.0,
2017-04-17,7.0,9.109202,19.98,28.912107,0.57916665,1.8198668,10.875,24.616667,0.021,20.275,25.748274,6.653036,24.43,26.9,12.75,0.0,,0.5,25.0,68.0,106.0,49.0,26.0,12.0,5.0,
2017-04-18,36.0,14.656757,28.935,29.570532,0.08958333,1.8241639,48.166668,24.577082,0.022,16.99792,64.59235,5.872211,22.28,22.45,11.45,0.6,0.5,0.4,9.0,49.0,62.0,65.0,18.0,7.0,5.0,2.7
2017-04-19,17.0,16.866632,33.12,41.031097,2.9416666,1.149617,64.333336,22.745834,0.022375,13.366666,100.14984,3.8500524,19.97,18.45,9.35,6.4999995,0.5,0.4,7.0,38.0,48.0,69.0,17.0,6.0,5.0,1.8
2017-04-20,15.0,15.304553,30.914999,59.40038,4.8791666,0.66238445,89.541664,18.5375,0.06979167,13.289584,104.58681,5.7212253,28.21,21.75,5.5,0.0,0.5,0.4,9.0,39.0,53.0,67.0,14.0,7.0,5.0,2.3
2017-04-21,10.0,13.154621,25.919998,35.676804,-4.414583,1.1555294,7.7083335,17.829166,0.060291667,13.299999,73.351,4.3502784,23.1,20.95,5.5,0.0,0.6,0.6,10.0,45.0,60.0,77.0,15.0,6.0,5.0,1.8
2017-04-22,2.0,7.267504,16.109999,32.43381,-4.414583,1.1939734,78.416664,17.36875,0.05075,17.377085,149.93147,5.0419235,26.05,25.0,8.35,0.0,0.5,0.5,10.0,51.0,67.0,70.0,14.0,6.0,5.0,1.3
2017-04-23,5.0,4.609135,13.2,29.703936,-1.9479166,1.5842925,46.916668,21.829168,0.0345,18.214582,174.91385,4.77514,23.91,25.35,11.1,3.3999999,0.8,0.6,30.0,64.0,110.0,56.0,21.0,10.0,6.0,2.7
2017-04-24,2.0,6.5060406,17.054998,50.5081,6.7937503,1.1716393,44.333332,23.185417,0.031833332,17.66875,239.69878,4.6940393,22.03,22.0,12.95,6.4999995,1.0,0.6,28.0,72.0,115.0,49.0,31.0,11.0,6.0,3.9
2017-04-25,2.0,15.199983,31.755,55.32692,8.229167,0.9459517,76.791664,20.679167,0.0785,14.160415,307.95636,3.9717238,18.68,19.0,8.8,1.8,0.7,0.5,18.0,61.0,89.0,49.0,46.0,14.0,5.0,2.5
2017-04-26,0.0,13.270272,26.699999,54.03365,3.8583333,0.7635143,81.958336,18.675001,0.09220833,9.791667,34.187572,4.8296156,23.32,16.15,4.9,0.0,0.5,0.4,12.0,44.0,61.0,58.0,18.0,9.0,5.0,1.6
2017-04-27,2.0,19.717094,38.655,35.579006,-5.8541665,0.8559328,76.75,15.2375,0.07604167,9.5625,64.00066,4.770366,24.65,17.3,3.15,0.0,0.5,0.4,6.0,38.0,47.0,71.0,10.0,5.0,6.0,1.6
2017-04-28,6.0,15.106094,30.794998,42.388405,-3.1104167,0.74485445,96.958336,14.929166,0.06516667,10.795834,144.78714,1.4760045,7.69,14.25,8.55,12.799999,0.5,0.4,7.0,36.0,47.0,70.0,13.0,7.0,6.0,1.8
2017-04-29,0.0,10.299718,21.945,78.89863,7.254167,0.2811951,84.583336,13.575,0.123124994,10.685417,233.06581,2.1902814,11.1,14.15,7.55,1.9,0.5,0.4,14.0,44.0,65.0,38.0,10.0,7.0,5.0,1.3
2017-04-30,2.0,21.074228,39.3,69.16559,4.8458333,0.402711,62.375,12.345833,0.15574999,10.71875,276.54346,4.6101284,28.07,18.6,3.8,0.0,0.4,0.3,11.0,40.0,58.0,52.0,11.0,7.0,5.0,0.9
2017-05-01,1.0,7.0057797,16.905,51.957806,0.55833334,0.7214668,12.791667,14.204166,0.136375,15.110416,341.37204,4.2342157,22.36,22.45,6.9,0.0,0.3,0.4,5.0,30.0,38.0,74.0,9.0,5.0,5.0,0.7
2017-05-02,5.0,6.032019,14.114999,53.97987,5.0541663,0.9663997,51.583332,17.066668,0.10041667,17.789583,51.340157,5.4893465,28.05,25.65,9.45,0.0,0.5,0.4,11.0,47.0,64.0,56.0,13.0,7.0,6.0,1.3
2017-05-03,7.0,7.3482413,17.115,48.42748,5.6416664,1.2680825,14.083333,21.195833,0.0655,19.239584,70.07857,4.3904595,18.78,25.75,12.25,0.0,0.8,0.5,25.0,61.0,99.0,54.0,15.0,7.0,6.0,2.5
2017-05-04,2.0,7.2418456,17.19,42.60984,5.441667,1.4163643,79.75,22.370834,0.041208334,17.25,215.03,4.091166,17.77,22.25,12.45,3.7000003,0.9,0.6,31.0,82.0,129.0,39.0,25.0,12.0,6.0,4.9
2017-05-05,2.0,17.751354,34.875,60.792904,8.6375,0.805082,68.208336,20.643751,0.04983333,14.806251,241.65659,4.9116216,26.09,22.05,9.25,1.4000001,0.7,0.5,20.0,60.0,91.0,44.0,21.0,9.0,6.0,2.6
2017-05-06,2.0,13.179612,26.505,57.41354,4.9583335,0.87202555,31.333334,19.71875,0.06566667,18.10625,34.246723,5.6031127,28.47,25.6,10.3,0.0,0.4,0.3,9.0,39.0,53.0,60.0,11.0,6.0,5.0,0.9
2017-05-07,3.0,8.435322,18.885,43.538227,4.695833,1.3798403,5.125,22.30625,0.051,20.877085,19.476671,6.547012,28.44,28.7,12.3,0.0,0.5,0.4,14.0,47.0,69.0,55.0,12.0,6.0,6.0,1.6
2017-05-08,5.0,9.4662485,20.925,36.90261,4.1770835,1.7992607,51.25,26.152084,0.0335,20.760416,269.01788,6.366356,21.98,27.5,13.8,1.2,0.6,0.5,15.0,58.0,81.0,54.0,20.0,9.0,6.0,2.3
2017-05-09,9.0,14.723998,28.995,34.14117,3.4812498,1.7093579,74.916664,25.191666,0.030000001,18.099998,221.72665,5.480135,21.26,22.65,14.3,2.6000001,0.7,0.5,23.0,67.0,101.0,50.0,23.0,10.0,6.0,2.9
2017-05-10,1.0,20.254667,38.895,52.704685,7.0333333,1.0376765,73.625,23.2125,0.036291666,13.431248,225.9607,3.1753511,20.16,16.4,10.6,11.4,0.4,0.3,15.0,42.0,66.0,58.0,15.0,6.0,5.0,1.4
2017-05-11,2.0,21.802168,44.084995,74.45037,8.614583,0.41703352,73.666664,18.0375,0.24316667,13.008334,222.23312,2.8619733,18.39,18.55,9.65,3.4999998,0.5,0.3,20.0,53.0,83.0,50.0,9.0,5.0,6.0,1.4
2017-05-12,1.0,17.830606,36.344997,78.90831,9.285417,0.34910798,58.0,15.920834,0.25283334,14.76875,237.97594,3.9502025,21.75,18.9,10.8,0.4,0.5,0.3,26.0,54.0,95.0,40.0,11.0,6.0,6.0,1.9
2017-05-13,2.0,14.283742,27.974998,66.08419,8.091666,0.63154036,56.666668,16.456251,0.22966667,16.087503,249.05591,4.500767,23.31,22.2,9.55,0.0,0.4,0.3,12.0,41.0,59.0,49.0,12.0,6.0,6.0,1.2
2017-05-14,2.0,7.6902833,16.785,59.453262,7.3958335,0.86587435,40.083332,17.6625,0.18683334,18.543753,31.429543,5.0431747,26.6,25.7,10.5,0.0,0.5,0.3,15.0,46.0,70.0,39.0,14.0,7.0,6.0,1.6
2017-05-15,0.0,5.326115,12.465,53.616688,7.879167,1.214415,73.958336,19.983334,0.14125,21.366667,64.7104,5.4172087,26.63,28.35,13.8,0.0,0.7,0.4,23.0,53.0,88.0,48.0,17.0,8.0,6.0,2.6
2017-05-16,38.0,6.162199,13.935,45.674133,8.302083,1.5954746,80.166664,23.30625,0.09091666,21.525002,126.36297,6.1486897,26.99,28.9,15.85,0.0,0.8,0.4,19.0,68.0,97.0,51.0,22.0,11.0,6.0,3.0
2017-05-17,12.0,9.072583,20.385,42.131443,7.125,1.597884,72.25,25.28125,0.05404167,16.710417,328.64874,4.065408,22.15,19.65,13.0,8.900001,0.6,0.3,14.0,58.0,80.0,61.0,19.0,9.0,6.0,2.2
2017-05-18,5.0,12.920887,26.339998,61.82852,8.227083,0.73071843,30.166666,20.449999,0.12058333,15.233334,320.36462,5.583674,30.14,21.85,8.5,0.0,0.6,0.3,16.0,46.0,71.0,45.0,15.0,9.0,6.0,2.5
2017-05-19,2.0,8.5698805,18.69,48.105545,3.35625,1.0224564,0.5,19.329166,0.13429166,17.124998,44.62719,5.6856885,30.35,25.55,8.35,0.0,0.7,0.6,14.0,52.0,74.0,56.0,13.0,7.0,6.0,2.7
2017-05-20,1.0,6.4141326,15.09,41.44731,2.95,1.3525978,26.166666,20.966667,0.085666664,19.627085,82.109344,4.7338486,17.21,27.2,13.3,1.7,0.6,0.3,18.0,57.0,84.0,66.0,15.0,8.0,6.0,2.0
2017-05-21,4.0,11.056493,22.14,44.3981,6.2041664,1.4132515,82.083336,21.425001,0.059833333,21.660418,130.94637,5.9641604,29.7,28.9,13.3,0.0,0.6,0.4,12.0,56.0,75.0,49.0,17.0,9.0,6.0,2.2
2017-05-22,2.0,6.099184,16.065,39.265358,6.210417,1.8124388,3.6666667,26.847916,0.036166668,24.4125,55.10153,7.2429843,27.41,31.5,16.7,0.0,0.8,0.4,24.0,74.0,111.0,50.0,33.0,13.0,7.0,3.2
2017-05-23,4.0,13.341548,27.36,38.393238,7.8375,2.1272852,12.875,29.164583,0.023999998,24.93958,88.754684,6.9539146,29.7,31.65,16.55,0.0,0.5,0.3,8.0,52.0,64.0,70.0,24.0,10.0,7.0,2.0
2017-05-24,16.0,7.78653,18.435,30.870523,5.258333,2.4181933,4.9166665,30.564583,0.017791666,25.752085,98.686264,7.0675955,27.23,32.45,19.0,0.2,0.6,0.4,17.0,65.0,90.0,62.0,26.0,10.0,7.0,2.7
2017-05-25,16.0,8.700402,20.775,29.030478,5.304167,2.5070312,47.375,31.447916,0.017291667,25.410416,188.94933,6.641253,25.3,32.8,17.9,0.6,0.6,0.4,14.0,66.0,87.0,67.0,30.0,12.0,7.0,2.9
2017-05-26,1.0,7.843357,19.304998,32.64731,6.8562503,2.3289676,41.166668,30.564583,0.025916666,25.339584,148.45332,6.7123947,26.5,32.4,18.25,0.3,0.7,0.4,15.0,71.0,95.0,55.0,43.0,14.0,7.0,2.8
2017-05-27,7.0,10.329146,23.354998,34.527195,8.0,2.269408,75.708336,30.3125,0.037583333,23.362501,162.41911,6.144578,21.01,28.05,18.65,1.8,0.4,0.3,6.0,45.0,53.0,70.0,34.0,12.0,7.0,1.4
2017-05-28,3.0,12.966533,28.125,43.918552,9.072917,1.6730357,91.833336,28.375,0.04129167,20.616667,221.546,5.2186046,24.32,24.55,16.9,10.1,0.4,0.3,5.0,38.0,45.0,80.0,26.0,10.0,7.0,0.9
2017-05-29,0.0,11.049396,24.06,56.47285,10.650001,1.1381356,34.416668,25.870834,0.09329167,20.989584,28.403564,5.5687275,24.24,25.55,16.15,2.1000001,0.5,0.3,16.0,52.0,76.0,52.0,24.0,10.0,7.0,1.5
2017-05-30,0.0,11.269212,23.82,49.623352,9.441667,1.3481134,30.625,25.433334,0.058208335,21.995834,33.01016,5.827734,26.06,28.15,15.9,0.70000005,0.5,0.3,5.0,43.0,50.0,67.0,18.0,9.0,7.0,2.0
2017-05-31,2.0,8.768313,20.429998,46.908672,9.529166,1.5545254,38.291668,27.827082,0.039,23.904167,65.57497,6.0182767,25.67,30.25,16.65,0.2,0.7,0.4,10.0,60.0,76.0,59.0,24.0,9.0,7.0,3.6
2017-06-01,3.0,8.234244,19.695,43.819706,9.641666,1.8773403,22.625,29.93125,0.03125,25.358337,135.64369,6.888411,26.0,32.5,18.35,0.4,0.6,0.3,11.0,60.0,76.0,67.0,25.0,12.0,7.0,3.8
2017-06-02,4.0,10.812305,23.955,39.533478,9.256249,2.1355162,36.125,30.897917,0.027458332,22.672918,352.15912,5.9290557,25.17,28.35,16.65,2.3,0.8,0.5,16.0,69.0,94.0,59.0,32.0,12.0,7.0,3.9
2017-06-03,4.0,11.987244,26.775,53.015507,11.243751,1.4456667,43.166668,28.452082,0.046875,19.735418,12.591595,5.117649,21.58,26.45,15.85,3.3999999,0.4,0.3,4.0,37.0,43.0,66.0,22.0,12.0,7.0,1.2
2017-06-04,4.0,15.252335,33.21,58.224476,10.400001,1.0274187,73.916664,25.987501,0.049958333,18.722918,303.8112,6.3093085,30.83,26.45,11.3,0.0,0.3,0.2,3.0,26.0,31.0,62.0,15.0,8.0,7.0,0.8
2017-06-05,3.0,8.585907,20.085,44.66316,5.1833334,1.4103813,8.083333,24.520834,0.068375,21.547915,295.24442,6.7401686,29.72,27.9,14.9,0.0,0.5,0.3,13.0,50.0,69.0,49.0,15.0,7.0,7.0,2.1
2017-06-06,13.0,9.700926,22.125,40.66714,6.495833,1.6953645,27.083334,27.512499,0.03995833,23.727083,46.441055,6.8490324,30.52,31.75,14.75,0.0,0.4,0.3,9.0,43.0,57.0,55.0,14.0,6.0,7.0,1.6
2017-06-07,2.0,9.346112,21.659998,35.643063,5.710417,2.2332692,0.29166666,30.291666,0.02375,26.035416,136.97488,7.437473,27.81,33.4,18.25,0.0,0.7,0.4,22.0,64.0,97.0,61.0,26.0,9.0,8.0,3.0
2017-06-08,0.0,10.64272,23.22,38.603065,8.820833,2.3792126,38.125,31.710417,0.0195,26.770834,223.0946,7.918945,28.83,33.05,19.45,0.0,0.7,0.4,9.0,61.0,75.0,66.0,33.0,14.0,7.0,2.5
2017-06-09,4.0,11.596936,24.659998,29.758818,5.1854167,2.6727254,90.125,32.600002,0.02,27.706253,203.28604,7.7313647,29.89,35.2,19.3,0.0,0.6,0.4,16.0,68.0,92.0,52.0,31.0,11.0,8.0,2.3
2017-06-10,3.0,8.292767,19.875,28.053583,6.1875,2.9694395,75.458336,33.8,0.019291667,29.9375,129.36502,7.554223,26.41,37.2,21.6,0.0,0.7,0.3,23.0,66.0,101.0,55.0,28.0,14.0,8.0,2.6
2017-06-11,0.0,8.57339,19.529999,26.181982,7.7999997,3.4133103,68.125,35.402084,0.018583333,30.947916,126.49358,8.79975,28.2,36.6,23.0,0.0,0.8,0.4,21.0,62.0,94.0,69.0,30.0,15.0,8.0,2.7
2017-06-12,0.0,12.0829115,25.349998,19.551737,4.4270835,3.7096055,18.791666,36.327084,0.019,29.439585,131.13918,7.9826994,29.98,36.35,21.7,0.3,0.7,0.3,12.0,57.0,76.0,63.0,27.0,11.0,8.0,4.2
2017-06-13,0.0,8.830487,20.505,27.204466,7.80625,3.2042303,14.083333,36.164585,0.022375,30.395836,207.28917,8.753401,29.28,37.35,22.5,0.0,0.5,0.3,12.0,60.0,78.0,73.0,31.0,12.0,8.0,2.0
2017-06-14,1.0,10.749074,23.865,25.92127,7.8583336,3.4210262,18.541666,36.177082,0.0225,30.381254,302.98853,6.9223013,24.0,37.95,23.35,2.6,0.6,0.3,14.0,74.0,95.0,65.0,39.0,15.0,8.0,2.7
2017-06-15,0.0,8.065236,20.13,28.242476,8.960417,3.2429676,59.458332,35.139584,0.034083333,29.452082,44.999897,6.993887,27.35,37.25,21.45,0.0,0.9,0.4,31.0,92.0,139.0,44.0,55.0,20.0,9.0,4.6
2017-06-16,0.0,6.61598,17.67,33.933186,10.197917,3.0737495,52.208332,34.522915,0.043375,31.67708,24.826813,8.317316,26.88,39.75,23.25,0.0,0.7,0.3,19.0,77.0,106.0,63.0,35.0,15.0,8.0,2.9
2017-06-17,5.0,11.616927,24.044998,24.799887,6.5958333,3.8779638,46.0,36.76875,0.03475,31.347916,85.07663,8.655713,29.42,38.15,23.25,0.0,0.5,0.3,7.0,55.0,65.0,72.0,30.0,16.0,8.0,2.1
2017-06-18,3.0,9.824369,22.019999,24.311602,6.6395836,3.7447708,17.291666,37.570835,0.030916668,29.133337,160.16129,6.7419243,19.94,33.2,24.4,0.2,0.3,0.2,4.0,41.0,47.0,84.0,29.0,13.0,8.0,1.0
2017-06-19,0.0,10.336182,22.935,28.469213,8.410417,2.9043248,70.583336,34.270832,0.035208333,26.370832,65.354774,6.0419064,24.01,31.55,21.05,1.1,0.5,0.3,8.0,52.0,64.0,73.0,31.0,12.0,8.0,1.6
2017-06-20,2.0,7.1504364,17.804998,43.17779,12.210416,2.0217073,49.041668,32.639584,0.04191667,28.541666,266.45523,6.69499,27.66,35.65,20.55,0.1,0.5,0.3,10.0,56.0,71.0,64.0,26.0,12.0,8.0,2.1
2017-06-21,1.0,5.9506354,15.704999,35.75786,10.2375,2.8485,15.291667,34.195835,0.043500002,29.627085,262.96667,7.4707613,26.32,35.75,22.25,0.0,0.7,0.4,23.0,72.0,108.0,57.0,33.0,15.0,8.0,2.4
2017-06-22,0.0,9.93183,21.480001,31.383383,10.118751,3.042349,35.75,35.022915,0.035291668,29.85417,246.25269,9.765325,30.99,35.55,22.55,0.0,0.7,0.4,18.0,80.0,107.0,60.0,35.0,17.0,8.0,2.7
2017-06-23,3.0,15.248993,29.489998,21.673105,3.3895833,3.4643195,1.7083334,34.954166,0.035,29.112497,245.18202,9.723493,29.53,35.55,22.0,0.1,0.6,0.3,19.0,80.0,110.0,52.0,31.0,14.0,8.0,2.3
2017-06-24,2.0,15.889439,31.485,22.384783,4.9,3.2884605,31.708334,34.047916,0.030333335,27.289581,269.7989,5.69386,16.31,33.85,21.45,3.1,0.4,0.3,13.0,58.0,78.0,47.0,29.0,11.0,9.0,1.6
2017-06-25,0.0,9.457976,26.13,35.430294,8.847917,2.4118636,79.5,31.706251,0.035833333,23.408333,238.28934,6.814743,29.26,30.35,17.35,2.3000002,0.4,0.2,13.0,50.0,69.0,46.0,29.0,13.0,9.0,1.4
2017-06-26,0.0,11.4678,24.705,52.61498,11.224999,1.6321255,18.625,28.99375,0.07116667,22.977083,249.71167,6.997581,25.97,27.4,17.85,0.0,0.4,0.3,14.0,55.0,75.0,49.0,23.0,11.0,9.0,1.4
2017-06-27,0.0,17.426409,32.73,40.456757,8.197917,1.7454047,49.708332,27.366667,0.045791667,20.550001,258.31744,5.987751,21.35,25.1,15.55,0.90000004,0.6,0.3,19.0,62.0,91.0,40.0,19.0,10.0,9.0,2.7
2017-06-28,2.0,22.756598,41.82,48.054245,8.354167,1.3119429,26.5,25.106249,0.044208333,18.072916,302.53247,6.7250996,27.06,23.35,12.7,0.0,0.5,0.2,21.0,44.0,76.0,41.0,14.0,7.0,9.0,2.0
2017-06-29,0.0,19.365091,37.094997,38.095253,2.2104166,1.3493954,24.583334,23.602083,0.04391667,16.96667,314.35452,5.223781,19.28,22.15,11.3,0.0,0.4,0.2,12.0,39.0,57.0,55.0,10.0,5.0,9.0,1.9
2017-06-30,6.0,14.928219,30.029999,41.17775,3.2458334,1.2248728,46.208332,22.085417,0.040541667,18.733335,32.365265,6.4395313,26.48,24.2,12.85,0.0,0.4,0.2,9.0,32.0,47.0,52.0,8.0,4.0,9.0,1.3
2017-07-01,1.0,16.005358,31.44,36.63156,2.7437499,1.476223,23.875,24.1625,0.034833334,21.685417,53.289314,7.560916,30.68,30.9,12.8,0.0,0.2,0.2,3.0,20.0,25.0,66.0,8.0,5.0,9.0,0.7
2017-07-02,0.0,13.42558,26.76,34.651386,3.8520832,2.0387475,0.083333336,27.204168,0.027958333,25.795835,57.895718,7.347248,30.59,33.45,17.1,0.0,0.2,0.2,5.0,28.0,36.0,53.0,7.0,4.0,9.0,1.0
2017-07-03,,8.815932,20.88,30.415833,5.2895837,2.6447124,0.0,31.975,0.016999999,27.835413,130.8188,8.353548,30.64,34.8,19.65,0.0,0.4,0.2,15.0,47.0,69.0,48.0,16.0,7.0,9.0,1.8
2017-07-04,,11.087025,23.64,25.621239,4.445833,3.0476263,0.0,33.183334,0.014416668,28.14167,162.72884,8.815045,29.47,35.1,20.45,0.3,0.5,0.2,17.0,48.0,74.0,52.0,21.0,9.0,10.0,2.1
2017-07-05,,14.169375,30.824999,33.458443,9.033334,2.7458637,24.75,33.947918,0.014625001,23.74375,128.49597,4.9938593,17.33,28.7,19.2,9.6,0.4,0.2,13.0,48.0,68.0,65.0,32.0,14.0,10.0,1.3
2017-07-06,,12.738025,40.89,59.755432,14.266666,1.2286837,90.083336,30.09375,0.049916666,19.272917,304.881,2.9028034,15.02,23.75,16.05,27.200005,0.5,0.2,20.0,54.0,85.0,31.0,17.0,7.0,10.0,3.2
2017-07-07,,8.95078,29.25,80.85999,15.66875,0.4565595,64.166664,24.30625,0.30279168,19.95625,296.97516,4.355792,22.31,25.4,15.6,0.70000005,0.6,0.2,19.0,53.0,81.0,32.0,17.0,9.0,10.0,3.0
2017-07-08,,7.986999,19.08,73.9273,14.947917,0.7030256,50.125,23.475,0.30324998,22.729166,242.95354,5.8320365,27.97,29.8,15.7,0.0,0.5,0.1,13.0,51.0,70.0,47.0,19.0,13.0,9.0,1.9
2017-07-09,,6.4555035,14.400001,64.19082,14.79375,1.2007737,4.8333335,24.327082,0.22979166,23.816668,242.51869,6.7277164,30.31,30.15,17.3,0.0,0.7,0.2,27.0,62.0,104.0,54.0,21.0,13.0,10.0,2.3
2017-07-10,0.0,9.192346,18.525,51.13516,11.445834,1.6416535,7.0833335,25.40625,0.1545,24.395834,275.68692,7.054643,30.12,32.7,16.55,0.0,0.6,0.2,23.0,61.0,97.0,46.0,17.0,11.0,10.0,1.9
2017-07-11,1.0,9.44138,20.654999,45.936947,9.879167,2.0160892,13.166667,26.941666,0.086124994,27.9125,248.32393,8.050589,30.14,36.55,19.15,0.0,0.7,0.2,21.0,71.0,104.0,48.0,17.0,10.0,10.0,3.3
2017-07-12,0.0,9.3916235,20.234999,31.666641,7.8104167,2.9707568,0.0,31.0625,0.037333336,30.61667,271.8778,8.50973,28.69,40.25,20.75,0.0,0.9,0.3,33.0,94.0,144.0,44.0,25.0,16.0,10.0,6.4
2017-07-13,0.0,10.269784,22.11,29.627195,8.306251,3.6139345,18.958334,34.2375,0.019791666,30.793749,311.998,9.14651,29.28,39.55,21.6,0.0,1.0,0.3,45.0,101.0,170.0,39.0,35.0,18.0,10.0,5.5
2017-07-14,1.0,15.1096,29.729998,30.768015,8.0625,3.5250254,1.5833334,35.3,0.014625001,29.458334,30.018261,8.08729,29.64,37.05,20.7,0.0,0.7,0.2,19.0,76.0,105.0,49.0,36.0,17.0,10.0,3.7
2017-07-15,1.0,11.206357,24.419998,29.747072,8.354167,3.198717,2.25,35.860416,0.011,30.072916,49.398838,8.073295,28.66,37.2,22.7,0.0,0.4,0.1,8.0,45.0,57.0,76.0,24.0,12.0,10.0,1.4
2017-07-16,1.0,9.455324,21.404999,30.458593,9.010417,3.2436821,2.2083333,36.39375,0.009374999,29.695833,183.03932,7.8119826,27.41,35.95,22.75,0.0,0.3,0.1,7.0,42.0,53.0,75.0,23.0,12.0,10.0,1.1
2017-07-17,1.0,9.846185,22.17,25.034704,6.722917,3.2838805,40.541668,35.052082,0.008,29.902084,180.40851,8.253748,26.24,36.35,23.0,0.0,0.6,0.2,17.0,67.0,93.0,58.0,23.0,12.0,11.0,2.1
2017-07-18,1.0,12.210198,26.025,25.400156,6.883333,3.3193092,33.125,34.425,0.0101666665,27.433332,230.97054,8.599181,28.04,31.9,22.65,0.0,0.5,0.3,15.0,59.0,82.0,60.0,38.0,16.0,11.0,2.1
2017-07-19,0.0,16.431517,31.589998,30.624804,7.8604164,2.5979302,35.625,33.004166,0.032,26.322916,255.54218,7.614981,28.99,32.15,20.45,0.0,0.5,0.4,17.0,53.0,78.0,57.0,21.0,9.0,10.0,1.8
2017-07-20,0.0,9.870661,22.154999,31.261728,7.0125003,2.5004475,37.916668,32.89375,0.030916667,26.00208,240.2348,7.829556,29.4,31.5,18.95,0.0,0.5,0.3,13.0,57.0,76.0,57.0,16.0,9.0,11.0,2.3
2017-07-21,2.0,12.134239,25.065,33.09727,7.0375,2.4021244,15.333333,31.941666,0.025375001,26.189583,256.86267,7.9341927,29.05,32.2,18.75,0.0,0.5,0.3,17.0,57.0,83.0,60.0,19.0,10.0,11.0,3.2
2017-07-22,0.0,10.743699,22.935,23.780767,3.2208335,2.7376473,37.291668,31.885416,0.023958333,27.066668,292.8473,8.146782,29.1,34.0,18.85,0.0,0.4,0.3,10.0,54.0,69.0,61.0,18.0,11.0,11.0,1.9
2017-07-23,1.0,11.283482,24.089998,27.660524,5.19375,2.8583345,0.0,32.435417,0.021499999,26.743752,358.38367,7.6619782,27.98,33.05,20.05,0.0,0.4,0.3,7.0,40.0,51.0,73.0,19.0,12.0,11.0,1.7
2017-07-24,1.0,13.192239,27.284998,33.80246,8.279166,2.4543,2.0,32.610416,0.018,24.433334,39.32359,7.6410275,28.71,32.0,17.55,0.0,0.4,0.2,10.0,38.0,54.0,58.0,19.0,11.0,11.0,1.5
2017-07-25,,14.80608,30.57,36.14452,6.8458333,2.1793838,9.583333,31.685417,0.016500002,26.081251,34.449783,7.1403165,28.04,33.85,18.2,0.0,0.3,0.2,6.0,29.0,39.0,60.0,14.0,8.0,11.0,1.2
2017-07-26,,7.6355996,19.124998,30.896677,6.754167,2.6046813,15.708333,32.929165,0.01525,29.493752,270.357,8.347914,28.24,36.95,20.75,0.0,0.5,0.2,15.0,53.0,76.0,56.0,14.0,8.0,11.0,2.3
2017-07-27,,11.156205,23.144999,25.335297,6.6,3.3646295,0.0,34.402084,0.0145,30.516663,264.63007,8.839554,28.91,37.5,22.2,0.0,0.6,0.3,18.0,66.0,93.0,46.0,22.0,13.0,11.0,2.8
2017-07-28,,11.272845,23.46,17.267447,1.2958333,3.83755,0.0,35.114582,0.011999999,29.61875,263.41818,7.8147464,25.84,36.55,22.5,0.0,1.0,0.4,39.0,93.0,154.0,41.0,28.0,18.0,12.0,5.4
2017-07-29,0.0,9.763192,21.824999,24.146223,5.9395833,3.3349638,14.416667,34.45625,0.01,29.785416,248.46086,8.604399,27.36,36.25,22.1,0.0,0.7,0.3,27.0,72.0,114.0,46.0,18.0,10.0,12.0,3.7
2017-07-30,1.0,12.123357,25.425001,21.360893,4.5833335,3.4693537,3.1666667,34.08125,0.007541667,28.362501,241.12419,8.503085,27.67,33.5,21.75,0.0,0.5,0.3,18.0,57.0,84.0,33.0,31.0,12.0,11.0,2.2
2017-07-31,0.0,12.946137,26.534998,20.699535,3.0562499,3.163634,40.875,33.352085,0.0075,27.26042,240.69325,7.153984,25.71,32.25,21.5,0.0,0.5,0.2,18.0,56.0,83.0,36.0,38.0,15.0,11.0,2.1
2017-08-01,0.0,9.720086,21.105,25.624746,5.289583,2.7775114,41.458332,32.850002,0.009166666,27.835411,250.10934,7.2346344,27.63,34.55,20.75,0.0,0.5,0.3,11.0,53.0,70.0,49.0,21.0,10.0,11.0,2.2
2017-08-02,0.0,7.7600994,19.71,28.52771,6.8270836,2.8829877,7.25,33.977085,0.0075000003,29.06042,247.43031,7.5349793,27.68,36.3,20.8,0.0,0.5,0.3,11.0,59.0,76.0,54.0,25.0,12.0,11.0,3.1
2017-08-03,,8.963677,19.41,27.109556,6.46875,3.2303445,8.333333,34.35625,0.0055,31.118752,274.94113,7.620487,27.13,37.85,23.85,0.0,0.6,0.3,10.0,61.0,76.0,59.0,24.0,11.0,12.0,3.5
2017-08-04,,8.110589,18.734999,30.177748,10.689583,3.4207525,2.3333333,36.610416,0.0029999998,31.539583,262.24695,7.4586663,24.75,37.9,25.15,0.3,0.6,0.2,14.0,57.0,78.0,50.0,21.0,14.0,12.0,3.2
2017-08-05,,10.71059,24.63,29.83471,10.397917,3.3806314,9.916667,36.504166,0.00325,28.254166,16.591599,8.597308,27.33,36.25,20.05,0.0,0.5,0.2,8.0,51.0,64.0,54.0,25.0,16.0,12.0,4.0
2017-08-06,,17.228754,34.425,33.067596,8.389584,2.904479,0.0,34.441666,0.00575,28.933334,237.71053,9.662646,27.56,35.85,21.15,0.0,0.2,0.2,4.0,30.0,36.0,61.0,19.0,9.0,12.0,0.9
2017-08-07,,17.653934,33.66,22.370392,1.4250001,3.3542442,20.833334,33.225002,0.0040416666,24.781248,305.1528,7.3627534,27.04,30.4,18.25,0.0,0.4,0.2,10.0,46.0,61.0,56.0,25.0,12.0,11.0,2.7
2017-08-08,,11.168666,24.15,29.908796,4.0125003,2.2752373,1.3333334,31.46875,0.0036250001,22.166666,25.15264,7.2033577,25.98,29.15,16.5,0.0,0.3,0.2,6.0,32.0,41.0,72.0,14.0,7.0,11.0,1.4
2017-08-09,,17.460337,34.395,39.079277,6.2875,1.7215052,3.0416667,29.31875,0.0029999998,19.816668,40.695457,7.034762,27.55,27.5,12.65,0.0,0.3,0.2,5.0,29.0,36.0,63.0,16.0,8.0,11.0,1.6
2017-08-10,,16.774721,32.76,33.998844,2.5145833,1.7190353,0.041666668,26.725,0.0029999998,22.010414,49.70213,6.464259,27.05,29.35,14.3,0.0,0.2,0.2,4.0,24.0,31.0,65.0,9.0,5.0,11.0,1.8
2017-08-11,,10.898384,23.865,31.455086,2.2375,2.061591,26.5,28.608332,0.0029999998,24.270834,48.69981,6.8089232,26.56,31.9,16.25,0.0,0.3,0.2,5.0,33.0,41.0,65.0,8.0,4.0,11.0,1.9
2017-08-12,,8.561391,19.875,25.52076,1.3625001,2.5110745,19.916666,30.206251,0.002,26.356249,80.99531,6.8063183,26.06,33.85,18.35,0.0,0.2,0.2,7.0,34.0,44.0,77.0,11.0,6.0,11.0,1.1
2017-08-13,,9.400917,20.429998,29.37103,5.6416664,2.6890934,25.375,31.572916,0.0015000001,27.425003,128.78009,6.4806123,24.07,34.7,20.45,0.0,0.5,0.2,16.0,46.0,70.0,66.0,14.0,7.0,12.0,2.1
2017-08-14,,9.503505,21.195,38.286182,10.485416,2.5016952,23.625,32.445835,0.0007083334,28.460413,219.49768,7.669618,23.7,35.15,21.6,0.1,0.3,0.2,6.0,34.0,44.0,63.0,18.0,7.0,12.0,1.4
2017-08-15,,12.987954,26.849998,33.686214,8.870833,2.809285,51.583332,32.972916,0.00045833338,28.329165,296.10663,6.8260508,26.05,34.8,20.6,0.0,0.4,0.3,6.0,33.0,43.0,61.0,26.0,10.0,11.0,0.9
2017-08-16,,7.486981,17.609999,21.103018,3.3687499,3.2238398,28.666666,33.48125,0.0,29.158327,41.386032,7.558877,25.49,35.95,21.8,0.0,0.6,0.3,10.0,55.0,70.0,59.0,30.0,13.0,12.0,2.2
2017-08-17,1.0,10.788505,23.19,32.406067,9.645833,2.9833555,0.0,34.431248,0.0,29.874998,322.6876,7.335387,25.2,37.1,22.3,0.0,0.5,0.3,13.0,50.0,71.0,64.0,23.0,11.0,12.0,2.0
2017-08-18,2.0,9.956154,21.36,30.042282,8.972917,3.143463,17.291666,34.70625,0.0,28.075003,37.752438,6.901521,24.99,35.35,20.45,0.0,0.8,0.4,20.0,64.0,94.0,49.0,26.0,14.0,12.0,4.1
2017-08-19,0.0,12.971581,27.81,36.25996,10.554167,2.6924343,46.083332,34.40625,0.0,28.47083,45.5456,7.5191684,25.08,35.6,20.75,0.0,0.3,0.3,9.0,33.0,47.0,64.0,16.0,8.0,12.0,1.3
2017-08-20,0.0,11.601306,24.615,28.966818,7.8250003,2.9515092,8.791667,34.522915,0.0,29.102083,70.03213,7.345103,24.83,36.2,21.85,0.0,0.3,0.2,7.0,34.0,45.0,69.0,15.0,7.0,12.0,1.1
2017-08-21,0.0,9.131293,20.234999,28.561274,8.441667,3.0395443,2.375,34.70625,0.0,29.700005,174.80563,6.678476,22.39,36.45,23.0,0.0,0.4,0.3,9.0,43.0,56.0,57.0,17.0,8.0,12.0,1.7
2017-08-22,0.0,9.511123,20.955,36.243633,11.210416,2.8991225,30.625,34.912502,0.0,29.668749,259.4852,6.7735457,21.81,35.95,22.6,0.0,0.5,0.3,7.0,44.0,55.0,57.0,28.0,12.0,12.0,1.9
2017-08-23,0.0,9.175553,19.589998,25.658377,6.9187503,3.233509,31.208334,33.818752,0.0,28.202082,245.30707,7.3844323,24.71,35.25,20.65,0.0,0.7,0.4,13.0,72.0,92.0,43.0,30.0,15.0,12.0,5.3
2017-08-24,,10.943512,22.875,26.651487,6.0833335,2.9995558,13.625,32.552082,0.0,28.125002,225.50029,7.2099204,23.84,34.6,20.5,0.0,0.6,0.3,13.0,61.0,81.0,44.0,24.0,11.0,13.0,2.7
2017-08-25,,9.949293,21.675001,22.279852,3.9979165,3.12652,35.041668,32.35,0.0,27.01042,236.62213,5.178503,16.83,31.8,21.05,0.0,0.7,0.3,17.0,67.0,93.0,36.0,26.0,13.0,13.0,2.9
2017-08-26,,8.043435,19.23,27.385294,6.0625,2.6611233,73.625,30.604166,8.333334e-05,24.214582,107.010025,4.133188,13.77,27.65,20.75,8.700001,0.6,0.3,12.0,56.0,74.0,31.0,28.0,12.0,13.0,4.5
2017-08-27,,9.774897,27.96,53.04399,12.989583,1.4281698,88.75,27.789583,0.055708334,19.397919,19.6539,2.1516478,9.8,21.25,17.1,36.199997,0.4,0.2,6.0,31.0,40.0,38.0,20.0,9.0,12.0,1.3
2017-08-28,,12.352985,32.82,82.37586,15.943749,0.40121552,95.375,23.535416,0.24616666,19.085417,75.53878,3.41738,18.66,23.15,16.45,4.1999993,0.4,0.3,14.0,45.0,67.0,23.0,13.0,7.0,12.0,2.4
2017-08-29,,6.044609,16.725,78.407394,15.020833,0.52739125,48.041668,23.012499,0.31829166,19.412498,247.28552,3.575809,18.44,24.3,15.2,0.2,0.4,0.3,10.0,40.0,56.0,36.0,12.0,8.0,12.0,2.0
2017-08-30,,7.299005,16.859999,71.64822,13.752083,0.72465205,30.083334,22.25,0.24816667,20.543749,15.658431,3.9772336,19.72,25.15,16.7,0.1,0.6,0.3,11.0,44.0,62.0,42.0,11.0,7.0,12.0,2.5
2017-08-31,,8.540666,17.58,62.47197,12.802083,0.98036265,21.708334,22.589584,0.19908333,20.408335,33.28578,4.728826,19.3,26.6,15.4,0.0,0.4,0.3,5.0,38.0,47.0,64.0,9.0,6.0,12.0,1.8
2017-09-01,,13.1268425,25.394999,54.013416,10.170834,1.1875912,26.208334,22.597916,0.14866666,18.847918,58.532047,5.064247,24.25,25.7,12.25,0.0,0.4,0.3,6.0,33.0,42.0,56.0,9.0,7.0,12.0,1.7
2017-09-02,,9.121362,19.8,46.19449,6.0958333,1.3080744,25.041666,22.258333,0.09504166,22.577085,250.24867,5.481297,22.14,30.75,14.95,0.1,0.4,0.3,9.0,38.0,52.0,58.0,8.0,5.0,13.0,1.4
2017-09-03,,8.15343,16.38,34.639038,4.5625,2.063666,61.583332,24.589584,0.051875,23.064585,312.77484,5.521297,22.38,29.4,16.25,0.0,0.9,0.4,30.0,66.0,112.0,50.0,16.0,10.0,13.0,3.5
2017-09-04,0.0,7.732696,18.3,39.665054,8.1375,1.8042647,3.625,27.402084,0.03754167,24.114586,61.202145,5.2015557,22.54,31.25,16.9,0.0,0.6,0.3,15.0,46.0,68.0,44.0,11.0,7.0,13.0,2.0
2017-09-05,0.0,7.1841016,16.725,48.88737,11.852084,1.7595973,0.25,29.050001,0.027,25.372917,29.04791,5.6128316,19.93,31.85,19.05,0.0,0.6,0.3,15.0,58.0,81.0,46.0,16.0,10.0,13.0,2.3
2017-09-06,1.0,14.554482,28.349998,46.422375,11.833333,1.9097124,25.958334,29.470833,0.018708332,23.645834,30.714312,6.5211387,23.22,30.45,16.9,0.0,0.8,0.4,19.0,59.0,89.0,54.0,15.0,10.0,13.0,3.8
2017-09-07,2.0,13.782199,27.045,30.826498,3.4145832,2.2063127,9.166667,28.702082,0.016500002,23.262497,310.35193,6.4363284,22.95,31.5,14.65,0.0,0.5,0.3,8.0,45.0,57.0,46.0,9.0,6.0,13.0,2.1
2017-09-08,,10.693759,22.394999,31.389044,3.0895834,2.222328,16.458334,27.8125,0.0145,20.733335,304.3965,5.7460823,16.87,23.85,17.7,0.0,0.8,0.4,19.0,74.0,102.0,43.0,20.0,15.0,13.0,3.0
2017-09-09,,17.687302,34.71,34.7268,3.4979165,1.5848098,50.291668,24.5,0.014666666,17.900003,331.56894,5.1454296,22.48,24.6,11.1,0.0,0.5,0.3,6.0,39.0,47.0,52.0,12.0,8.0,12.0,1.8
2017-09-10,,8.566975,19.74,36.895786,2.0208333,1.4492913,19.041666,24.035416,0.016,22.985418,286.66272,6.4806542,21.74,30.7,16.2,0.0,0.4,0.2,6.0,31.0,41.0,47.0,8.0,5.0,12.0,0.9
2017-09-11,,14.474177,28.214998,35.85558,6.289583,1.9811081,6.375,26.089584,0.0145,21.841667,316.66367,5.229592,21.36,27.15,16.05,0.0,0.8,0.3,31.0,56.0,103.0,29.0,10.0,5.0,11.0,3.2
2017-09-12,,7.6226673,18.69,35.286594,5.077083,1.7677984,37.708332,26.983332,0.01,22.875,287.65018,5.2473736,21.38,30.55,14.75,0.0,,,,,,,,,,
2017-09-13,,7.2963033,16.394999,33.070957,5.0499997,2.0853086,18.916666,27.074999,0.009166666,23.664583,309.13342,5.924186,21.16,30.15,17.0,0.0,,,,,,,,,,
2017-09-14,,11.238582,22.815,31.387476,4.78125,2.076559,41.5,27.704168,0.009416667,17.435415,34.78087,5.152957,17.19,21.8,13.5,0.0,1.0,0.4,47.0,69.0,141.0,34.0,16.0,10.0,12.0,5.4
2017-09-15,,19.548037,36.96,40.19945,3.0104167,1.2235378,48.708332,22.839584,0.008916666,15.731251,9.857812,4.4054136,17.04,21.4,10.1,0.0,0.4,0.2,9.0,30.0,43.0,54.0,8.0,5.0,11.0,1.4
2017-09-16,,11.036556,22.949999,35.24899,-0.9395833,1.2340246,41.25,20.735416,0.0105,16.839582,256.20477,4.6509075,20.04,24.05,8.95,0.0,0.4,0.3,7.0,28.0,38.0,56.0,6.0,4.0,11.0,1.2
2017-09-17,,8.303021,17.355,29.886084,-1.6374999,1.4982053,23.458334,20.956251,0.012208334,17.929167,308.53015,4.3901753,15.47,23.85,12.95,0.0,0.5,0.3,13.0,48.0,68.0,48.0,9.0,4.0,11.0,1.5
2017-09-18,1.0,10.839722,21.93,37.49563,2.8354168,1.344581,26.5,21.25,0.0125,19.016665,34.014565,4.449436,20.76,26.55,11.65,0.0,0.7,0.4,16.0,56.0,81.0,43.0,11.0,6.0,11.0,2.7
2017-09-19,1.0,7.13009,15.674999,39.68912,4.00625,1.4945515,3.1666667,23.0875,0.011999999,19.93542,36.149628,4.79239,20.71,27.65,11.65,0.0,0.8,0.4,24.0,75.0,111.0,34.0,15.0,9.0,12.0,5.5
2017-09-20,0.0,7.3139324,16.5,30.710596,1.2395834,1.7920135,0.0,23.802084,0.0125,21.312498,273.2051,4.72738,19.48,28.9,13.4,0.0,1.1,0.7,57.0,86.0,173.0,47.0,16.0,9.0,12.0,4.9
2017-09-21,0.0,6.975511,15.075,32.7024,3.5416667,1.8882083,75.458336,24.679167,0.015,20.950003,52.56959,4.1087494,16.56,26.45,16.35,2.4,1.4,0.6,48.0,102.0,176.0,40.0,22.0,14.0,,7.7
2017-09-22,3.0,8.293335,18.975,46.974915,8.483334,1.3468848,52.208332,24.862501,0.02525,20.691666,57.961437,4.088306,18.81,27.65,14.45,0.0,0.7,0.3,16.0,68.0,92.0,55.0,17.0,11.0,12.0,3.1
2017-09-23,1.0,7.0993896,15.599999,48.83174,8.347917,1.4416052,23.583334,25.147917,0.010583334,22.345833,246.47197,5.153451,19.66,29.3,14.85,0.0,0.6,0.3,17.0,62.0,88.0,62.0,16.0,10.0,12.0,2.1
2017-09-24,0.0,8.776979,18.375,34.243946,5.2166667,1.924015,41.583332,25.479166,0.010708333,21.668749,292.01132,5.232568,19.72,27.95,15.45,0.0,1.2,0.5,48.0,86.0,160.0,47.0,23.0,15.0,13.0,4.8
2017-09-25,0.0,10.312366,21.029999,32.698563,3.6916666,1.8176919,28.208334,25.454168,0.0115,19.585417,45.91412,4.394647,19.53,25.5,13.4,0.0,0.9,0.4,37.0,76.0,132.0,44.0,16.0,9.0,12.0,4.3
2017-09-26,3.0,8.782828,19.38,44.42235,5.7958336,1.4047426,0.5416667,24.34375,0.010375,20.154167,139.57404,4.0745196,18.04,26.75,13.55,0.0,0.6,0.3,23.0,58.0,94.0,52.0,14.0,9.0,12.0,2.6
2017-09-27,2.0,7.4394894,16.095,49.807144,7.875,1.3595737,55.583332,23.981249,0.01,20.745834,66.1049,4.001517,18.8,27.7,13.3,0.0,1.0,0.5,35.0,85.0,139.0,41.0,17.0,10.0,13.0,5.0
2017-09-28,0.0,5.4768033,12.974999,43.78401,7.179167,1.5316547,7.5,24.377083,0.0095,22.03125,260.53763,3.9375052,16.37,28.15,15.25,0.0,1.4,0.6,78.0,103.0,222.0,36.0,25.0,15.0,14.0,7.0
2017-09-29,2.0,6.842505,15.36,48.166824,9.849999,1.5427462,32.125,25.545832,0.009,22.758333,280.87787,3.9913805,14.17,28.45,17.1,0.0,1.2,0.6,42.0,91.0,156.0,39.0,23.0,14.0,13.0,5.8
2017-09-30,1.0,8.682024,17.94,41.18787,8.1125,1.7139988,92.083336,25.335417,0.0075000003,21.529167,43.3371,4.0155053,12.24,27.1,16.3,0.0,1.0,0.5,31.0,82.0,129.0,31.0,22.0,13.0,13.0,4.4
2017-10-01,1.0,12.530781,25.019999,51.672817,10.445833,1.3535749,88.416664,24.385416,0.0045000003,22.070831,35.920868,3.4928734,13.96,28.75,15.4,0.0,0.4,0.3,5.0,37.0,44.0,48.0,11.0,8.0,13.0,1.3
2017-10-02,1.0,7.781425,16.53,52.79227,11.495833,1.3974646,37.958332,24.639582,0.004,22.735418,69.883194,3.6252666,16.66,29.4,15.55,0.0,0.8,0.4,48.0,60.0,134.0,21.0,13.0,9.0,13.0,4.0
2017-10-03,1.0,5.80518,14.294999,52.225952,11.591667,1.5115662,7.2083335,26.166666,0.0029999998,22.708334,59.904694,4.468451,17.53,28.8,16.5,0.0,0.9,0.4,46.0,65.0,136.0,26.0,14.0,9.0,13.0,4.1
2017-10-04,9.0,9.983987,20.73,48.979153,10.747917,1.5338613,6.2083335,26.227083,0.0013333334,22.897917,176.21397,4.033112,17.54,30.1,15.45,0.0,0.7,0.3,24.0,56.0,93.0,37.0,16.0,10.0,13.0,6.4
2017-10-05,12.0,6.8821034,15.45,45.873936,9.758333,1.6950303,0.0,26.254168,0.001,22.28125,33.190544,5.610099,17.95,30.1,14.8,0.0,1.0,0.4,42.0,91.0,155.0,31.0,16.0,9.0,13.0,4.9
2017-10-06,6.0,14.120178,26.97,37.152233,3.8458335,1.8748951,0.0,25.489584,0.0,18.858334,51.033237,4.467163,18.19,25.5,11.95,0.0,0.6,0.3,11.0,60.0,77.0,51.0,10.0,6.0,13.0,2.6
2017-10-07,2.0,9.37515,19.784998,25.76668,-5.0416665,1.7742089,0.0,22.50625,0.0,19.154165,167.57399,3.7794034,17.23,26.9,12.0,0.0,1.0,0.4,50.0,68.0,145.0,54.0,13.0,7.0,13.0,3.7
2017-10-08,8.0,6.596384,14.655,47.331112,5.8562503,1.3588634,1.5416666,22.6,0.0,19.495832,18.083572,4.3027167,17.56,27.45,11.75,0.0,0.9,0.4,30.0,74.0,121.0,39.0,17.0,10.0,13.0,3.7
2017-10-09,0.0,7.1140847,15.54,22.008196,-4.133333,1.9137348,0.0,22.13125,0.0,19.039581,12.765587,4.3352833,17.23,27.65,10.85,0.0,0.7,0.4,44.0,82.0,150.0,34.0,12.0,5.0,14.0,4.0
2017-10-10,1.0,7.6657124,15.869999,26.170603,-1.6916666,1.8170714,0.0,21.704168,0.0,20.216665,254.52867,4.0874968,16.86,27.65,11.2,0.0,1.1,0.5,53.0,87.0,168.0,35.0,14.0,7.0,8.0,5.6
2017-10-11,3.0,6.247806,13.1849985,25.465761,-0.95625,1.8624743,0.0,21.362501,0.0,19.981249,75.96381,3.8229926,15.16,28.15,12.1,0.0,1.5,0.7,65.0,115.0,214.0,29.0,24.0,15.0,3.0,7.2
2017-10-12,2.0,6.512657,13.7699995,30.429176,1.525,1.7967906,11.625,21.99375,0.0,20.841667,256.48056,3.976921,16.16,28.5,13.55,0.0,1.8,0.8,66.0,102.0,203.0,44.0,28.0,18.0,3.0,8.6
2017-10-13,1.0,6.6869426,14.625,34.96078,4.2145834,1.74434,0.9166667,23.050001,0.0,20.939583,223.36345,3.897791,15.97,28.25,13.35,0.0,0.9,0.5,38.0,81.0,139.0,35.0,24.0,13.0,2.0,4.1
2017-10-14,1.0,6.537371,13.875,37.66577,5.170833,1.7156111,20.25,22.870834,0.0,21.608332,114.08203,3.9852016,15.03,28.8,14.45,0.0,1.4,0.6,79.0,92.0,212.0,33.0,24.0,12.0,3.0,6.1
2017-10-15,0.0,8.505929,17.175,40.927742,6.74375,1.6677799,10.708333,23.795832,0.0,20.091665,113.614296,3.5854268,15.37,26.2,14.5,0.0,0.8,0.4,21.0,63.0,95.0,44.0,23.0,13.0,2.0,3.5
2017-10-16,6.0,7.873115,17.054998,49.985973,8.025001,1.2941428,7.0,23.183334,0.0,16.585417,164.07552,1.9124819,6.71,21.05,13.6,6.2999997,0.7,0.4,28.0,64.0,106.0,43.0,21.0,11.0,2.0,3.0
2017-10-17,9.0,9.750417,21.39,71.30993,10.714583,0.56172746,87.291664,19.227083,0.021541668,13.345834,225.71756,0.9386342,4.64,14.85,10.9,20.2,0.6,0.3,20.0,58.0,90.0,36.0,17.0,11.0,,2.5
2017-10-18,1.0,11.199302,24.464998,85.45577,10.547916,0.21586616,82.083336,16.797916,0.25,11.781249,297.08215,2.1464205,11.77,17.6,6.6,0.0,0.5,0.3,23.0,56.0,90.0,28.0,9.0,6.0,2.0,1.8
2017-10-19,0.0,7.870374,16.214998,70.8684,6.164583,0.47785148,48.5,14.416667,0.27266666,14.464583,228.47707,2.1071258,11.94,19.6,10.1,0.0,,0.5,60.0,72.0,165.0,19.0,13.0,9.0,2.0,
2017-10-20,0.0,9.51084,18.33,77.346855,10.556251,0.41694644,29.416666,15.420834,0.23391666,16.824999,267.99283,2.1389198,10.43,21.0,13.25,0.2,0.9,0.4,42.0,66.0,131.0,27.0,14.0,10.0,2.0,3.7
2017-10-21,0.0,8.173324,16.35,75.099,12.033333,0.50429934,80.416664,17.520834,0.20762499,13.318749,39.49628,2.4417973,14.35,18.15,8.95,0.0,0.7,0.3,20.0,47.0,78.0,28.0,13.0,10.0,2.0,2.7
2017-10-22,0.0,8.976618,16.949999,65.103905,6.375,0.57110316,56.958332,15.120833,0.18554167,13.039584,29.054508,2.4880352,14.61,20.45,7.25,0.0,0.7,0.3,19.0,50.0,78.0,44.0,10.0,6.0,2.0,2.2
2017-10-23,1.0,6.6233916,13.665,58.820663,4.24375,0.7298041,3.5,14.370833,0.16483332,15.302085,32.56039,2.7332902,14.42,22.5,9.1,0.0,2.2,0.8,109.0,84.0,251.0,33.0,15.0,9.0,4.0,10.9
2017-10-24,0.0,6.235531,12.48,48.70593,3.96875,1.009875,8.833333,14.95625,0.14395833,15.635415,28.460077,2.4819703,14.22,23.85,8.0,0.0,2.3,0.8,111.0,94.0,265.0,25.0,20.0,11.0,4.0,11.5
2017-10-25,2.0,4.896585,9.615,57.0882,6.375,0.92448187,27.583334,15.339583,0.125,16.179167,29.744808,2.597739,14.16,24.65,9.25,0.0,3.1,1.0,136.0,104.0,313.0,22.0,20.0,12.0,5.0,16.0
2017-10-26,0.0,5.3383527,10.29,56.981976,6.775,0.9463541,0.0,16.014584,0.107708335,17.370832,27.537209,3.7582035,13.93,27.4,10.35,0.0,3.6,1.2,159.0,119.0,363.0,21.0,26.0,16.0,5.0,19.3
2017-10-27,1.0,11.051911,20.205,47.853603,5.0979166,1.2435948,0.0,16.6,0.088125,15.637501,53.351757,3.0620365,13.69,22.45,10.15,0.0,1.2,0.5,33.0,69.0,120.0,28.0,24.0,11.0,3.0,6.7
2017-10-28,1.0,10.371548,19.92,53.736385,5.164583,0.91972107,0.5,16.739584,0.058708336,14.506251,37.62791,3.3363783,13.89,23.2,7.2,0.0,,0.3,14.0,55.0,76.0,38.0,11.0,7.0,3.0,
2017-10-29,0.0,9.594719,18.435,40.707947,-0.072916664,1.1187506,0.0,15.970833,0.045416668,14.266667,45.571312,2.8374815,13.14,20.5,9.05,0.0,,0.3,10.0,50.0,66.0,46.0,9.0,7.0,3.0,
2017-10-30,1.0,12.088265,23.4,57.793438,5.504167,0.7683303,6.375,15.95625,0.040083334,12.514584,38.08675,1.9406301,8.95,18.45,7.05,0.0,,0.4,25.0,51.0,90.0,34.0,10.0,6.0,3.0,
2017-10-31,1.0,8.848474,17.609999,64.36326,5.660417,0.5463969,30.166666,14.631249,0.040166665,13.577083,50.346077,1.9115978,11.41,19.9,9.05,0.0,1.1,0.5,34.0,67.0,119.0,34.0,18.0,12.0,4.0,4.5
2017-11-01,2.0,6.789327,13.875,71.810555,8.366667,0.5158058,62.25,15.16875,0.046625,14.227081,117.73411,1.6082766,7.51,19.3,10.2,0.0,0.9,0.4,15.0,63.0,86.0,27.0,14.0,9.0,6.0,2.9
2017-11-02,2.0,6.4607205,12.57,73.29859,8.910417,0.49481824,91.75,15.108334,0.052791666,13.891666,199.96838,1.5657499,9.02,17.85,11.25,1.3000001,1.0,0.4,37.0,70.0,127.0,25.0,17.0,10.0,4.0,4.1
2017-11-03,3.0,7.6965833,19.11,77.72097,9.95625,0.3731103,71.708336,15.629167,0.061208334,12.208335,215.55681,1.1817886,7.75,14.75,10.6,11.099999,1.0,0.4,36.0,69.0,124.0,23.0,18.0,13.0,4.0,3.7
2017-11-04,1.0,7.109937,16.574999,86.57428,9.845834,0.19897558,73.541664,14.289584,0.20487499,11.122917,0.67402154,1.9117483,10.75,15.5,7.35,0.3,0.6,0.3,18.0,52.0,79.0,29.0,10.0,8.0,3.0,2.0
2017-11-05,4.0,8.676022,16.08,69.66638,4.9729166,0.43481088,37.958332,12.783333,0.27479166,8.6125,17.207914,1.9695485,11.51,13.7,4.3,0.0,0.7,0.4,17.0,48.0,74.0,40.0,7.0,6.0,6.0,2.3
2017-11-06,1.0,9.879984,19.515,65.32619,1.9895834,0.432538,16.375,10.285417,0.23974998,8.177083,155.89761,1.8470826,12.49,15.85,2.1,0.0,0.7,0.4,14.0,55.0,76.0,35.0,8.0,5.0,6.0,2.9
2017-11-07,1.0,6.353567,12.764999,69.58481,2.4624999,0.39356717,0.083333336,9.541667,0.21504168,8.920834,5.130119,1.9990684,10.71,13.25,5.65,0.0,1.2,0.5,65.0,77.0,177.0,23.0,13.0,8.0,6.0,5.3
2017-11-08,2.0,12.482373,22.979998,60.462723,1.2291666,0.48743752,33.375,9.422916,0.19420834,6.9520836,14.078362,2.018849,9.81,12.65,2.35,0.0,1.4,0.5,37.0,69.0,126.0,29.0,11.0,7.0,8.0,7.5
2017-11-09,0.0,14.485982,27.539999,61.012756,-0.51666665,0.42672643,25.041666,7.772917,0.17458333,8.714582,8.057237,1.6013616,8.47,15.0,4.05,0.0,0.5,0.3,5.0,40.0,48.0,51.0,4.0,3.0,8.0,1.7
2017-11-10,2.0,9.885331,19.994999,68.730804,3.3,0.38568947,46.708332,8.702084,0.15895833,9.781251,345.66718,1.6635804,11.45,16.65,4.2,0.0,1.1,0.5,58.0,76.0,164.0,26.0,12.0,8.0,8.0,4.6
2017-11-11,1.0,5.6813607,11.235,71.53358,4.38125,0.4085828,19.416666,9.931251,0.146,9.202083,9.198739,1.7348546,11.7,17.65,2.5,0.0,1.4,0.6,73.0,85.0,198.0,15.0,16.0,11.0,7.0,6.0
2017-11-12,10.0,6.6223526,12.405,69.05651,3.3708334,0.45008358,0.5833333,9.743751,0.13204166,8.477084,8.849949,2.092527,11.36,12.7,5.45,0.0,1.1,0.5,43.0,75.0,141.0,15.0,15.0,10.0,8.0,4.3
2017-11-13,1.0,15.952068,27.854998,63.104664,1.00625,0.43172625,12.375,9.14375,0.118875,7.4750004,0.3978497,1.7237613,11.4,14.65,1.9,0.0,1.2,0.4,39.0,66.0,126.0,32.0,10.0,7.0,8.0,4.1
2017-11-14,0.0,5.8797364,13.349999,55.389774,-1.3729167,0.52324283,7.125,8.589583,0.104875,7.152083,22.919619,1.7627577,11.11,14.7,1.1,0.0,1.4,0.6,78.0,85.0,204.0,21.0,15.0,10.0,8.0,6.0
2017-11-15,1.0,5.990616,11.745,55.03651,-1.7791667,0.5072061,35.375,7.9500003,0.09041667,7.977083,357.98657,1.6633329,11.21,17.6,1.15,0.0,1.8,0.7,109.0,99.0,265.0,12.0,21.0,13.0,9.0,7.8
2017-11-16,0.0,5.770289,10.845,62.276142,0.65208334,0.50479114,2.0833333,8.05625,0.08229167,9.283333,14.608577,1.7858368,10.89,17.8,3.05,0.0,2.5,1.0,159.0,117.0,361.0,5.0,30.0,20.0,12.0,12.1
2017-11-17,1.0,6.5242176,12.285,59.227997,1.1645833,0.5599823,38.25,9.2625,0.068833336,10.856251,32.62275,2.1536922,10.9,18.85,5.15,0.0,2.9,1.0,183.0,121.0,402.0,6.0,27.0,18.0,12.0,12.8
2017-11-18,0.0,8.891694,16.53,51.685333,0.75,0.70934814,13.458333,10.102083,0.059,9.068749,29.054495,1.8322895,10.96,16.75,2.6,0.0,2.0,0.8,114.0,89.0,264.0,15.0,17.0,11.0,12.0,8.7
2017-11-19,0.0,6.5181212,12.57,56.344376,0.15625001,0.5753027,0.0,9.535417,0.04920833,8.379168,359.34155,1.707166,10.79,16.7,1.3,0.0,1.6,0.6,80.0,85.0,207.0,17.0,19.0,13.0,10.0,5.3
2017-11-20,2.0,5.6514416,10.68,57.352524,-0.14791664,0.55128044,9.291667,8.595834,0.054250002,8.172917,4.553692,1.5815605,10.79,16.15,0.7,0.0,1.9,0.7,117.0,101.0,280.0,11.0,23.0,16.0,9.0,8.1
2017-11-21,1.0,4.9284897,9.42,61.139133,0.22708333,0.5163873,3.5833333,7.8958335,0.052625,7.766667,326.3098,1.6958513,10.55,16.8,0.65,0.0,2.3,0.9,143.0,113.0,333.0,9.0,28.0,20.0,11.0,11.3
2017-11-22,1.0,6.1910605,11.775001,59.65404,-0.32916668,0.5427403,22.0,7.8562503,0.046208333,10.885417,195.71332,1.6247542,7.47,16.75,6.3,1.7,1.8,0.7,111.0,102.0,272.0,9.0,26.0,18.0,10.0,8.9
2017-11-23,0.0,6.5232983,12.915,53.060852,1.4145833,0.6596065,93.875,10.1875,0.050916668,11.660417,226.85956,1.3831724,6.13,16.2,8.75,0.0,2.3,0.8,156.0,117.0,357.0,7.0,30.0,19.0,11.0,12.9
2017-11-24,0.0,7.923181,16.005,63.832794,4.6145835,0.5098737,69.208336,11.504167,0.045083333,10.814584,356.77142,1.4192655,6.43,16.35,7.5,0.0,1.7,0.8,84.0,93.0,223.0,9.0,21.0,13.0,8.0,9.0
2017-11-25,1.0,11.294717,20.789999,72.29651,5.702083,0.39037982,85.375,11.183333,0.041833337,6.939583,43.837112,1.8402586,10.35,11.95,2.45,0.0,1.3,0.5,64.0,76.0,175.0,13.0,19.0,13.0,8.0,5.8
2017-11-26,1.0,11.364849,21.585,57.430256,-1.6687499,0.44542634,0.5833333,8.96875,0.044583336,4.5895834,28.855585,1.2794607,9.77,11.35,-0.4,0.0,0.7,0.3,14.0,46.0,67.0,34.0,5.0,4.0,9.0,1.5
2017-11-27,0.0,5.701748,11.97,64.324486,-2.21875,0.355641,38.958332,6.258333,0.043625,4.68125,235.561,0.58697337,3.27,8.7,-1.1,1.9000002,1.5,0.6,97.0,83.0,232.0,17.0,15.0,10.0,9.0,5.7
2017-11-28,1.0,4.164777,8.835,73.477905,0.33333334,0.23543139,80.833336,5.3624997,0.054291666,6.6479163,20.506172,1.4760773,9.31,11.35,3.2,2.8,1.9,0.7,122.0,93.0,280.0,4.0,25.0,18.0,9.0,8.4
2017-11-29,1.0,12.979281,23.714998,72.07427,1.2395834,0.2941654,28.375,7.8104167,0.13679166,3.6708333,21.388153,1.616726,9.97,9.4,0.15,0.0,1.1,0.5,33.0,66.0,117.0,20.0,14.0,10.0,9.0,4.6
2017-11-30,0.0,12.551728,23.37,60.655075,-3.8666668,0.34414744,0.8333333,5.047917,0.12558334,3.6750002,304.4684,1.4049052,6.16,8.6,-0.35,0.2,0.9,0.4,27.0,60.0,101.0,30.0,7.0,5.0,9.0,3.2
2017-12-01,3.0,14.41655,27.659998,60.685886,-3.6187499,0.32720605,26.541666,3.9375,0.11891667,2.2625,307.3807,1.122652,7.21,7.25,-1.7,0.0,0.8,0.4,25.0,64.0,103.0,30.0,6.0,4.0,9.0,3.6
2017-12-02,2.0,10.298899,18.869999,65.42726,-3.7541666,0.26954007,21.041666,2.7354167,0.12175,2.2979164,3.4335818,1.3878025,9.8,8.9,-2.05,0.0,0.7,0.4,18.0,63.0,90.0,29.0,6.0,4.0,8.0,2.0
2017-12-03,0.0,9.81247,18.435,63.776775,-4.65625,0.30861124,7.8333335,2.675,0.11595833,2.76875,31.285124,1.1610762,9.43,9.8,-1.8,0.0,0.8,0.4,23.0,60.0,95.0,32.0,6.0,4.0,11.0,1.5
2017-12-04,0.0,8.239114,14.8949995,73.35351,-1.6708332,0.23722447,1.625,2.3270833,0.106708325,2.5270834,23.3803,1.0622782,9.63,9.4,-2.0,0.0,1.3,0.6,62.0,82.0,177.0,15.0,12.0,9.0,12.0,4.8
2017-12-05,0.0,5.7085605,11.25,76.96807,-1.5208334,0.20164818,0.0,2.8062499,0.098749995,1.6520833,22.599241,1.046541,9.63,8.2,-3.4,0.0,1.6,0.7,104.0,89.0,249.0,18.0,14.0,11.0,13.0,6.3
2017-12-06,0.0,4.950456,9.09,68.743324,-4.0104165,0.2564635,21.416666,1.6875,0.09645834,1.922917,20.725557,0.99323875,8.76,8.2,-2.25,0.0,1.3,0.6,64.0,84.0,182.0,16.0,17.0,14.0,13.0,4.4
2017-12-07,1.0,4.7594104,9.465,71.62968,-2.5249999,0.22966969,66.625,2.0687501,0.09641666,6.3874993,233.4549,0.87773365,5.84,11.6,3.05,0.0,1.1,0.6,86.0,91.0,223.0,11.0,26.0,22.0,13.0,3.6
2017-12-08,1.0,5.046704,10.7699995,72.55706,2.0645833,0.2842166,82.208336,5.9229164,0.092541665,8.916666,260.63504,0.7890086,4.1,14.25,4.7,0.1,1.9,0.6,89.0,91.0,227.0,8.0,37.0,31.0,12.0,5.0
2017-12-09,3.0,9.686958,17.445,82.921425,6.15,0.2141871,80.875,8.447917,0.0815,9.691667,234.041,0.75783426,2.15,11.55,8.15,0.4,1.5,0.6,53.0,69.0,149.0,12.0,26.0,21.0,10.0,3.7
2017-12-10,1.0,27.521135,47.985,87.55774,7.7791667,0.15905891,97.75,9.483334,0.081125,7.722917,237.48775,1.1377171,6.99,10.7,4.4,18.100002,0.5,0.3,14.0,37.0,58.0,39.0,8.0,5.0,6.0,0.9
2017-12-11,1.0,23.174585,45.99,80.72642,4.039583,0.19710463,74.666664,8.820833,0.25541666,3.6812506,309.6742,1.072764,8.28,8.9,-0.7,0.0,0.7,0.4,29.0,50.0,94.0,39.0,6.0,4.0,6.0,1.7
2017-12-12,1.0,6.4320655,12.66,68.5471,-2.0270834,0.27230874,10.958333,5.15,0.25512502,3.783333,220.11908,1.0452622,7.86,9.15,-0.75,0.0,1.3,0.5,69.0,70.0,175.0,23.0,11.0,6.0,8.0,4.4
2017-12-13,0.0,10.478795,18.555,75.77819,-0.05833335,0.21902962,63.291668,3.83125,0.23416667,7.354166,233.75656,0.43060663,2.95,11.15,4.2,0.1,1.5,0.6,93.0,80.0,222.0,11.0,16.0,11.0,7.0,5.9
2017-12-14,1.0,18.300316,31.664999,94.26301,6.9375,0.06337323,98.041664,6.835417,0.22250001,7.9270835,270.07013,0.8051896,3.65,11.0,1.9,1.0,1.0,0.5,40.0,54.0,115.0,19.0,10.0,7.0,1.0,2.8
2017-12-15,3.0,13.713512,25.56,81.8379,4.1604166,0.19728571,57.083332,7.7979164,0.21933334,3.25,358.68616,1.2031142,8.92,9.4,-1.1,0.0,0.8,0.4,31.0,65.0,112.0,26.0,7.0,5.0,4.0,2.6
2017-12-16,1.0,8.720276,15.839999,71.5175,-1.7875,0.26130542,5.5,4.4791665,0.20358334,3.8895836,9.4739275,1.3837929,8.74,9.25,-0.65,0.0,1.0,0.5,40.0,70.0,130.0,24.0,9.0,7.0,6.0,2.6
2017-12-17,0.0,11.865834,22.034998,66.142654,-2.2749999,0.30042037,23.125,3.8541667,0.19066666,3.7749999,317.76395,1.0051421,8.49,9.9,-1.5,0.0,0.7,0.4,13.0,53.0,72.0,32.0,5.0,3.0,7.0,1.3
2017-12-18,0.0,5.855381,11.415,74.97431,-0.07499998,0.23953001,42.75,3.9437501,0.18041666,7.4291673,28.912262,1.5139763,9.15,11.55,3.1,0.0,1.8,0.7,114.0,90.0,266.0,13.0,15.0,11.0,5.0,6.0
2017-12-19,2.0,10.2134695,19.08,61.30464,-0.35000002,0.41293764,18.625,6.160417,0.169375,4.3458333,4.243164,1.1397935,8.51,12.7,-1.1,0.0,1.5,0.6,83.0,91.0,218.0,21.0,15.0,11.0,7.0,6.2
2017-12-20,2.0,6.3660665,11.595,69.282135,-0.91041666,0.303226,24.5,4.204167,0.16000001,6.1562514,26.565,1.119771,8.76,12.75,1.9,0.0,2.7,1.1,197.0,125.0,427.0,6.0,32.0,24.0,10.0,11.6
2017-12-21,8.0,6.4113827,12.75,77.73043,2.2166667,0.24129756,3.7916667,5.4854164,0.15133333,5.4270835,34.380375,1.1180781,8.59,13.45,-0.35,0.0,1.8,0.8,129.0,100.0,298.0,11.0,19.0,14.0,7.0,7.1
2017-12-22,44.0,6.276697,11.16,79.33975,1.8833333,0.23335238,16.875,4.9395833,0.14383332,6.7958336,49.20907,1.2269217,8.61,12.6,2.8,0.0,2.7,1.0,223.0,123.0,464.0,5.0,36.0,28.0,9.0,13.3
2017-12-23,2.0,10.154267,18.63,74.46307,2.4270833,0.28353345,26.5,5.7000003,0.13599999,5.1583333,33.690075,0.72349733,6.05,10.25,1.85,0.0,1.2,0.5,58.0,71.0,161.0,18.0,14.0,11.0,7.0,3.6
2017-12-24,1.0,6.070122,11.054999,88.00534,3.01875,0.1257628,29.916666,5.1333337,0.12866667,3.09375,158.1981,0.53802145,4.87,7.25,-1.45,0.0,1.0,0.5,48.0,64.0,138.0,18.0,16.0,13.0,6.0,2.3
2017-12-25,1.0,7.645241,13.95,91.57181,2.2125,0.075258724,62.291668,3.6166668,0.126625,6.1125007,242.01408,0.83315134,5.46,7.3,2.65,1.0,0.9,0.4,35.0,50.0,104.0,10.0,16.0,14.0,3.0,1.7
2017-12-26,7.0,16.638292,29.625,84.004036,3.4979165,0.15609826,80.291664,6.0875,0.14187501,7.464583,262.7088,1.5244119,6.88,10.35,4.85,2.6999998,0.9,0.4,35.0,56.0,110.0,21.0,9.0,7.0,3.0,1.8
2017-12-27,4.0,21.80217,40.77,71.13506,2.0166667,0.31219,57.791668,7.1729164,0.1605,8.270833,247.32138,0.7199469,3.74,12.4,5.3,1.6000001,0.8,0.4,22.0,52.0,85.0,39.0,6.0,4.0,3.0,1.7
2017-12-28,1.0,18.917463,33.45,86.06124,6.3624997,0.16607642,69.041664,8.08125,0.17983334,10.127082,259.43417,1.172507,5.51,16.4,6.7,0.0,0.9,0.4,37.0,61.0,117.0,26.0,7.0,5.0,3.0,2.6
2017-12-29,43.0,14.803734,27.284998,82.27519,6.9854164,0.24659674,64.958336,9.3,0.17270833,10.458334,234.10559,1.0628604,7.68,14.3,7.05,0.0,0.9,0.5,41.0,62.0,124.0,23.0,9.0,7.0,3.0,2.4
2017-12-30,44.0,10.743992,20.054998,89.248535,8.458333,0.15388392,48.875,10.489583,0.16900001,7.9833336,238.43825,0.8181361,3.7,11.6,5.85,1.6,0.7,0.4,36.0,53.0,109.0,21.0,9.0,7.0,2.0,1.5
2017-12-31,10.0,14.58731,27.585,85.82456,5.4791665,0.16325016,78.333336,8.460417,0.16783333,6.0333333,247.9876,1.21559,8.11,9.7,2.1,0.0,0.7,0.3,24.0,46.0,84.0,28.0,11.0,8.0,2.0,1.5
2018-01-01,3.0,16.690027,29.985,78.73665,2.6458333,0.2161598,49.541668,7.014583,0.17458333,8.429166,245.21297,1.043254,6.88,12.9,5.6,0.0,0.5,0.3,13.0,47.0,66.0,38.0,9.0,5.0,3.0,0.7
2018-01-02,6.0,14.887474,26.609999,84.23779,5.8770833,0.1928608,74.291664,8.64375,0.16841666,10.20625,243.48784,0.9748639,7.12,14.8,7.95,0.0,0.8,0.4,27.0,54.0,96.0,33.0,10.0,6.0,3.0,1.7
2018-01-03,11.0,14.689193,25.979998,90.87445,8.764584,0.1318904,66.791664,10.141666,0.1615,9.966666,241.54347,0.82138264,5.94,13.1,8.25,0.0,0.9,0.4,41.0,52.0,115.0,17.0,9.0,7.0,3.0,2.4
2018-01-04,54.0,13.798004,24.885,89.99746,8.241667,0.13180329,64.291664,10.229167,0.15725,9.0375,218.01015,0.7112439,2.42,10.7,7.65,5.4,0.8,0.4,32.0,50.0,99.0,17.0,10.0,7.0,3.0,2.0
2018-01-05,7.0,17.021963,30.854998,84.5781,6.445833,0.18151654,94.416664,9.666667,0.17120832,3.8000002,343.58707,0.21011603,1.18,7.9,1.55,25.4,0.6,0.3,26.0,50.0,90.0,30.0,6.0,4.0,3.0,1.7
2018-01-06,0.0,10.703624,21.164999,93.85162,2.3791666,0.051014837,99.958336,6.789583,0.349375,2.3000002,23.16418,0.4768369,3.91,4.7,0.4,6.0,0.6,0.3,9.0,45.0,59.0,44.0,4.0,3.0,4.0,0.8
2018-01-07,0.0,10.396142,20.205,88.35316,0.43958333,0.08605758,85.416664,4.804167,0.34379163,1.9958334,23.407103,0.9155672,8.09,7.35,-1.45,0.0,0.6,0.3,12.0,47.0,66.0,35.0,5.0,5.0,3.0,0.8
2018-01-08,3.0,7.676802,15.179999,78.795395,-1.3958334,0.16996826,23.416666,3.9291668,0.31195834,1.7750001,216.95973,0.5168536,3.68,5.15,-1.95,1.3000001,1.0,0.5,43.0,69.0,135.0,23.0,12.0,8.0,7.0,2.7
2018-01-09,1.0,7.5973167,14.174999,85.517914,-0.22291668,0.10873389,74.208336,2.2541666,0.29075,4.6750007,248.54102,0.5033112,3.62,7.3,1.25,0.8000001,1.2,0.5,61.0,72.0,165.0,9.0,18.0,14.0,4.0,3.7
2018-01-10,1.0,13.729785,25.125,89.22352,3.0,0.094608754,69.458336,4.53125,0.298,4.3833337,269.11057,1.3799229,8.98,8.55,1.3,0.0,1.1,0.5,38.0,66.0,124.0,14.0,11.0,8.0,3.0,2.8
2018-01-11,6.0,17.02534,31.08,73.56034,-0.27083334,0.24852233,32.083332,4.9,0.29004166,4.2395835,257.1292,1.206931,9.47,9.25,0.0,0.0,0.9,0.4,30.0,64.0,110.0,31.0,9.0,5.0,4.0,2.7
2018-01-12,0.0,6.7167015,13.799999,76.01891,0.17916667,0.21605074,45.875,4.6604166,0.2695833,2.8374999,253.0163,0.41729823,3.03,5.35,0.5,5.5,1.3,0.5,84.0,87.0,216.0,15.0,16.0,10.0,5.0,3.8
2018-01-13,0.0,6.1865196,13.739999,89.08121,1.1437501,0.083980925,93.958336,3.6937501,0.28191665,3.727084,266.2848,0.71868414,5.9,6.95,1.05,0.2,1.2,0.5,48.0,75.0,149.0,8.0,17.0,14.0,4.0,3.3
2018-01-14,0.0,8.782188,17.265,85.739075,1.18125,0.12292844,68.666664,4.672917,0.29533333,2.4458334,269.74536,1.112638,9.83,8.8,-2.6,0.0,0.7,0.4,14.0,50.0,72.0,30.0,9.0,7.0,5.0,1.0
2018-01-15,0.0,6.9174237,13.665,80.14207,-0.59375,0.17495441,26.875,3.5104167,0.27816668,6.754167,236.40494,1.2640684,8.41,13.1,2.9,0.0,1.3,0.6,79.0,75.0,196.0,17.0,16.0,11.0,6.0,3.4
2018-01-16,1.0,10.158444,19.35,75.94005,2.9604166,0.25876814,45.208332,6.2395835,0.26254168,6.875,48.503567,1.2343861,9.14,12.4,2.5,0.0,1.5,0.6,77.0,76.0,193.0,14.0,18.0,12.0,5.0,4.1
2018-01-17,9.0,9.065819,16.949999,81.136856,3.3479166,0.21790217,22.25,6.8645835,0.25070834,5.5520835,31.13023,1.3330252,10.47,12.35,1.05,0.0,1.3,0.6,68.0,74.0,178.0,18.0,15.0,11.0,8.0,4.7
2018-01-18,249.0,6.671964,13.035,72.62287,0.7083333,0.29629454,1.75,5.8541665,0.23754166,6.566667,6.6225696,1.4088496,10.54,13.75,1.8,0.0,1.4,0.6,74.0,85.0,199.0,18.0,17.0,10.0,8.0,5.2
2018-01-19,92.0,6.077872,12.704999,72.77311,1.99375,0.31422827,22.916666,6.2000003,0.22604167,7.8500004,261.01666,1.4760498,8.38,13.75,2.15,0.0,,0.8,112.0,101.0,273.0,7.0,22.0,15.0,10.0,
2018-01-20,155.0,10.018083,17.535,70.495766,2.5104167,0.3581473,71.25,6.2125,0.21058333,9.579167,299.7046,1.5793546,10.4,15.75,4.1,0.0,,0.7,100.0,90.0,243.0,11.0,22.0,16.0,7.0,
2018-01-21,108.0,8.851981,16.71,77.28277,5.3895836,0.3114517,6.125,8.46875,0.19633333,7.6187496,65.243706,1.3770776,10.82,13.7,2.0,0.0,,0.5,34.0,61.0,113.0,20.0,12.0,9.0,6.0,
2018-01-22,263.0,5.6613183,10.53,81.64433,4.4666667,0.22624451,4.8333335,7.8312497,0.18595833,7.5916667,17.455755,1.4128467,10.38,15.4,1.95,0.0,,0.6,70.0,66.0,174.0,13.0,15.0,10.0,8.0,
2018-01-23,42.0,6.1704326,11.834999,74.3157,3.0354166,0.33498344,53.958332,7.25,0.17812501,6.779167,19.344534,1.3984609,10.81,13.75,0.95,0.0,1.6,0.7,100.0,80.0,233.0,12.0,18.0,12.0,12.0,6.7
2018-01-24,28.0,5.5455375,10.829999,82.741425,3.8645833,0.20560373,65.291664,7.1395836,0.17029166,5.8604164,236.68289,0.4898391,3.36,9.05,3.7,3.6,1.5,0.6,90.0,77.0,215.0,9.0,23.0,16.0,8.0,5.8
2018-01-25,46.0,11.083985,21.164999,92.14408,4.460417,0.07595324,91.625,6.352083,0.17970835,5.052083,305.06335,1.5637267,10.29,9.2,2.1,2.2,1.5,0.6,89.0,73.0,210.0,9.0,25.0,19.0,5.0,5.3
2018-01-26,167.0,15.774319,30.464998,69.56881,-0.4666667,0.28456563,49.166668,6.15,0.21658333,5.2541666,13.790293,1.6653953,7.27,10.1,1.25,0.0,0.8,0.4,22.0,50.0,83.0,38.0,6.0,4.0,6.0,2.1
2018-01-27,24.0,15.538302,28.44,60.183304,-2.1645834,0.38771978,46.333332,5.441667,0.20220834,6.7791667,44.336468,2.091416,10.22,13.05,2.6,0.0,0.6,0.3,8.0,41.0,53.0,46.0,5.0,3.0,9.0,1.4
2018-01-28,26.0,19.621584,35.325,63.24461,0.25416663,0.3950859,12.583333,6.035417,0.18550001,6.839584,35.785385,1.6048706,11.76,13.15,2.1,0.0,0.6,0.3,8.0,38.0,49.0,47.0,6.0,4.0,8.0,0.9
2018-01-29,142.0,8.700712,16.365,75.2422,2.33125,0.2854993,1.2916666,7.1416664,0.17283332,5.75,31.675428,1.5285314,11.93,12.65,0.65,0.0,1.0,0.5,55.0,74.0,158.0,22.0,15.0,9.0,5.0,3.1
2018-01-30,13.0,6.807184,13.139999,77.626625,1.8041667,0.25332272,4.7083335,6.4874997,0.16129167,5.397917,37.16081,1.5766026,12.24,12.6,-0.35,0.0,1.3,0.6,62.0,83.0,178.0,16.0,18.0,11.0,6.0,4.3
2018-01-31,18.0,5.9100895,11.595,72.87008,0.41666666,0.30335438,7.5,6.2166667,0.15162499,4.597916,349.5246,1.2174281,7.17,10.7,0.45,0.0,1.5,0.6,85.0,93.0,223.0,13.0,19.0,12.0,5.0,5.5
2018-02-01,189.0,8.697553,17.34,69.34199,-0.84999996,0.28626707,70.041664,5.4249997,0.14433333,2.8625002,350.8498,1.6712625,11.89,7.7,-1.1,0.0,1.4,0.6,85.0,81.0,211.0,16.0,21.0,14.0,4.0,5.5
2018-02-02,33.0,11.051791,22.109999,59.562008,-4.9270835,0.32930666,19.208334,4.1437497,0.14091666,3.935417,279.6569,1.8502519,11.31,10.4,-1.35,0.0,0.8,0.4,20.0,55.0,85.0,39.0,7.0,4.0,6.0,1.8
2018-02-03,9.0,14.075475,25.65,61.962948,-2.75,0.3528609,50.291668,4.6270833,0.13287501,3.1854162,350.96057,0.49753213,3.22,4.45,1.8,10.800002,0.8,0.4,23.0,59.0,94.0,32.0,9.0,5.0,2.0,1.5
2018-02-04,4.0,13.851045,26.609999,87.389015,1.1208333,0.09641513,94.791664,4.4249997,0.20470834,2.172917,22.884594,0.58038205,5.39,4.35,1.2,6.1,0.7,0.4,10.0,49.0,64.0,36.0,5.0,4.0,2.0,0.8
2018-02-05,5.0,15.194675,28.83,87.6984,0.26458332,0.08897934,94.083336,3.5666666,0.264,2.7375002,11.677032,1.7167025,11.51,6.4,0.55,0.29999998,0.8,0.4,28.0,59.0,102.0,26.0,6.0,5.0,4.0,1.7
2018-02-06,29.0,15.9526205,30.164999,60.785343,-4.672917,0.30682388,46.333332,3.6708333,0.29116666,0.7041665,14.396649,1.2987345,8.1,6.0,-4.35,0.0,0.9,0.4,18.0,53.0,80.0,31.0,7.0,4.0,6.0,1.4
2018-02-07,4.0,10.5642185,19.949999,63.91054,-5.9166665,0.26596907,41.166668,1.9166666,0.26479167,0.675,12.291818,1.4362463,11.39,6.3,-3.4,0.0,1.0,0.4,30.0,63.0,108.0,28.0,8.0,5.0,7.0,2.2
2018-02-08,4.0,9.481507,18.464998,64.73473,-5.7208333,0.25559685,21.625,1.61875,0.24637501,1.3958334,212.16434,1.3319277,11.48,8.6,-4.05,0.0,0.9,0.4,27.0,66.0,107.0,29.0,9.0,6.0,6.0,1.9
2018-02-09,8.0,4.9207783,10.485,72.56097,-2.8979168,0.22216164,42.083332,2.5020833,0.231875,4.05625,355.1985,1.309673,8.0,8.3,0.25,0.0,1.5,0.6,86.0,95.0,226.0,12.0,21.0,14.0,5.0,4.6
2018-02-10,3.0,8.875328,17.144999,63.0889,-2.5979166,0.32556653,67.541664,3.8125,0.21908332,8.335417,277.09933,2.0186899,11.18,15.55,2.3,0.1,0.7,0.3,16.0,53.0,78.0,46.0,8.0,6.0,5.0,1.3
2018-02-11,195.0,13.282445,24.57,66.67557,2.8270833,0.41225123,55.0,6.7333336,0.20283334,6.6749997,328.19275,1.8988156,12.33,9.8,1.1,0.2,1.0,0.4,38.0,67.0,124.0,21.0,13.0,9.0,4.0,2.0
2018-02-12,793.0,11.224613,21.854998,64.56855,-0.73125,0.3551085,25.458334,7.227083,0.186875,3.45,241.837,1.4813946,10.24,8.6,-2.05,0.0,0.8,0.4,21.0,60.0,92.0,34.0,9.0,6.0,2.0,2.0
2018-02-13,49.0,15.821546,27.585,71.129906,-1.11875,0.25327927,66.833336,4.4333334,0.17137499,7.5312495,242.85246,1.0580206,6.36,11.4,5.5,0.0,1.0,0.4,44.0,66.0,133.0,31.0,11.0,7.0,1.0,2.7
2018-02-14,16.0,18.609524,33.225,85.23081,5.1541667,0.16972154,81.333336,7.2979164,0.16475,8.499999,236.17651,1.0113676,6.53,13.75,5.0,0.0,0.8,0.4,28.0,52.0,95.0,35.0,10.0,7.0,2.0,1.9
2018-02-15,7.0,5.7234,12.6449995,87.42056,6.5750003,0.16513392,79.458336,8.60625,0.15858333,9.456249,223.26433,1.599456,10.87,15.3,5.55,0.0,1.0,0.4,42.0,68.0,131.0,20.0,16.0,12.0,6.0,3.3
2018-02-16,44.0,4.9684005,10.919999,85.363945,6.8624997,0.2121507,81.541664,9.993751,0.15220834,9.016667,16.826462,1.652621,9.42,13.6,5.35,0.0,1.1,0.5,45.0,60.0,129.0,14.0,18.0,12.0,8.0,3.4
2018-02-17,263.0,8.306492,16.89,77.19068,4.75625,0.2973903,70.041664,10.004167,0.141125,7.233334,39.389442,2.4348407,15.0,13.05,1.2,0.0,0.9,0.4,23.0,50.0,86.0,24.0,17.0,11.0,7.0,2.3
2018-02-18,17.0,13.032322,24.945,60.611572,-0.57916665,0.4524256,40.875,8.76875,0.12820834,8.845832,25.021923,2.0153303,11.27,14.7,4.35,0.0,0.6,0.3,6.0,37.0,45.0,51.0,5.0,3.0,10.0,0.9
2018-02-19,208.0,10.501979,20.925,65.58056,2.3770833,0.43642578,72.583336,9.641666,0.10520834,8.854167,18.39205,2.3529139,12.99,15.2,4.25,0.0,0.7,0.3,18.0,51.0,78.0,42.0,7.0,4.0,10.0,6.5
2018-02-20,43.0,13.342476,25.89,64.95334,2.0562499,0.44753137,32.791668,9.741667,0.09041667,7.0916667,16.849657,2.6643958,12.37,11.4,3.15,0.0,0.9,0.4,16.0,52.0,77.0,42.0,7.0,4.0,9.0,3.0
2018-02-21,179.0,19.828278,36.78,50.75325,-3.2916667,0.50963813,39.416668,8.270833,0.07654167,3.6062505,16.292656,2.436243,15.81,10.4,-2.6,0.0,0.7,0.3,11.0,47.0,63.0,47.0,7.0,4.0,8.0,1.9
2018-02-22,7.0,9.534934,20.279999,48.59555,-6.9166665,0.4560792,5.0833335,6.6687503,0.063875,2.935417,46.085964,2.1771314,16.74,9.55,-3.7,0.0,0.9,0.4,28.0,61.0,104.0,38.0,11.0,8.0,6.0,2.2
2018-02-23,7.0,5.503596,13.650001,41.15758,-10.570833,0.50850016,0.29166666,6.3729167,0.041416667,3.5208333,289.91647,2.352799,16.8,11.3,-3.75,0.0,0.9,0.4,30.0,65.0,110.0,38.0,13.0,8.0,6.0,2.2
2018-02-24,6.0,5.351978,12.345,43.666553,-9.114583,0.5332137,0.0,6.6708336,0.023916667,5.3604164,308.46106,2.6657226,16.82,14.1,-2.85,0.0,1.2,0.5,43.0,81.0,147.0,27.0,21.0,13.0,5.0,3.2
2018-02-25,12.0,6.085734,13.86,42.456715,-8.122916,0.63481027,0.0,7.9520836,0.016666668,7.241667,24.376415,2.7924643,16.77,16.65,-1.4,0.0,1.1,0.4,28.0,77.0,119.0,33.0,23.0,15.0,6.0,2.0
2018-02-26,280.0,7.5174994,15.974999,43.74496,-5.7687497,0.71935797,39.625,9.849999,0.008666667,3.01875,45.086216,1.4908721,3.87,6.55,0.35,3.9000003,1.6,0.6,63.0,98.0,194.0,21.0,24.0,16.0,7.0,4.6
2018-02-27,355.0,11.146229,22.5,58.655384,-5.8020835,0.30308226,97.208336,6.2666664,0.017458333,8.308333,204.93172,0.69531167,2.74,12.5,3.35,27.000004,1.1,0.4,55.0,77.0,161.0,27.0,16.0,13.0,5.0,3.3
2018-02-28,23.0,19.081512,41.535,90.5419,7.2979164,0.11763529,96.958336,7.8562503,0.279375,9.33125,197.10576,1.0171715,4.69,11.8,6.55,15.4,0.9,0.4,44.0,73.0,140.0,20.0,9.0,8.0,4.0,2.5
2018-03-01,4.0,25.059439,49.829998,85.460014,6.6687503,0.17157112,82.541664,8.804167,0.36987498,6.214583,215.6885,0.72312033,3.21,10.3,3.6,7.2,0.5,0.3,17.0,45.0,71.0,53.0,4.0,3.0,3.0,0.9
2018-03-02,0.0,16.389883,38.28,86.7958,4.360417,0.12663376,81.916664,6.9354167,0.365375,8.512499,224.78633,1.4156196,8.2,12.1,6.1,6.2000003,1.0,0.4,40.0,70.0,131.0,31.0,11.0,10.0,4.0,2.1
2018-03-03,4.0,23.099104,42.375,82.62325,5.625,0.20889126,92.458336,8.587501,0.36025,9.277083,219.25793,2.2003622,14.17,13.1,7.1,8.1,0.5,0.3,14.0,43.0,64.0,60.0,5.0,4.0,3.0,0.8
2018-03-04,52.0,15.584455,31.26,74.298485,4.4416666,0.3273417,87.166664,9.714583,0.37270832,6.972916,228.36655,1.1173234,7.61,9.1,5.6,5.899999,0.5,0.3,10.0,38.0,53.0,60.0,3.0,3.0,3.0,0.6
2018-03-05,79.0,18.954052,37.98,85.2427,4.44375,0.150521,83.083336,8.372916,0.38033333,6.2062497,242.59981,1.3012619,10.05,9.95,3.4,1.2,0.7,0.3,23.0,55.0,90.0,50.0,6.0,4.0,3.0,1.3
2018-03-06,30.0,19.476633,35.625,82.377235,3.2833335,0.17775553,57.958332,7.4249997,0.36066666,5.866667,254.94235,2.3637638,17.21,10.95,0.55,0.0,0.8,0.4,26.0,55.0,95.0,42.0,8.0,7.0,4.0,1.5
2018-03-07,1.0,10.141806,19.875,65.83897,-0.39166668,0.35812378,56.625,7.35,0.33408332,7.9687495,210.00233,1.518045,10.17,12.9,4.65,1.9000001,0.8,0.4,21.0,54.0,86.0,48.0,7.0,5.0,4.0,1.5
2018-03-08,36.0,8.540972,16.965,79.120964,4.8229165,0.23921649,95.916664,8.868751,0.33624998,10.745833,189.38298,0.84693694,3.91,12.35,9.1,5.2,0.8,0.4,23.0,62.0,98.0,35.0,10.0,8.0,4.0,1.9
2018-03-09,11.0,15.766362,30.57,88.22137,8.943749,0.15651338,99.666664,10.229167,0.34887502,11.004167,201.43692,1.1669705,7.36,14.05,7.65,14.600001,0.7,0.3,26.0,60.0,101.0,24.0,8.0,6.0,4.0,1.9
2018-03-10,27.0,18.863716,44.49,86.77529,8.577084,0.174221,82.5,10.79375,0.3915,7.764582,228.90302,1.9405226,14.56,10.15,6.35,3.1999993,0.5,0.3,16.0,47.0,71.0,41.0,4.0,4.0,3.0,0.8
2018-03-11,60.0,29.377892,53.459995,76.95621,3.7729168,0.252292,71.916664,9.322917,0.37062502,8.320833,245.44757,2.2184482,14.15,12.25,6.15,0.0,0.4,0.3,9.0,29.0,42.0,69.0,5.0,4.0,3.0,0.4
2018-03-12,28.0,22.940773,41.609997,73.61985,3.5562499,0.31436008,60.791668,9.318749,0.34062502,9.464583,234.09418,1.8465065,11.73,15.15,6.2,2.6,0.8,0.4,21.0,45.0,78.0,55.0,7.0,4.0,4.0,1.2
2018-03-13,269.0,12.080838,24.464998,78.487946,5.8604164,0.2878072,86.458336,9.78125,0.34083334,8.864583,201.4688,0.81681454,3.98,12.45,5.3,15.800001,0.9,0.4,31.0,61.0,109.0,33.0,11.0,8.0,4.0,1.9
2018-03-14,51.0,19.07534,39.96,88.90982,7.1583333,0.13381323,94.0,8.9375,0.362625,8.150001,236.15955,2.0225134,14.55,11.2,6.1,0.90000004,0.6,0.3,25.0,55.0,93.0,30.0,8.0,6.0,4.0,1.6
2018-03-15,25.0,23.50554,44.085003,77.92294,4.047917,0.25483134,61.583332,9.122916,0.37933335,6.508333,242.83752,1.9218395,15.67,9.75,4.55,0.9,0.6,0.3,21.0,48.0,81.0,60.0,5.0,4.0,4.0,1.1
2018-03-16,10.0,16.599548,30.269999,79.18555,2.8020833,0.21868932,59.333332,8.558333,0.34820834,5.0937495,251.45412,1.186701,7.06,10.0,2.15,8.1,0.7,0.4,23.0,51.0,86.0,49.0,7.0,5.0,4.0,1.5
2018-03-17,5.0,15.845375,29.159998,77.98191,1.2416667,0.22029191,91.291664,6.78125,0.37479165,6.4,289.20734,2.7385473,18.96,11.6,2.35,0.1,0.5,0.3,14.0,47.0,69.0,50.0,7.0,5.0,4.0,0.9
2018-03-18,8.0,14.57315,27.074999,60.15213,-1.3291667,0.42570058,35.208332,7.352083,0.35445833,4.620833,271.68118,1.179296,6.36,8.35,1.9,5.1,0.6,0.3,11.0,48.0,65.0,52.0,6.0,5.0,4.0,0.8
2018-03-19,128.0,17.129704,33.45,73.198875,-0.21041666,0.2220304,55.166668,5.6124997,0.35512498,4.2083335,336.293,2.4230726,15.88,8.75,0.75,0.1,0.8,0.4,22.0,52.0,87.0,49.0,6.0,5.0,4.0,1.4
2018-03-20,15.0,19.172386,37.005,57.780136,-3.7291667,0.3732778,45.875,5.3333335,0.344875,4.925,11.5302515,3.1463494,20.08,10.8,1.2,0.0,1.0,0.4,13.0,43.0,62.0,56.0,6.0,4.0,8.0,1.7
2018-03-21,22.0,19.928835,36.885,51.739777,-4.539583,0.45426306,23.583334,6.0604167,0.30991668,4.5125,314.3339,2.9043443,20.6,11.95,-1.95,0.0,0.8,0.4,10.0,43.0,58.0,64.0,7.0,4.0,9.0,1.6
2018-03-22,29.0,7.7965503,17.699999,58.342243,-3.2833335,0.4062222,14.5,6.84375,0.28062502,7.3750005,246.59123,1.5955012,8.54,12.95,2.95,1.0,1.0,0.4,30.0,67.0,114.0,46.0,10.0,6.0,6.0,2.2
2018-03-23,248.0,17.017157,30.464998,72.42833,2.8604167,0.28812057,91.208336,7.464583,0.26395833,7.202084,280.9233,2.644369,15.4,11.0,3.0,3.0,1.1,0.5,37.0,75.0,131.0,26.0,13.0,9.0,,2.6
2018-03-24,183.0,26.637274,51.209995,59.641712,-0.5541666,0.42146313,59.541668,7.6687503,0.29679167,7.3125005,294.70236,2.8215637,17.74,11.95,3.9,0.6,0.5,0.3,8.0,34.0,47.0,64.0,6.0,4.0,7.0,0.9
2018-03-25,75.0,12.014422,24.419998,62.56752,0.32083333,0.40748164,59.0,8.620833,0.26979166,8.252084,312.0011,3.0899746,20.37,14.0,3.75,0.0,0.5,0.3,6.0,37.0,46.0,66.0,5.0,4.0,7.0,0.7
2018-03-26,47.0,10.878098,21.135,59.25328,0.57916665,0.4972817,37.666668,9.266667,0.25595835,11.775001,297.4013,3.6407192,21.13,19.6,5.55,0.0,0.8,0.4,21.0,57.0,89.0,46.0,7.0,5.0,9.0,2.1
2018-03-27,182.0,9.549001,19.08,63.11737,4.7479167,0.5969581,28.75,11.479167,0.22654165,12.950001,257.0989,4.2179193,22.2,20.1,4.95,0.0,0.7,0.4,18.0,51.0,79.0,42.0,8.0,5.0,6.0,1.8
2018-03-28,328.0,12.100554,23.07,55.077408,3.3395834,0.78072596,51.333332,12.7625,0.2,10.483333,246.44638,2.9704435,16.8,14.0,7.3,0.2,0.8,0.4,41.0,55.0,118.0,30.0,12.0,7.0,7.0,3.0
2018-03-29,124.0,17.20998,31.755,62.3038,2.7416668,0.4957576,41.583332,12.083333,0.17266667,7.339584,240.8036,2.8986545,18.37,10.8,4.6,2.4,0.4,0.2,7.0,27.0,39.0,56.0,6.0,5.0,6.0,0.9
2018-03-30,55.0,23.175196,43.829998,65.31021,0.48749998,0.37943217,66.25,10.337501,0.17258334,7.035417,261.78726,2.7817652,18.39,13.1,2.45,1.2,0.4,0.2,6.0,24.0,33.0,81.0,4.0,3.0,6.0,0.3
2018-03-31,10.0,20.295088,37.829998,66.52608,0.114583336,0.41175637,61.041668,9.349999,0.20320833,9.654167,172.13399,3.1252522,20.35,16.8,3.7,0.0,0.4,0.3,7.0,34.0,44.0,66.0,4.0,4.0,6.0,0.5
2018-04-01,5.0,6.233665,14.009999,65.80204,3.4458332,0.49630925,85.75,11.222917,0.17716666,11.970833,203.73407,3.751247,20.92,19.1,5.95,0.0,0.6,0.3,9.0,47.0,60.0,49.0,7.0,5.0,6.0,0.9
2018-04-02,20.0,12.205962,23.235,57.82709,3.45625,0.6610972,76.875,12.972917,0.14804167,11.677082,227.60258,2.807157,14.95,15.8,8.7,0.4,0.6,0.3,14.0,49.0,71.0,54.0,10.0,7.0,3.0,1.0
2018-04-03,8.0,21.704615,40.109997,72.0263,6.0375,0.42707825,65.875,13.056251,0.130875,10.004167,238.44418,2.7289598,16.53,14.3,7.05,0.90000004,0.5,0.3,17.0,39.0,65.0,56.0,8.0,6.0,1.0,1.1
2018-04-04,3.0,22.370598,41.01,72.38338,4.825,0.37551942,49.75,11.866666,0.12375,10.935417,192.77127,3.5478954,22.89,17.9,3.7,0.0,0.6,0.3,16.0,40.0,65.0,62.0,6.0,3.0,1.0,1.2
2018-04-05,1.0,6.8949265,15.06,66.10293,4.1437497,0.55767506,56.75,12.991666,0.119375,12.437499,134.02536,2.9361649,15.66,18.6,6.2,3.7000003,0.8,0.4,34.0,62.0,115.0,39.0,13.0,8.0,1.0,3.5
2018-04-06,29.0,10.885196,25.050001,66.84116,6.179167,0.5430248,62.291668,13.560417,0.108958334,9.235416,227.03502,0.98967713,5.16,12.35,7.55,2.3999999,0.9,0.4,28.0,77.0,120.0,28.0,14.0,9.0,1.0,3.4
2018-04-07,4.0,9.130263,18.089998,80.195015,5.5333333,0.2273937,91.75,11.1125,0.167625,9.395833,253.8892,2.9679704,19.17,14.75,5.05,1.8000001,0.5,0.3,12.0,48.0,66.0,51.0,6.0,4.0,1.0,0.9
2018-04-08,5.0,13.741315,26.279999,71.37776,4.03125,0.39844522,47.375,11.020833,0.19079167,5.9,228.43437,1.3735542,12.02,8.25,3.65,7.6999993,0.5,0.3,8.0,34.0,47.0,54.0,7.0,5.0,1.0,0.6
2018-04-09,1.0,19.235807,36.09,84.11649,3.14375,0.15264867,89.5,9.377084,0.23887499,6.041666,225.19208,0.63486296,3.72,7.9,3.65,22.0,0.5,0.3,18.0,44.0,71.0,62.0,4.0,3.0,1.0,0.9
2018-04-10,0.0,20.057796,37.079998,90.74969,4.4729166,0.08867433,99.708336,8.104167,0.34075,6.729166,280.63806,2.3214512,12.66,11.25,3.1,1.2000002,0.6,0.3,18.0,54.0,82.0,49.0,5.0,4.0,1.0,1.1
2018-04-11,1.0,23.578493,42.21,65.577354,0.6375,0.37512723,90.875,7.4979167,0.34191668,7.6229157,236.57729,1.9271042,12.52,11.7,3.9,4.8,0.7,0.4,24.0,62.0,98.0,46.0,6.0,5.0,1.0,2.6
2018-04-12,1.0,14.843407,28.515,78.98415,3.9458332,0.2378255,82.333336,8.89375,0.31529167,8.352084,221.25801,2.348402,16.89,12.6,4.95,3.7999997,0.6,0.4,21.0,52.0,85.0,49.0,6.0,5.0,1.0,1.4
2018-04-13,0.0,10.444789,21.0,77.10876,4.4041667,0.28076497,69.791664,10.46875,0.34241667,10.183333,359.74423,2.7456937,17.91,16.2,4.65,0.0,0.6,0.4,20.0,56.0,87.0,53.0,8.0,6.0,1.0,1.2
2018-04-14,6.0,6.5434823,14.19,70.79763,4.6208334,0.4496342,55.0,11.441667,0.30266666,11.477084,239.56725,2.4497316,15.32,17.0,7.4,0.4,0.7,0.4,20.0,59.0,90.0,39.0,9.0,7.0,1.0,1.9
2018-04-15,6.0,14.364512,26.49,78.07133,7.8270836,0.3321974,80.583336,12.289584,0.27883333,11.435416,270.22583,3.3687057,20.67,17.25,5.9,3.4,0.5,0.3,12.0,39.0,58.0,43.0,7.0,5.0,1.0,0.9
2018-04-16,12.0,12.080878,24.63,66.22501,4.4729166,0.53008324,49.083332,12.724999,0.32170835,12.46875,213.57883,4.0793543,25.32,20.4,5.15,0.0,0.5,0.3,13.0,43.0,64.0,58.0,6.0,5.0,1.0,1.1
2018-04-17,3.0,4.779382,11.384999,68.42958,6.31875,0.5888543,28.583334,14.039582,0.27795833,15.414584,101.74994,4.545144,25.32,23.5,7.75,0.0,0.9,0.4,29.0,69.0,112.0,33.0,11.0,8.0,1.0,4.4
2018-04-18,9.0,7.757294,15.45,62.74068,7.6979165,0.8057997,19.666666,15.76875,0.23916666,15.841664,105.114395,4.7024307,23.92,23.25,9.05,0.0,1.0,0.4,29.0,71.0,116.0,42.0,14.0,9.0,1.0,3.4
2018-04-19,4.0,10.123066,19.995,55.741642,6.397917,0.90935826,20.916666,16.472918,0.19395833,15.03125,106.534935,3.6286037,17.04,20.55,9.8,0.0,0.5,0.3,14.0,49.0,70.0,68.0,18.0,9.0,1.0,1.7
2018-04-20,1.0,13.040242,24.72,61.047405,6.777083,0.7444449,37.708332,15.768749,0.15779166,14.822914,71.8057,3.6471734,20.14,21.05,9.45,0.0,0.5,0.3,11.0,42.0,59.0,68.0,24.0,11.0,1.0,1.1
2018-04-21,3.0,10.315597,20.715,65.05903,8.108334,0.66916203,77.166664,16.137499,0.13341667,16.695833,57.43756,4.3486814,22.74,23.4,10.35,0.1,0.5,0.3,7.0,45.0,56.0,55.0,24.0,12.0,1.0,1.9
2018-04-22,2.0,9.7407255,20.97,61.54303,8.766666,0.851984,70.25,17.283333,0.11995833,17.189585,56.46216,4.1096396,19.26,23.65,12.05,0.1,0.6,0.3,13.0,51.0,71.0,48.0,23.0,12.0,1.0,1.5
2018-04-23,4.0,10.524765,20.58,59.87969,8.745833,0.8667271,93.208336,18.331251,0.08945834,18.154165,42.95692,4.4457207,21.52,25.55,11.65,0.9,0.7,0.4,18.0,61.0,89.0,35.0,20.0,9.0,1.0,2.7
2018-04-24,13.0,9.6148405,20.49,60.107883,9.172916,0.99507827,62.166668,19.935417,0.071,19.489584,43.791473,5.102045,23.58,27.8,12.05,0.2,0.7,0.3,21.0,59.0,90.0,43.0,23.0,10.0,1.0,2.4
2018-04-25,4.0,9.856448,20.97,52.6759,8.275001,1.2817502,18.0,21.668749,0.048708335,18.604166,9.3019705,5.6667647,25.42,26.5,11.2,0.0,0.7,0.4,17.0,63.0,89.0,47.0,22.0,10.0,1.0,3.5
2018-04-26,2.0,12.470242,25.919998,50.47932,7.1,1.2551109,15.625,22.814583,0.03775,19.133333,249.88318,5.684943,25.22,24.5,13.85,0.1,0.6,0.4,15.0,61.0,83.0,50.0,20.0,10.0,1.0,2.4
2018-04-27,3.0,14.051679,27.63,50.76797,7.13125,1.1845303,16.208334,23.310417,0.027666667,13.877086,230.7501,4.496574,22.14,18.55,10.4,0.0,0.6,0.4,18.0,51.0,79.0,53.0,15.0,7.0,1.0,2.0
2018-04-28,0.0,17.663332,33.39,52.033848,2.8395834,0.7942813,45.208332,19.0875,0.029916666,9.033334,240.27417,3.1295233,19.22,13.2,4.55,8.3,0.3,0.2,8.0,31.0,44.0,64.0,13.0,8.0,1.0,0.7
2018-04-29,1.0,22.586456,42.885,65.23839,2.125,0.42699993,60.875,14.052083,0.08695834,7.8000007,250.48969,2.995119,20.43,12.15,4.25,3.1,0.3,0.2,7.0,30.0,41.0,68.0,5.0,4.0,1.0,0.4
2018-04-30,3.0,10.771113,23.22,64.80808,1.1604167,0.39895737,47.166668,12.827084,0.10258333,9.333333,13.250298,3.8784966,26.09,15.55,3.95,0.3,0.4,0.3,10.0,38.0,53.0,61.0,4.0,3.0,3.0,0.8
2018-05-01,0.0,7.738319,18.09,57.1776,0.275,0.5946278,23.708334,14.064583,0.10079166,11.4375,264.39078,3.7607512,20.06,17.85,4.4,0.0,0.3,0.3,4.0,32.0,38.0,68.0,4.0,3.0,4.0,0.7
2018-05-02,0.0,8.68136,18.87,54.98299,2.0604167,0.7140406,60.083332,14.472917,0.08275,13.502083,9.532148,4.3355722,21.7,18.9,9.95,0.0,0.4,0.3,7.0,39.0,50.0,59.0,8.0,6.0,4.0,0.9
2018-05-03,3.0,15.072098,28.47,52.96842,2.8979168,0.792195,57.666668,16.43125,0.062583335,13.1125,41.010643,5.3955507,27.13,20.85,6.8,0.0,0.6,0.3,23.0,53.0,88.0,48.0,9.0,6.0,5.0,2.7
2018-05-04,6.0,17.554926,33.179996,44.765713,0.96250004,0.9494719,35.625,16.972918,0.04983333,16.066666,39.137726,5.6012464,26.37,24.55,8.3,0.6,0.5,0.3,8.0,43.0,56.0,66.0,8.0,5.0,4.0,1.7
2018-05-05,3.0,12.534981,26.25,48.339996,4.49375,1.1165808,28.125,20.566668,0.0405,18.010416,92.2762,5.1308722,25.75,23.7,11.7,0.90000004,0.4,0.3,5.0,36.0,44.0,75.0,12.0,8.0,4.0,1.1
2018-05-06,9.0,8.2695875,18.855,50.75652,7.0729165,1.1318936,32.5,22.914583,0.038541667,17.362501,44.99987,3.8936954,19.36,23.5,11.6,1.9,0.3,0.3,4.0,31.0,36.0,78.0,9.0,6.0,4.0,0.8
2018-05-07,3.0,8.479956,20.685,63.687313,9.697917,0.7993834,64.333336,21.602083,0.04916667,18.525,24.343468,4.644753,23.36,24.5,12.35,2.4,0.7,0.3,18.0,57.0,84.0,42.0,12.0,9.0,4.0,2.7
2018-05-08,2.0,8.916388,21.119999,59.013367,9.74375,0.99349767,41.916668,22.795832,0.049291667,19.091665,327.90973,5.189605,23.59,26.45,11.95,0.2,0.8,0.4,32.0,69.0,118.0,34.0,14.0,10.0,4.0,3.8
2018-05-09,13.0,11.538068,23.205,55.313656,9.099999,1.1703404,51.166668,23.129166,0.050125,18.887499,27.0652,5.1764374,24.8,23.5,13.35,0.9,0.6,0.4,12.0,56.0,75.0,56.0,15.0,11.0,4.0,2.3
2018-05-10,15.0,11.581313,24.674997,50.120846,7.65,1.1515913,41.583332,23.341667,0.045666665,18.393751,258.6901,5.0135446,22.34,24.1,11.4,0.0,0.5,0.3,8.0,46.0,58.0,59.0,10.0,7.0,4.0,2.2
2018-05-11,3.0,12.881774,25.214998,55.802654,8.816667,1.0300807,44.666668,22.416666,0.039,16.208334,271.36795,5.2369485,21.92,20.2,12.7,0.0,0.6,0.4,16.0,56.0,80.0,51.0,16.0,11.0,4.0,2.3
2018-05-12,2.0,18.62821,35.594997,42.080067,1.8166667,1.0613654,51.666668,20.38125,0.039083336,12.379167,319.70792,5.332749,26.97,19.3,5.45,0.0,0.4,0.3,6.0,35.0,44.0,69.0,9.0,6.0,4.0,1.1
2018-05-13,1.0,11.6578455,25.245,37.754395,-2.5791667,0.98379755,43.166668,18.660418,0.037416667,14.216668,354.106,4.2352853,17.18,19.35,10.65,0.3,0.3,0.2,4.0,26.0,32.0,72.0,7.0,5.0,4.0,0.6
2018-05-14,0.0,13.407761,27.089998,44.493927,1.875,0.9547055,75.625,18.679167,0.036458332,15.714584,40.084404,5.870158,26.14,24.1,7.25,0.0,0.4,0.3,6.0,34.0,43.0,66.0,5.0,4.0,4.0,1.5
2018-05-15,1.0,13.008224,26.909998,39.61994,1.3249999,1.2345091,22.0,20.53125,0.034791667,17.88542,55.94175,5.835057,25.51,24.85,10.1,0.0,0.3,0.2,3.0,27.0,32.0,84.0,6.0,4.0,4.0,0.9
2018-05-16,2.0,12.367185,25.664999,38.33195,2.3208334,1.4463892,29.083334,22.560417,0.029375,18.606249,65.103905,5.5447497,25.84,23.65,12.85,1.4000001,0.4,0.3,7.0,43.0,55.0,86.0,11.0,6.0,4.0,1.5
2018-05-17,2.0,8.765428,20.805,41.485973,4.2125,1.327465,41.625,24.456251,0.029625,16.610415,60.25522,4.0198083,19.41,21.5,13.45,4.799999,0.5,0.3,9.0,51.0,65.0,86.0,11.0,7.0,4.0,1.8
2018-05-18,0.0,10.941808,23.97,59.231186,8.339583,0.7947376,81.083336,21.527084,0.06566667,17.283333,41.12733,4.5762177,24.53,23.5,12.1,0.1,0.5,0.3,9.0,53.0,66.0,71.0,12.0,10.0,4.0,2.3
2018-05-19,4.0,7.653225,18.539999,60.921062,9.131249,0.8671935,40.5,21.1875,0.10804167,16.56875,59.164165,4.1979613,23.43,22.2,11.65,1.7,0.4,0.3,6.0,42.0,50.0,73.0,10.0,7.0,4.0,1.4
2018-05-20,1.0,7.409918,18.09,64.34805,9.0,0.7631211,49.583332,20.685415,0.10145833,16.804167,268.57974,3.820941,21.84,20.65,12.9,2.6000001,0.3,0.2,4.0,34.0,39.0,94.0,9.0,7.0,4.0,0.9
2018-05-21,1.0,4.8777175,14.82,67.78685,10.412499,0.6739814,53.25,21.179167,0.088541664,18.016668,19.916508,4.534533,23.7,24.35,11.6,0.1,0.5,0.3,11.0,51.0,69.0,67.0,10.0,7.0,4.0,1.7
2018-05-22,1.0,5.153568,13.709999,65.63366,10.931251,0.8496793,42.083332,21.670832,0.09470833,20.38542,166.63977,4.6133046,20.67,25.7,14.15,0.0,0.7,0.4,16.0,69.0,93.0,49.0,12.0,9.0,4.0,3.3
2018-05-23,0.0,7.5886693,16.905,53.663273,9.772917,1.2374266,86.208336,22.8375,0.069458336,20.0125,62.35855,5.275325,22.86,26.65,14.5,1.5000001,0.8,0.4,16.0,69.0,94.0,55.0,13.0,9.0,4.0,4.0
2018-05-24,1.0,12.987229,27.765,56.100536,9.935416,1.1507756,73.166664,23.012499,0.063,16.116665,252.8013,2.7843823,13.99,19.65,14.25,11.599999,0.6,0.3,13.0,58.0,77.0,63.0,13.0,9.0,4.0,3.2
2018-05-25,0.0,7.694805,19.35,75.47539,11.28125,0.46824405,70.958336,19.516666,0.17224999,16.485416,229.82526,3.864783,20.97,21.0,12.15,0.1,0.6,0.4,23.0,65.0,100.0,47.0,11.0,8.0,4.0,2.7
2018-05-26,2.0,7.507834,17.01,67.98168,10.025001,0.6805598,50.583332,18.793749,0.20533334,18.189585,271.2408,4.9637494,24.0,24.4,12.35,0.0,0.5,0.3,13.0,49.0,69.0,48.0,11.0,9.0,4.0,1.5
2018-05-27,0.0,8.732725,18.195,57.563293,8.939584,1.0211717,68.25,19.922916,0.17254166,16.074999,275.91486,2.2916765,12.2,20.1,13.75,10.0,0.6,0.3,15.0,46.0,68.0,60.0,10.0,8.0,4.0,1.7
2018-05-28,0.0,4.824842,13.665,81.95763,12.70625,0.3523738,85.208336,18.643751,0.22316666,15.360417,206.4541,3.2508159,19.45,19.0,11.65,2.6000001,0.4,0.3,17.0,55.0,82.0,43.0,9.0,7.0,4.0,1.9
2018-05-29,0.0,5.5871444,14.655,77.97352,11.241666,0.41618073,64.875,18.422916,0.24904168,14.98125,243.68834,2.396806,12.14,19.3,11.4,1.3,0.7,0.4,24.0,64.0,101.0,31.0,12.0,9.0,4.0,3.6
2018-05-30,6.0,9.8418455,19.875,76.89067,10.806251,0.4339002,90.875,16.991667,0.29520833,16.820831,233.93875,4.1929197,22.09,21.8,11.55,0.2,0.6,0.3,21.0,56.0,88.0,46.0,10.0,8.0,4.0,2.1
2018-05-31,1.0,9.404002,19.65,67.46047,10.085417,0.7131166,38.416668,18.247917,0.26145834,17.39375,216.50418,4.538567,24.02,23.35,11.75,0.6,0.6,0.3,22.0,54.0,87.0,54.0,11.0,9.0,4.0,1.9
2018-06-01,3.0,8.085693,17.91,64.27473,10.147917,0.81253886,53.916668,19.072916,0.21183334,17.172918,92.42148,4.265228,22.57,22.1,12.55,2.3,0.8,0.4,31.0,66.0,114.0,40.0,14.0,10.0,4.0,3.3
2018-06-02,0.0,9.44704,20.865,70.2604,11.1375,0.66161036,80.208336,19.487501,0.19920833,17.525,235.06058,4.517377,23.61,22.9,11.95,0.1,0.3,0.2,4.0,34.0,41.0,79.0,7.0,6.0,4.0,1.2
2018-06-03,2.0,10.84975,22.154999,71.82585,11.806251,0.65974444,53.625,19.822916,0.20191668,15.364583,240.36984,3.7048376,18.21,19.0,11.05,0.0,0.5,0.3,13.0,45.0,65.0,50.0,10.0,7.0,4.0,1.5
2018-06-04,1.0,16.160954,29.82,65.702675,8.58125,0.630746,55.291668,18.152082,0.16016667,14.877084,260.62103,3.6258945,18.5,18.2,12.35,0.7,0.4,0.3,17.0,40.0,66.0,58.0,12.0,8.0,4.0,1.2
2018-06-05,2.0,11.395923,22.65,64.997314,7.8229165,0.6290358,76.083336,17.958334,0.154875,14.470834,333.72583,3.5863197,21.67,19.15,10.45,1.8000002,0.5,0.3,16.0,46.0,71.0,52.0,10.0,5.0,4.0,1.7
2018-06-06,2.0,5.840593,14.595,71.2116,9.037499,0.5396885,68.958336,17.5,0.20216666,16.293749,249.29092,4.0567064,21.04,22.25,9.65,0.1,0.5,0.3,16.0,48.0,73.0,48.0,10.0,7.0,4.0,2.1
2018-06-07,2.0,9.155597,18.78,67.985245,9.958333,0.6902738,76.041664,18.143751,0.208875,16.297918,204.1908,2.8200412,15.16,19.35,13.7,6.3,0.7,0.4,30.0,65.0,111.0,40.0,22.0,14.0,4.0,3.3
2018-06-08,1.0,10.7741785,22.739998,78.12809,12.241666,0.42621958,86.0,17.947916,0.22829168,15.606252,222.11163,3.681922,20.85,19.6,12.35,0.6,0.5,0.3,21.0,49.0,81.0,40.0,15.0,10.0,4.0,1.6
2018-06-09,2.0,9.523929,20.175,74.37197,10.514584,0.5041205,47.083332,17.952084,0.21495833,14.820832,234.83504,3.5095382,19.9,19.2,10.1,0.70000005,0.4,0.3,12.0,41.0,60.0,44.0,16.0,10.0,4.0,1.3
2018-06-10,4.0,11.134362,22.845,73.894035,9.972917,0.4978775,35.083332,17.185417,0.18345833,15.604165,248.45897,3.5120625,18.63,20.4,11.9,0.7,0.4,0.3,13.0,44.0,64.0,44.0,14.0,8.0,4.0,1.2
2018-06-11,3.0,12.829635,24.75,72.02648,10.172916,0.557664,55.708332,17.716667,0.165125,17.335417,305.4171,4.340932,23.13,23.1,10.7,0.90000004,0.4,0.3,17.0,44.0,70.0,53.0,12.0,7.0,4.0,1.0
2018-06-12,5.0,8.130806,17.28,65.81347,10.45625,0.79322606,21.0,19.395834,0.14254166,18.710415,30.539062,5.651644,26.56,24.65,11.95,0.0,0.6,0.4,18.0,51.0,79.0,46.0,14.0,8.0,4.0,2.7
2018-06-13,6.0,11.525937,23.550001,48.546234,6.9083333,1.2252755,30.083334,21.164583,0.09745833,19.179167,26.846226,6.3327627,29.76,26.8,11.25,0.0,0.4,0.2,6.0,37.0,47.0,71.0,12.0,7.0,4.0,1.8
2018-06-14,15.0,9.835492,21.375,47.981552,6.535417,1.3792156,50.916668,23.410416,0.061541665,22.285416,3.532237,6.5859504,28.74,30.15,13.3,0.0,0.4,0.3,8.0,43.0,55.0,66.0,17.0,10.0,4.0,2.0
2018-06-15,14.0,8.920495,20.37,42.826508,8.002084,1.7954079,13.041667,27.5625,0.0355,24.322916,27.536991,7.333241,29.51,31.2,16.75,0.0,0.6,0.3,21.0,57.0,89.0,59.0,26.0,14.0,4.0,3.3
2018-06-16,46.0,13.2333975,27.659998,42.41917,9.297916,1.9948721,5.375,30.114584,0.025958335,24.470835,31.027409,7.998737,30.02,31.65,15.85,0.0,0.3,0.2,6.0,29.0,37.0,58.0,17.0,11.0,4.0,1.3
2018-06-17,16.0,14.111487,28.875,37.001904,7.5145836,2.16086,7.5833335,30.260416,0.023791665,25.070833,36.106953,8.272819,29.98,32.3,16.65,0.0,0.2,0.2,3.0,27.0,32.0,80.0,13.0,7.0,4.0,0.9
2018-06-18,11.0,14.394378,28.74,36.490345,8.189584,2.2337308,53.708332,30.472916,0.024375,24.98542,39.68228,7.395469,29.71,32.5,16.25,0.0,0.4,0.2,9.0,40.0,54.0,56.0,13.0,7.0,4.0,1.8
2018-06-19,4.0,11.538502,24.72,38.77214,9.008333,2.230323,27.958334,31.375,0.025833333,26.706247,55.356525,7.0422254,26.95,32.65,19.6,0.0,0.4,0.3,8.0,44.0,56.0,73.0,21.0,9.0,4.0,1.8
2018-06-20,1.0,8.516296,20.25,35.84681,9.712501,2.4086697,24.25,32.575,0.031125002,27.15625,93.112236,7.2126255,29.65,32.95,20.3,0.0,0.5,0.3,11.0,52.0,69.0,73.0,28.0,12.0,4.0,2.3
2018-06-21,7.0,8.536704,19.38,29.728865,6.3937497,2.6987276,10.791667,32.8,0.036541667,27.412498,74.55365,7.397534,29.64,33.8,19.35,0.0,0.4,0.3,11.0,53.0,70.0,76.0,27.0,10.0,4.0,1.8
2018-06-22,2.0,8.445004,19.605,30.211885,7.2520833,2.7775004,7.25,33.029167,0.036333334,28.1875,32.513943,7.485779,29.35,35.2,19.95,0.0,0.6,0.3,11.0,67.0,84.0,77.0,32.0,15.0,4.0,2.6
2018-06-23,2.0,9.099666,21.3,35.15395,9.654166,2.7580726,7.625,33.802082,0.038124997,28.891668,36.2869,7.5918026,29.28,36.8,20.15,0.0,0.3,0.3,4.0,40.0,46.0,93.0,33.0,18.0,4.0,1.4
2018-06-24,5.0,8.685511,19.89,32.463043,9.235416,3.0217044,3.5,33.962498,0.039083336,28.433334,358.22125,7.836999,27.85,36.4,20.6,0.0,0.3,0.2,3.0,40.0,45.0,89.0,47.0,20.0,4.0,1.3
2018-06-25,6.0,10.125683,22.89,36.33025,11.2625,2.62402,13.041667,33.502083,0.040875,27.785414,204.4206,7.0951343,28.6,34.5,21.05,1.8000001,0.4,0.3,9.0,57.0,71.0,81.0,52.0,21.0,4.0,2.1
2018-06-26,5.0,8.688188,22.305,45.60319,13.868751,2.2044036,14.041667,33.960415,0.039416667,25.997917,255.2098,6.9485264,28.31,31.45,20.45,0.1,0.5,0.3,10.0,57.0,73.0,75.0,53.0,22.0,4.0,2.7
2018-06-27,2.0,10.3899145,23.355001,49.743694,13.170834,1.874889,26.208334,32.391666,0.040708333,25.15625,262.81772,6.328941,24.82,31.3,18.8,0.0,0.5,0.3,15.0,56.0,79.0,61.0,43.0,18.0,4.0,2.3
2018-06-28,2.0,9.338365,20.88,45.94791,10.627084,1.9916354,69.583336,30.464584,0.035666667,25.15417,91.080925,6.350719,24.36,32.05,19.1,0.0,0.4,0.3,12.0,56.0,74.0,63.0,32.0,17.0,4.0,2.8
2018-06-29,0.0,12.40694,26.19,49.455936,12.71875,1.7558699,31.666666,30.729166,0.036583334,22.972918,155.07365,4.8699155,18.69,28.35,18.95,3.2,0.3,0.3,7.0,44.0,55.0,73.0,31.0,16.0,4.0,1.6
2018-06-30,2.0,11.59957,26.97,55.086185,12.927083,1.3301259,47.208332,27.083334,0.0535,22.06875,235.83174,5.9274693,24.98,26.2,17.75,0.1,0.3,0.2,5.0,34.0,42.0,67.0,26.0,13.0,4.0,1.2
2018-07-01,1.0,12.680945,25.214998,51.086544,10.622916,1.3704267,24.708334,26.089584,0.06479167,21.520834,243.25717,6.1582522,26.55,27.05,15.55,0.0,0.2,0.2,6.0,31.0,40.0,63.0,17.0,8.0,4.0,0.6
2018-07-02,0.0,13.342929,26.4,50.69687,10.133333,1.3932877,11.666667,26.252083,0.046541665,22.966667,245.64003,6.573761,29.8,30.15,15.55,0.0,0.4,0.3,15.0,45.0,69.0,72.0,23.0,10.0,4.0,1.3
2018-07-03,0.0,7.5396075,18.42,48.442562,10.16875,1.7228025,1.2083334,28.831251,0.039625,23.045832,242.35959,7.186137,29.62,27.2,16.75,0.0,0.6,0.3,18.0,58.0,86.0,61.0,27.0,13.0,4.0,2.8
2018-07-04,1.0,14.283639,28.275,39.25879,7.397917,1.7853364,4.9166665,28.09375,0.036666665,22.81875,319.0741,6.0532637,25.67,29.45,16.05,0.0,0.7,0.4,23.0,66.0,102.0,48.0,31.0,13.0,4.0,5.1
2018-07-05,2.0,7.712649,19.455,37.726868,6.679167,1.9007565,33.958332,28.983332,0.03525,24.683334,26.965605,6.9463325,27.45,31.35,17.2,0.0,0.4,0.3,9.0,49.0,62.0,77.0,23.0,9.0,4.0,1.7
2018-07-06,1.0,11.127235,23.625,38.827274,8.625,2.147198,67.291664,30.279167,0.038,26.320831,45.229214,7.050355,26.88,32.9,19.65,0.0,0.4,0.3,8.0,49.0,60.0,74.0,23.0,11.0,4.0,2.8
2018-07-07,0.0,10.788867,24.0,35.901226,9.045834,2.3706446,40.833332,31.722916,0.038041666,27.062502,45.825874,7.326165,26.9,33.35,20.1,0.0,0.4,0.3,7.0,47.0,58.0,73.0,29.0,14.0,4.0,2.4
2018-07-08,0.0,10.795699,23.22,37.461895,10.335417,2.435955,14.291667,32.739582,0.036416665,27.847916,0.5404777,7.6592093,27.51,34.55,20.4,0.0,0.3,0.2,3.0,32.0,36.0,85.0,26.0,15.0,4.0,1.2
2018-07-09,1.0,12.870816,26.699999,37.70621,10.587501,2.601906,7.4166665,33.060417,0.037208334,27.76042,11.252153,7.300523,25.5,34.4,20.1,0.0,0.4,0.3,8.0,47.0,59.0,80.0,28.0,15.0,4.0,1.8
2018-07-10,0.0,11.885507,25.169998,36.57004,10.277083,2.6328847,17.375,33.118748,0.0365,26.933327,311.6784,7.5664353,26.15,31.9,20.85,0.3,0.3,0.3,5.0,41.0,48.0,102.0,29.0,18.0,4.0,1.7
2018-07-11,1.0,12.921864,28.62,38.481304,10.525001,2.2765782,18.25,32.26875,0.037791666,26.300001,347.39984,6.812646,26.54,32.1,20.05,0.0,0.4,0.3,8.0,52.0,65.0,87.0,31.0,17.0,4.0,2.0
2018-07-12,0.0,10.236724,21.839998,38.324825,9.770833,2.3150725,14.583333,32.510418,0.0305,27.2125,105.60088,7.848497,28.7,33.8,20.4,0.0,0.4,0.3,7.0,48.0,60.0,92.0,30.0,15.0,4.0,1.8
2018-07-13,1.0,12.666675,26.474998,37.71236,10.039583,2.4711602,7.25,32.964584,0.035291668,26.579168,227.74336,7.928061,29.86,33.1,19.15,0.0,0.4,0.3,8.0,48.0,61.0,79.0,39.0,20.0,4.0,1.8
2018-07-14,0.0,11.078906,23.58,31.859138,6.379167,2.5601876,0.20833333,32.047916,0.03825,24.229166,236.67438,7.6888566,29.06,28.5,18.5,0.0,0.3,0.3,5.0,41.0,49.0,82.0,39.0,19.0,4.0,1.4
2018-07-15,0.0,14.614689,29.13,35.1439,7.1541667,2.0193148,8.916667,29.785416,0.037,23.793749,293.48,6.715096,25.16,29.85,17.45,0.0,0.3,0.2,5.0,33.0,41.0,74.0,29.0,14.0,4.0,0.9
2018-07-16,0.0,12.326405,25.74,39.328876,8.224999,1.9581609,26.916666,29.925001,0.03595833,25.889582,58.21134,7.0995245,29.36,33.55,17.55,0.0,0.3,0.2,8.0,38.0,51.0,84.0,22.0,12.0,4.0,1.3
2018-07-17,0.0,9.9523115,21.495,36.76602,7.883333,2.4562538,0.0,31.591667,0.038916666,26.620834,213.16176,7.591104,27.6,32.6,19.35,0.0,0.5,0.3,13.0,52.0,72.0,77.0,31.0,13.0,4.0,2.4
2018-07-18,1.0,11.554437,24.705,31.868933,7.8458333,2.5098884,3.0833333,31.3375,0.038416665,25.856249,248.19852,7.622915,29.44,32.55,17.5,0.0,0.5,0.3,11.0,56.0,73.0,72.0,37.0,15.0,4.0,2.5
2018-07-19,1.0,10.36164,22.125,31.525307,6.597917,2.4781406,0.0,31.177084,0.035833333,24.910418,268.36343,7.4437222,27.72,31.15,18.05,0.0,0.7,0.4,23.0,71.0,107.0,55.0,37.0,15.0,4.0,3.9
2018-07-20,0.0,11.548757,24.15,32.43509,6.44375,2.2378857,9.833333,30.683334,0.034625,23.849997,21.6711,6.258076,24.38,29.8,17.3,0.0,0.6,0.3,14.0,58.0,79.0,62.0,32.0,16.0,,3.2
2018-07-21,0.0,12.070392,25.230001,42.328625,9.368751,1.8664818,56.5,29.816666,0.037833333,23.512503,41.79375,5.9981437,25.47,30.6,16.5,1.9999999,0.2,0.2,3.0,24.0,29.0,81.0,17.0,11.0,4.0,1.0
2018-07-22,0.0,10.225432,23.055,52.314148,12.097917,1.6148974,32.041668,29.824999,0.046458334,26.835419,25.758055,7.440486,28.63,34.45,18.65,0.0,0.3,0.2,5.0,31.0,39.0,88.0,24.0,12.0,4.0,0.8
2018-07-23,0.0,11.005986,23.144999,38.067,9.943749,2.4975984,0.41666666,32.333332,0.036374997,27.227083,246.45605,8.174104,28.93,32.9,20.5,0.0,0.5,0.3,11.0,52.0,70.0,68.0,30.0,16.0,4.0,2.0
2018-07-24,1.0,12.686105,25.394999,29.615974,7.1895833,2.665111,0.0,31.995834,0.036166664,26.904167,249.14542,7.463815,28.86,34.0,18.3,0.0,0.6,0.3,13.0,52.0,73.0,72.0,34.0,18.0,4.0,2.7
2018-07-25,0.0,8.655811,19.095,26.116188,5.141667,2.8370972,0.0,32.35625,0.0355,27.479164,247.08449,7.7567053,28.58,33.6,19.55,0.0,0.6,0.3,19.0,64.0,93.0,63.0,33.0,15.0,4.0,3.5
2018-07-26,1.0,9.898371,21.659998,29.914198,7.558333,2.727566,0.0,32.766666,0.036166664,27.045832,251.01138,8.0654745,28.31,33.75,18.55,0.0,0.7,0.4,24.0,70.0,107.0,58.0,39.0,19.0,4.0,8.0
2018-07-27,0.0,11.673776,24.12,28.534792,6.5770836,2.726044,19.666666,31.829168,0.03595833,26.227081,247.88412,8.118743,28.77,32.8,18.25,0.0,0.6,0.4,23.0,69.0,105.0,59.0,38.0,19.0,4.0,3.6
2018-07-28,0.0,12.255595,24.75,28.139132,4.2833333,2.6623137,0.041666668,31.329168,0.035833333,26.022917,237.71387,8.12973,28.65,32.1,19.3,0.0,0.3,0.3,5.0,39.0,46.0,80.0,26.0,13.0,4.0,1.3
2018-07-29,0.0,14.870293,28.74,32.661423,6.1854167,2.4517822,14.25,31.060417,0.03525,26.372917,259.6952,7.45114,28.58,33.9,17.8,0.0,0.3,0.2,4.0,29.0,35.0,78.0,22.0,11.0,4.0,0.9
2018-07-30,0.0,8.633438,19.529999,26.486307,4.304167,2.776554,1.4583334,31.641668,0.036875,27.520834,259.45203,7.143308,28.14,34.9,19.0,0.0,0.5,0.3,15.0,58.0,81.0,58.0,38.0,19.0,4.0,2.6
2018-07-31,1.0,7.7598414,18.359999,27.609228,5.9083333,2.9471152,0.0,32.339584,0.037416667,29.254166,2.935579,7.083389,27.86,37.0,20.4,0.0,0.6,0.3,15.0,63.0,85.0,60.0,35.0,15.0,4.0,4.3
2018-08-01,0.0,7.6484904,18.089998,30.759752,8.008333,3.1881511,1.5416666,34.216667,0.035708334,30.80208,117.504166,7.5234914,27.7,38.4,21.65,0.0,1.0,0.5,23.0,77.0,112.0,77.0,44.0,21.0,5.0,4.8
2018-08-02,0.0,8.465392,18.405,24.57837,7.0125003,3.694847,5.75,35.587498,0.035,31.906248,6.8849173,7.772941,22.72,39.6,23.6,0.0,0.8,0.4,22.0,79.0,113.0,70.0,50.0,22.0,5.0,4.9
2018-08-03,1.0,11.44312,24.135,26.981585,9.01875,3.7553809,39.291668,35.954166,0.03475,31.154167,26.365353,8.787793,27.62,38.8,22.35,0.0,0.5,0.3,7.0,50.0,61.0,82.0,64.0,30.0,5.0,3.7
2018-08-04,0.0,12.722457,26.474998,24.989609,6.8645835,3.6966188,7.125,35.808334,0.034333333,30.447916,32.005314,7.765538,26.38,37.4,22.4,0.0,0.2,0.2,2.0,30.0,33.0,89.0,50.0,21.0,4.0,1.3
2018-08-05,1.0,9.95942,22.365,27.354591,8.29375,3.4052393,7.9166665,35.556248,0.036916666,30.452085,25.529638,6.760472,24.6,37.1,21.85,0.0,0.3,0.2,7.0,34.0,44.0,103.0,44.0,20.0,4.0,1.3
2018-08-06,0.0,6.9909644,17.925,27.058428,8.14375,3.4442422,23.166666,35.04375,0.036875,29.910421,231.0641,8.385798,26.74,36.25,22.35,0.0,0.4,0.3,6.0,53.0,63.0,80.0,68.0,29.0,4.0,2.1
2018-08-07,0.0,12.802068,25.289999,26.604927,6.272917,3.255707,7.5416665,33.78125,0.038375,27.093752,238.20306,7.703775,27.23,34.85,19.1,0.0,0.4,0.3,9.0,51.0,64.0,73.0,79.0,26.0,4.0,2.1
2018-08-08,0.0,10.951289,23.385,29.513609,6.495833,2.7587912,0.125,32.441666,0.035875,25.387503,277.93466,7.2635245,26.67,31.15,18.9,0.0,0.4,0.3,6.0,47.0,56.0,67.0,43.0,17.0,5.0,2.0
2018-08-09,0.0,12.349148,25.784998,32.900455,6.758333,2.2689016,3.0833333,31.789583,0.036333334,23.797918,37.95527,6.2831464,22.32,30.4,17.0,0.3,0.3,0.2,6.0,35.0,44.0,78.0,26.0,12.0,4.0,2.0
2018-08-10,0.0,13.628361,28.56,44.08731,10.766666,1.8174132,17.041666,29.733332,0.037958335,27.05208,106.36791,5.7833896,23.16,32.75,20.75,0.0,0.3,0.2,4.0,31.0,38.0,75.0,32.0,15.0,4.0,1.8
2018-08-11,0.0,8.627386,19.08,46.029816,13.204166,2.1422963,26.416666,32.345833,0.038458332,28.48333,214.1976,6.629331,22.25,34.35,22.15,0.0,0.3,0.2,8.0,35.0,47.0,71.0,46.0,24.0,4.0,1.2
2018-08-12,0.0,10.027592,22.095,39.274174,11.914584,2.5588791,39.333332,32.4375,0.037666667,26.970833,303.43405,6.887236,25.94,33.1,19.55,0.0,0.3,0.3,5.0,33.0,41.0,74.0,46.0,24.0,4.0,1.1
2018-08-13,0.0,9.788476,20.835,34.76263,8.891666,2.4726121,9.041667,31.8125,0.039333332,25.866667,36.341362,6.8624015,26.24,32.35,18.5,0.0,0.3,0.3,8.0,40.0,51.0,63.0,33.0,19.0,4.0,1.6
2018-08-14,1.0,14.260769,28.589998,41.438393,10.454166,2.175121,0.33333334,31.422918,0.035041668,25.979162,36.62868,6.553278,23.28,33.05,17.85,0.0,0.3,0.2,4.0,31.0,37.0,74.0,26.0,14.0,4.0,2.9
2018-08-15,0.0,11.1980295,23.625,39.185284,10.014584,2.3033504,14.041667,31.331251,0.035791665,26.38333,114.325584,5.2168016,21.07,30.05,21.4,0.1,0.3,0.2,6.0,31.0,41.0,73.0,30.0,17.0,4.0,1.8
2018-08-16,1.0,7.790813,18.6,46.60297,13.145833,1.925078,74.916664,31.764582,0.037,24.827085,39.446995,5.966982,22.67,30.6,18.75,0.0,0.3,0.3,5.0,35.0,43.0,71.0,41.0,21.0,4.0,3.0
2018-08-17,1.0,13.232976,26.669998,47.743298,11.895833,1.7587943,21.541666,29.677084,0.043416668,23.420837,39.9562,6.284409,23.49,30.35,16.4,0.1,0.2,0.2,3.0,32.0,37.0,83.0,28.0,17.0,4.0,1.6
2018-08-18,0.0,13.573837,27.705,44.417313,10.16875,1.7723502,12.958333,29.316666,0.037625,24.918749,47.822212,5.9400644,22.95,30.5,18.45,0.1,0.2,0.2,2.0,18.0,21.0,72.0,20.0,12.0,4.0,0.8
2018-08-19,0.0,9.747235,20.91,37.564167,9.34375,2.0562866,15.25,30.512499,0.03770833,25.974998,57.85072,6.3967896,25.11,32.45,18.7,0.0,0.3,0.2,7.0,31.0,42.0,78.0,32.0,20.0,4.0,1.1
2018-08-20,0.0,8.264245,18.975,35.069637,8.260417,2.4024127,7.875,31.981249,0.035166666,26.495829,28.16243,6.0164614,22.74,33.4,19.25,0.0,0.3,0.2,4.0,41.0,47.0,77.0,31.0,16.0,4.0,1.5
2018-08-21,,8.0157,18.749998,34.47904,8.820833,2.4052365,22.625,31.410416,0.035666667,26.804163,355.97583,5.744339,22.92,32.65,19.95,0.0,0.5,0.3,7.0,52.0,63.0,76.0,32.0,18.0,5.0,2.5
2018-08-22,,6.78519,17.355,32.29904,8.25,2.5230296,18.416666,31.872917,0.034125,26.21667,342.24698,5.4439807,22.15,32.3,18.65,0.0,0.4,0.3,6.0,49.0,58.0,80.0,36.0,20.0,4.0,2.4
2018-08-23,,6.4403057,16.335001,37.900654,9.616667,2.31657,22.375,30.65,0.037875,26.045835,350.04944,6.5136204,23.9,33.5,18.4,0.0,0.5,0.3,12.0,62.0,81.0,72.0,44.0,24.0,5.0,3.5
2018-08-24,,10.2304325,21.179998,34.93393,7.1541667,2.4171166,24.125,30.829168,0.035749998,24.922918,359.61545,6.688858,24.8,32.7,16.9,0.0,0.4,0.3,5.0,43.0,51.0,80.0,37.0,25.0,4.0,2.1
2018-08-25,,11.314541,23.685,37.3139,7.1229167,2.262808,22.916666,30.270834,0.03595833,24.639582,14.562787,6.6503024,24.59,32.75,16.15,0.0,0.3,0.3,2.0,27.0,30.0,80.0,27.0,18.0,4.0,1.9
2018-08-26,,10.185,22.26,36.073944,6.9625,2.256377,35.583332,29.737501,0.037458334,26.897917,352.5687,6.2071056,23.39,35.35,17.65,0.0,0.3,0.3,4.0,32.0,37.0,75.0,30.0,17.0,4.0,0.9
2018-08-27,0.0,8.318319,18.795,28.46466,5.460417,2.8511982,20.333334,30.547918,0.036374997,27.5375,198.74695,6.9897256,22.64,34.05,21.15,0.0,0.6,0.4,19.0,72.0,102.0,62.0,42.0,21.0,5.0,3.7
2018-08-28,,12.256412,24.81,34.45724,8.964583,2.5894012,10.5,31.283333,0.035458334,26.441668,260.69397,6.0480323,24.01,31.85,19.2,0.0,0.6,0.4,15.0,62.0,85.0,57.0,59.0,30.0,5.0,3.4
2018-08-29,,7.4248714,17.22,29.34182,6.2999997,2.5616539,8.083333,31.443748,0.034166668,25.689583,52.987064,5.657655,21.48,31.8,18.9,0.0,0.6,0.3,17.0,62.0,87.0,69.0,53.0,25.0,5.0,4.6
2018-08-30,,10.096714,21.555,44.41293,11.645833,2.041017,21.958334,30.981249,0.03525,26.758331,40.372868,5.8217497,22.42,33.75,19.45,0.0,0.5,0.3,10.0,48.0,63.0,71.0,55.0,31.0,4.0,2.0
2018-08-31,,10.3791895,21.644999,38.7513,10.037499,2.3939836,35.791668,32.010418,0.037041668,26.879168,42.606915,6.285073,22.06,33.45,19.25,0.0,0.4,0.3,6.0,43.0,52.0,73.0,46.0,31.0,4.0,2.3
2018-09-01,,10.076423,21.96,38.492306,10.8125,2.3690379,6.75,31.733332,0.038416665,27.514585,33.935154,5.557085,20.58,34.25,20.6,0.0,0.5,0.3,12.0,44.0,63.0,73.0,47.0,31.0,4.0,2.2
2018-09-02,,7.902153,18.824999,35.51057,10.150001,2.552297,33.458332,31.939583,0.039208334,26.408335,273.92578,5.6874647,19.58,31.45,20.35,0.0,0.4,0.3,4.0,37.0,44.0,70.0,62.0,35.0,4.0,1.7
2018-09-03,2.0,9.885985,21.315,37.772213,10.26875,2.1884444,51.208332,30.654167,0.036291666,24.372915,221.5924,5.008197,20.53,29.15,18.65,0.0,0.4,0.3,12.0,52.0,71.0,68.0,70.0,40.0,4.0,2.1
2018-09-04,1.0,8.2291765,18.045,47.6342,11.78125,1.7057978,19.833334,29.304167,0.03483333,22.5375,235.84259,5.1210556,20.19,26.7,17.0,0.0,0.5,0.4,13.0,55.0,74.0,64.0,77.0,40.0,4.0,2.8
2018-09-05,2.0,11.784467,23.789999,50.01466,10.908333,1.428094,17.166666,27.097916,0.041208334,21.81875,340.03558,4.211766,16.76,26.7,17.0,0.3,0.5,0.3,14.0,49.0,71.0,61.0,62.0,34.0,4.0,3.3
2018-09-06,0.0,8.657619,18.449999,49.56404,10.087501,1.4102653,37.041668,26.900002,0.035083335,22.183334,47.071342,4.937958,19.14,27.6,15.95,0.0,0.6,0.3,11.0,50.0,67.0,68.0,,,4.0,3.1
2018-09-07,1.0,12.216958,25.26,48.76419,10.33125,1.5199571,33.375,27.19375,0.035166666,20.210417,71.298904,2.9678147,12.18,24.25,17.45,8.0,0.4,0.3,8.0,42.0,54.0,73.0,21.0,10.0,4.0,1.9
2018-09-08,1.0,9.177089,23.294998,72.319496,14.368751,0.67725235,79.041664,25.104166,0.066875,20.639584,26.03779,3.7792637,19.09,26.9,15.5,0.7,0.3,0.3,8.0,45.0,57.0,52.0,19.0,11.0,4.0,1.9
2018-09-09,1.0,5.6375155,14.505,67.95603,13.791667,0.9369157,55.916668,24.814583,0.105,22.039581,48.89928,4.6736274,19.39,27.55,16.6,0.0,0.5,0.3,11.0,49.0,66.0,52.0,18.0,9.0,4.0,2.1
2018-09-10,1.0,10.950461,21.974998,54.69601,11.729167,1.3407046,34.166668,24.883333,0.06508333,22.356249,85.98119,4.866622,21.23,28.65,16.0,0.0,0.4,0.3,7.0,43.0,54.0,61.0,16.0,8.0,4.0,1.9
2018-09-11,0.0,8.711434,17.955,54.55164,11.508334,1.41751,19.125,26.422918,0.045666665,22.32292,60.97515,3.843123,18.35,28.85,16.05,3.6000001,0.4,0.3,9.0,47.0,60.0,58.0,18.0,9.0,4.0,3.2
2018-09-12,1.0,5.706286,15.524999,60.396183,12.993751,1.3090796,43.0,27.635416,0.055124998,24.933334,26.987843,4.7167807,21.14,31.75,17.05,0.0,0.5,0.4,15.0,69.0,92.0,61.0,26.0,10.0,4.0,3.0
2018-09-13,0.0,6.2549624,15.405,42.47283,10.0,2.0638216,4.7083335,29.487501,0.034166668,24.739586,28.157473,4.8226852,17.76,30.7,17.9,0.0,0.8,0.4,20.0,82.0,113.0,59.0,30.0,14.0,4.0,4.3
2018-09-14,1.0,8.75678,19.605,44.053997,10.8625,1.9048519,51.166668,29.039583,0.035291668,24.264582,79.07724,4.3051295,18.33,28.9,18.65,0.0,0.5,0.4,12.0,67.0,86.0,65.0,25.0,12.0,4.0,3.0
2018-09-15,1.0,7.478367,17.144999,51.078815,12.685417,1.5848808,25.375,28.977083,0.036791667,23.641668,137.1961,4.0176377,18.85,29.55,17.0,0.0,0.3,0.3,5.0,40.0,47.0,64.0,26.0,10.0,4.0,2.0
2018-09-16,0.0,4.2555804,12.2699995,53.78302,12.48125,1.5519809,29.791666,28.310417,0.03929167,23.831251,117.94292,4.573474,18.91,29.85,19.15,1.4000001,0.3,0.3,9.0,43.0,57.0,66.0,24.0,8.0,4.0,1.1
2018-09-17,0.0,8.461413,19.44,52.81483,12.8,1.4722463,50.375,28.53125,0.039208334,22.693748,44.363487,3.800736,18.69,28.8,17.2,0.8,0.5,0.3,15.0,56.0,80.0,51.0,27.0,10.0,4.0,2.7
2018-09-18,0.0,4.63598,14.024999,59.743053,14.0625,1.2531619,30.541666,28.427084,0.039416667,23.966665,60.19921,3.7619088,18.49,30.2,16.85,0.0,0.5,0.4,16.0,62.0,86.0,49.0,26.0,11.0,4.0,3.0
2018-09-19,0.0,4.3008447,11.97,51.122334,12.047916,1.6749636,29.208334,28.377083,0.037208334,25.058334,195.2552,4.599375,18.16,31.25,18.2,0.0,0.6,0.4,23.0,72.0,108.0,49.0,30.0,13.0,4.0,
2018-09-20,0.0,6.488268,15.165,41.689205,10.266666,2.0035462,25.458334,28.960417,0.0335,24.964586,333.9289,4.9427214,19.05,31.8,17.6,0.0,0.8,0.4,19.0,80.0,109.0,47.0,30.0,13.0,5.0,
2018-09-21,0.0,8.2130785,17.414999,42.60737,10.064584,2.042958,50.708332,29.010416,0.034624998,25.108335,7.818481,5.061864,19.63,32.35,17.65,0.0,0.7,0.4,19.0,77.0,106.0,53.0,32.0,14.0,5.0,6.8
2018-09-22,0.0,8.773641,18.57,41.252728,9.816667,2.1009667,43.833332,28.858332,0.039541665,25.625002,23.992435,4.96531,19.62,33.05,17.8,0.0,0.6,0.3,14.0,63.0,84.0,65.0,35.0,14.0,5.0,4.1
2018-09-23,0.0,7.8416305,17.1,35.326633,8.014583,2.3549643,3.5,29.204165,0.038041666,24.997915,36.93115,5.8490515,19.48,31.95,18.35,0.0,0.5,0.3,5.0,50.0,58.0,74.0,28.0,10.0,4.0,3.0
2018-09-24,4.0,14.920025,28.409998,44.744736,10.7375,1.9237031,0.41666666,28.518751,0.037291665,22.810417,38.19979,5.606114,18.81,30.25,15.1,0.0,0.4,0.3,11.0,45.0,62.0,48.0,16.0,7.0,4.0,2.8
2018-09-25,4.0,10.898681,23.565,35.41399,6.0750003,1.8441076,5.2083335,27.28125,0.039208334,22.177084,107.65448,3.2753694,10.98,27.1,18.25,0.5,0.7,0.4,23.0,59.0,95.0,51.0,28.0,8.0,5.0,3.5
2018-09-26,4.0,11.351289,23.355001,60.51639,13.65625,1.1283711,58.125,25.716667,0.039583333,21.389582,94.04952,3.6775103,18.52,26.9,15.5,0.0,0.3,0.3,9.0,39.0,53.0,56.0,25.0,11.0,4.0,2.0
2018-09-27,1.0,4.8806844,12.704999,57.077316,11.881249,1.2196946,10.291667,26.220833,0.037166666,22.014582,66.685776,4.180332,18.99,29.05,14.35,0.0,0.7,0.4,25.0,65.0,104.0,55.0,30.0,9.0,4.0,3.1
2018-09-28,3.0,6.074163,14.355,46.035583,8.408334,1.626142,7.4166665,25.714584,0.035791665,21.520834,55.776295,4.2624617,18.67,28.15,14.4,0.0,0.8,0.4,31.0,78.0,126.0,44.0,33.0,12.0,5.0,4.2
2018-09-29,5.0,7.181669,15.884999,43.94586,7.8770833,1.5986811,4.625,25.104166,0.0415,21.808334,2.9009774,4.0917945,16.99,29.15,13.85,0.0,0.6,0.4,13.0,65.0,86.0,56.0,31.0,12.0,5.0,4.2
2018-09-30,2.0,7.5365887,16.574999,39.283142,6.1708336,1.7745214,19.708334,24.883333,0.042250004,19.516666,33.062683,5.945498,19.01,25.6,13.95,0.0,0.6,0.3,11.0,56.0,73.0,55.0,27.0,11.0,5.0,3.0
2018-10-01,4.0,17.180603,31.755,31.005495,0.6145833,1.6126385,13.291667,23.052084,0.039,17.260414,45.77623,4.8475523,18.74,25.85,9.55,0.0,0.4,0.3,8.0,45.0,57.0,62.0,13.0,5.0,4.0,2.3
2018-10-02,1.0,11.740653,23.729998,30.450026,-2.7791665,1.5875683,0.7916667,21.137499,0.032,19.464582,47.935787,4.685124,18.29,26.6,12.6,0.0,0.8,0.4,26.0,57.0,98.0,43.0,21.0,5.0,5.0,4.3
2018-10-03,1.0,8.777093,18.525,28.681105,0.2541667,1.7259122,0.0,22.139582,0.039416667,20.05,27.181055,4.238307,18.13,27.4,12.7,0.0,0.9,0.4,43.0,68.0,134.0,39.0,29.0,7.0,5.0,5.8
2018-10-04,1.0,7.375523,16.065,38.53791,4.2999997,1.6331137,0.0,23.00625,0.035166666,19.589584,109.983185,3.7616274,17.72,27.0,12.05,0.0,0.8,0.4,43.0,77.0,143.0,34.0,27.0,6.0,5.0,4.8
2018-10-05,13.0,7.160568,15.06,49.36725,7.195833,1.32048,0.0,22.297918,0.0425,20.154165,245.82092,4.9070044,17.52,27.7,11.35,0.0,1.1,0.5,41.0,88.0,151.0,35.0,36.0,11.0,5.0,6.3
2018-10-06,2.0,11.179459,21.99,38.016212,4.3083334,1.6409802,16.291666,22.095833,0.0385,15.508334,23.63952,4.4160147,17.79,19.4,11.4,0.0,1.0,0.5,40.0,81.0,142.0,39.0,40.0,16.0,5.0,6.3
2018-10-07,1.0,16.591925,30.974998,42.895977,2.0291667,1.0079204,8.541667,19.497917,0.03904167,13.960416,51.855495,2.7706318,12.0,18.9,7.75,0.0,0.3,0.2,3.0,23.0,28.0,65.0,11.0,3.0,4.0,0.8
2018-10-08,2.0,8.086146,17.414999,51.47278,3.5562499,0.85875636,38.166668,17.0375,0.04041667,13.972917,66.35963,3.083348,14.94,19.8,8.7,4.0,0.6,0.3,19.0,49.0,79.0,39.0,16.0,5.0,5.0,2.4
2018-10-09,3.0,10.966649,22.049997,62.15678,5.975,0.6741796,40.583332,17.689583,0.050208334,14.4020815,110.12877,1.6928246,9.82,18.85,11.25,15.700003,0.5,0.3,11.0,46.0,64.0,46.0,13.0,4.0,4.0,1.9
2018-10-10,1.0,8.11486,19.155,81.99001,11.472917,0.33326885,74.541664,17.522917,0.22254167,16.410416,203.04784,1.5305324,7.77,20.9,13.4,3.7,0.6,0.3,25.0,56.0,95.0,40.0,16.0,8.0,4.0,2.6
2018-10-11,0.0,11.700035,22.604998,84.097176,13.693749,0.32221225,77.5,17.3125,0.19654167,17.354166,216.77231,1.6122175,8.92,21.3,13.95,2.1000004,0.5,0.4,29.0,56.0,99.0,22.0,23.0,12.0,4.0,2.6
2018-10-12,0.0,7.5579734,15.179999,85.064316,14.608334,0.32630822,88.375,18.439583,0.20916666,18.079166,83.56539,2.8159776,15.46,24.45,12.9,0.0,0.4,0.3,17.0,41.0,67.0,29.0,14.0,8.0,4.0,1.7
2018-10-13,6.0,6.508499,13.065,75.91167,13.39375,0.62073463,54.833332,19.152082,0.18758333,14.962501,239.46664,2.0837393,8.62,17.55,11.9,3.5999997,0.9,0.5,53.0,68.0,149.0,25.0,23.0,13.0,5.0,5.6
2018-10-14,5.0,16.478416,31.919998,69.35512,8.85625,0.5066464,67.541664,16.4625,0.20383334,11.358334,246.61934,1.5358411,7.84,15.45,8.55,5.6,0.3,0.2,6.0,29.0,38.0,52.0,12.0,7.0,4.0,0.9
2018-10-15,1.0,10.302964,22.26,78.435265,7.629167,0.29726186,74.458336,13.818749,0.22074999,13.952084,28.572666,2.3049347,13.83,20.25,9.15,0.0,0.5,0.3,19.0,46.0,75.0,38.0,12.0,5.0,4.0,1.5
2018-10-16,0.0,7.795567,15.75,75.67601,9.275001,0.4657558,27.416666,15.308333,0.240875,14.106251,343.3611,2.5146701,15.27,20.6,8.85,0.0,1.0,0.5,46.0,62.0,133.0,28.0,21.0,10.0,5.0,4.9
2018-10-17,3.0,6.2172494,13.079999,72.60672,9.079166,0.51765954,13.625,15.629167,0.207375,14.964583,44.027115,2.0089648,8.73,20.25,11.95,6.7000003,,0.4,25.0,65.0,104.0,31.0,18.0,8.0,5.0,
2018-10-18,46.0,13.169671,24.539999,73.95455,10.085417,0.48292282,98.875,15.895833,0.20554167,14.974999,45.26125,1.3141599,6.01,17.3,13.0,15.300001,0.7,0.4,18.0,64.0,92.0,29.0,19.0,10.0,5.0,4.3
2018-10-19,0.0,15.897567,30.224998,85.22022,12.460416,0.2572752,99.833336,15.597917,0.3525417,15.3625,54.7089,1.8693386,10.48,20.85,12.15,2.9,0.4,0.3,16.0,50.0,75.0,37.0,11.0,6.0,5.0,2.2
2018-10-20,4.0,11.685754,24.644999,81.441696,12.0125,0.3611479,59.083332,16.31875,0.31420833,15.993751,45.187878,1.9479586,10.96,21.05,12.85,1.0,0.4,0.3,7.0,43.0,54.0,43.0,12.0,6.0,5.0,1.5
2018-10-21,46.0,10.116909,20.999998,79.656364,12.34375,0.4072907,61.083332,16.829166,0.279875,15.660417,37.21761,2.8215158,14.53,22.35,11.2,0.0,0.5,0.3,19.0,43.0,73.0,41.0,21.0,10.0,5.0,2.5
2018-10-22,37.0,9.043004,17.475,66.91065,8.739583,0.6694334,3.3333333,16.495832,0.24891667,14.60625,35.562653,2.6902633,13.44,20.8,9.5,0.0,1.1,0.5,56.0,66.0,152.0,30.0,29.0,12.0,6.0,6.1
2018-10-23,80.0,8.142756,16.335,62.638306,7.402083,0.6568063,31.583334,15.53125,0.20975,14.864585,10.282513,2.4315078,14.57,22.5,8.9,0.0,1.1,0.5,55.0,70.0,155.0,45.0,31.0,13.0,5.0,5.4
2018-10-24,17.0,5.371144,11.565,65.59888,7.754167,0.7014751,0.0,15.404167,0.18958335,14.170834,337.5332,2.3968518,14.26,22.1,7.5,0.0,1.7,0.7,82.0,92.0,217.0,24.0,44.0,18.0,6.0,10.6
2018-10-25,6.0,4.838776,10.155,66.80425,7.3958335,0.6579383,9.0,14.914584,0.16562499,12.608333,331.15744,0.92012185,4.83,16.5,8.95,0.3,1.5,0.6,68.0,92.0,196.0,22.0,40.0,17.0,6.0,7.8
2018-10-26,3.0,4.3389935,8.61,77.17353,8.704166,0.35400876,98.166664,13.245833,0.15929167,9.691667,347.9759,1.0221139,4.7,12.95,5.05,6.099999,1.4,0.6,65.0,95.0,195.0,13.0,36.0,19.0,6.0,8.9
2018-10-27,2.0,12.632366,24.659998,77.713974,5.241667,0.25209066,83.416664,12.0625,0.26479167,5.527083,351.46927,1.6951,11.93,9.7,2.45,0.70000005,0.6,0.3,11.0,46.0,62.0,32.0,14.0,9.0,6.0,2.1
2018-10-28,0.0,9.767269,19.949999,63.18812,-1.5124999,0.3581518,71.458336,8.277083,0.28391668,6.2229176,290.3804,2.3427887,11.48,10.45,3.35,0.0,0.4,0.3,5.0,32.0,39.0,56.0,6.0,4.0,8.0,0.9
2018-10-29,1.0,18.257427,33.465,54.7617,-2.58125,0.45739183,52.0,7.3770833,0.25695834,7.0479164,182.46036,0.6186497,1.97,9.3,3.95,10.7,0.6,0.3,20.0,52.0,82.0,40.0,10.0,4.0,5.0,3.1
2018-10-30,0.0,13.774024,25.784998,87.06216,5.3104167,0.12987702,98.041664,7.852083,0.2845,7.987499,257.4493,0.8988173,5.05,11.3,6.15,10.6,0.4,0.3,16.0,45.0,69.0,36.0,9.0,5.0,5.0,1.1
2018-10-31,0.0,12.860092,24.375,84.27644,5.2791667,0.18270458,85.25,9.04375,0.36862502,8.76875,245.69547,1.5766013,10.59,13.8,3.2,0.1,0.7,0.4,35.0,57.0,112.0,25.0,12.0,7.0,5.0,2.2
2018-11-01,0.0,5.864822,11.985,74.911415,4.414583,0.32421044,61.166668,9.554167,0.31966665,12.047915,292.6966,1.8616103,9.33,18.2,8.15,0.0,0.9,0.4,41.0,56.0,120.0,21.0,17.0,10.0,5.0,2.9
2018-11-02,1.0,10.744106,20.565,71.70735,6.9625,0.4351362,76.666664,11.735416,0.29091665,9.08125,98.24621,1.8357445,12.74,15.45,3.8,0.0,0.7,0.4,18.0,55.0,83.0,27.0,12.0,6.0,7.0,2.3
2018-11-03,0.0,5.2940025,11.34,72.905945,4.05625,0.36822066,48.375,10.620833,0.27054167,8.9125,240.71436,1.7477573,11.78,15.95,2.25,0.0,1.0,0.5,54.0,69.0,151.0,25.0,19.0,10.0,7.0,4.0
2018-11-04,0.0,8.038691,15.2699995,76.912636,5.0125003,0.30708072,56.083332,9.666667,0.24733333,9.000001,223.51826,1.2415429,9.07,10.65,6.65,16.1,1.0,0.4,35.0,56.0,110.0,25.0,22.0,14.0,6.0,3.0
2018-11-05,2.0,17.392286,32.655,83.93132,5.96875,0.18542641,75.125,10.564584,0.3584583,7.9895835,237.66937,1.1638335,6.0,11.05,5.25,0.0,0.6,0.3,24.0,54.0,91.0,34.0,11.0,7.0,5.0,1.7
2018-11-06,0.0,18.787825,33.675,80.67791,4.945833,0.22552614,86.333336,9.454166,0.3164583,10.302083,216.96327,1.2580028,6.43,14.05,8.45,1.1,0.6,0.4,24.0,49.0,85.0,40.0,12.0,5.0,5.0,1.8
2018-11-07,2.0,13.507686,25.154999,79.57067,6.695833,0.27013534,83.666664,10.447917,0.301,8.84375,185.85349,0.84473747,5.19,13.6,5.7,4.2999997,0.8,0.4,38.0,61.0,119.0,29.0,14.0,7.0,5.0,3.0
2018-11-08,1.0,11.2753105,21.765,89.253296,7.129167,0.13996734,91.583336,9.614583,0.30320832,8.381249,256.2164,1.7373346,10.98,12.95,4.9,0.0,0.9,0.4,40.0,65.0,126.0,17.0,18.0,10.0,5.0,3.1
2018-11-09,0.0,16.400534,29.549997,75.031334,3.98125,0.30606717,58.666668,9.797916,0.29004166,11.256249,219.79396,0.715018,2.51,12.95,9.1,0.8000001,0.4,0.3,9.0,38.0,52.0,51.0,9.0,4.0,5.0,1.7
2018-11-10,1.0,18.997015,34.545,87.47367,9.527083,0.17049317,99.875,11.052083,0.27695832,13.297917,199.04076,1.2862471,6.69,16.1,11.8,0.4,0.4,0.3,10.0,33.0,48.0,48.0,9.0,4.0,5.0,0.8
2018-11-11,1.0,13.341685,25.169998,82.113785,10.014584,0.2880388,72.583336,12.802083,0.2789167,10.78125,192.05397,0.6447013,3.86,13.0,8.85,1.4,0.4,0.3,7.0,31.0,42.0,48.0,12.0,7.0,5.0,0.7
2018-11-12,3.0,6.3876495,12.57,89.786964,9.010417,0.13666128,85.5,11.354167,0.28220835,11.839583,43.559986,1.6533552,11.1,18.25,7.2,0.0,0.8,0.4,33.0,64.0,114.0,25.0,14.0,7.0,6.0,3.1
2018-11-13,20.0,8.225442,14.94,81.09293,8.539583,0.311573,29.833334,11.852084,0.27570835,11.241668,40.37335,1.0549057,6.63,16.05,7.05,0.2,1.0,0.5,43.0,64.0,129.0,16.0,26.0,11.0,8.0,4.6
2018-11-14,51.0,8.373176,15.69,85.457924,8.760417,0.22819082,57.375,11.650001,0.26333332,11.71875,42.12909,1.0831641,7.02,16.15,8.75,1.3000001,0.9,0.4,33.0,64.0,114.0,17.0,30.0,14.0,7.0,3.6
2018-11-15,6.0,7.437893,15.285,85.77532,9.287499,0.21858215,49.041668,12.45625,0.259125,11.402083,53.154488,0.9958817,6.49,15.8,8.9,3.5,0.9,0.4,33.0,61.0,112.0,28.0,24.0,12.0,6.0,3.9
2018-11-16,2.0,8.067604,16.769999,88.53018,9.422916,0.17050816,53.166668,12.410417,0.273375,11.572917,58.74572,0.9790448,5.63,16.2,9.1,0.1,0.8,0.4,35.0,58.0,111.0,24.0,24.0,13.0,7.0,3.4
2018-11-17,1.0,7.0855293,13.665,83.18218,8.591666,0.26009265,70.041664,12.308333,0.2715,10.154167,90.494774,0.7739413,3.6,13.25,8.45,4.3,0.6,0.3,12.0,49.0,67.0,38.0,17.0,9.0,7.0,1.8
2018-11-18,2.0,11.00471,19.994999,84.72018,7.664583,0.20220347,97.625,10.854167,0.27716666,10.295834,27.74624,0.78499246,4.08,13.7,8.35,3.4999998,0.6,0.3,8.0,47.0,59.0,40.0,14.0,8.0,7.0,1.4
2018-11-19,2.0,9.362441,17.565,82.34675,7.2666664,0.2360167,92.416664,11.191667,0.31258333,9.304168,237.56123,0.9713214,6.12,11.55,7.6,2.2,0.8,0.4,22.0,52.0,86.0,40.0,12.0,6.0,7.0,2.1
2018-11-20,1.0,18.893883,34.245,85.77319,6.8604164,0.17105104,76.916664,10.658334,0.319,8.739583,227.8852,1.1156864,7.82,11.4,6.5,0.8000001,0.6,0.4,22.0,49.0,82.0,45.0,11.0,5.0,6.0,1.8
2018-11-21,1.0,15.162933,28.305,83.199455,5.7645836,0.19772446,63.5,9.922916,0.30741665,7.391667,185.14449,0.72267807,5.32,10.65,4.7,2.1,0.8,0.4,29.0,56.0,101.0,44.0,13.0,7.0,6.0,2.5
2018-11-22,1.0,5.4092536,11.655,88.88567,5.8291664,0.12265269,94.708336,8.693749,0.31045833,8.354168,234.83011,1.1667429,8.36,11.25,5.5,5.700001,0.7,0.4,21.0,56.0,87.0,33.0,15.0,8.0,6.0,2.1
2018-11-23,0.0,10.330636,20.07,82.53383,5.1062503,0.20318691,48.208332,9.397917,0.34904167,5.910416,216.9283,0.73336816,5.17,10.0,3.0,0.1,0.7,0.4,25.0,55.0,93.0,39.0,13.0,7.0,6.0,1.8
2018-11-24,0.0,7.190435,14.099999,84.116585,3.4791667,0.16599126,72.0,6.9666667,0.31904167,9.820833,231.30183,0.66672957,3.92,13.25,6.8,5.0,1.0,0.5,42.0,67.0,132.0,18.0,23.0,13.0,7.0,3.1
2018-11-25,0.0,15.729305,28.679998,89.153534,8.40625,0.13829784,97.958336,9.402083,0.34774998,8.606249,271.45868,1.3625804,6.33,11.45,5.4,3.0,0.5,0.3,11.0,41.0,59.0,42.0,9.0,5.0,6.0,1.0
2018-11-26,9.0,16.68528,31.574999,71.799,3.1895835,0.31431642,38.541668,8.868751,0.35558334,6.8145823,259.9798,1.2526319,9.65,12.95,3.05,0.0,0.7,0.4,22.0,53.0,86.0,48.0,12.0,5.0,7.0,2.5
2018-11-27,0.0,6.2657146,11.7,77.539925,2.8999999,0.2520868,84.583336,7.464583,0.32225,4.922917,36.107567,1.0449228,8.96,11.0,0.75,0.0,1.2,0.6,72.0,72.0,181.0,26.0,20.0,10.0,7.0,4.9
2018-11-28,0.0,3.6557672,8.25,88.950935,2.96875,0.11691155,72.625,6.066667,0.309125,4.958333,338.19855,1.1474081,9.06,12.05,-0.5,1.3,2.0,0.8,130.0,88.0,287.0,12.0,42.0,24.0,9.0,8.8
2018-11-29,0.0,5.119336,13.349999,80.724045,1.9708333,0.21411657,50.291668,5.8020835,0.30566666,7.2541656,310.525,1.0587494,7.78,11.4,3.9,5.8,1.5,0.6,74.0,76.0,190.0,11.0,36.0,22.0,10.0,6.0
2018-11-30,0.0,5.9650974,12.419999,77.28146,3.1499999,0.25140107,43.75,7.84375,0.35045835,5.7125,228.54152,1.058101,8.04,12.15,0.3,0.0,1.2,0.6,59.0,72.0,163.0,21.0,20.0,13.0,8.0,4.4
2018-12-01,0.0,6.5279164,12.584999,80.115395,2.45625,0.21396141,49.333332,6.0,0.32620832,6.5625,223.497,0.7279371,6.03,10.75,3.75,0.0,1.2,0.5,56.0,70.0,157.0,15.0,24.0,15.0,8.0,4.3
2018-12-02,0.0,4.926082,10.425,90.6563,5.022917,0.099370666,61.625,6.8562503,0.31187502,6.0604167,104.41011,0.7106768,5.87,10.1,4.05,0.0,1.1,0.5,44.0,62.0,129.0,11.0,29.0,20.0,7.0,2.7
2018-12-03,1.0,4.331691,9.045,92.09299,4.8083334,0.08364087,86.958336,7.0625,0.30370834,7.772917,25.13738,1.0800712,8.58,14.8,3.35,0.0,1.5,0.7,76.0,67.0,183.0,8.0,44.0,31.0,8.0,5.0
2018-12-04,0.0,5.474814,10.7699995,90.33929,6.2208333,0.13961786,57.125,7.5416665,0.29533333,7.6458325,353.14032,1.1712561,9.09,15.35,1.85,0.0,2.6,1.1,173.0,85.0,349.0,9.0,39.0,22.0,10.0,10.8
2018-12-05,7.0,6.0083694,10.559999,90.44495,6.0125003,0.13489388,31.75,7.745833,0.2885,7.6687503,45.25021,1.18638,9.06,14.75,2.65,0.0,2.0,0.8,124.0,86.0,276.0,10.0,43.0,27.0,11.0,9.1
2018-12-06,5.0,5.588424,10.41,85.75229,5.2520833,0.18754447,1.2916666,7.710417,0.28079167,6.2875,326.7682,1.1123766,9.31,13.4,0.15,0.0,1.5,0.6,67.0,69.0,172.0,14.0,34.0,23.0,10.0,6.5
2018-12-07,15.0,6.0810857,12.209999,85.93049,4.125,0.16425073,26.833334,6.975,0.27329168,8.450001,204.72281,0.99530244,7.63,12.3,5.1,0.0,1.1,0.5,56.0,60.0,146.0,14.0,23.0,15.0,8.0,4.1
2018-12-08,16.0,6.786508,12.3,81.55672,5.35,0.21562596,60.791668,7.995833,0.26716667,7.2291665,53.00798,1.1256229,8.82,14.65,1.95,0.0,1.1,0.5,50.0,65.0,141.0,19.0,23.0,15.0,8.0,3.9
2018-12-09,1.0,5.012468,9.525,83.078476,4.2395835,0.20772956,33.625,7.0145836,0.26141664,7.089583,21.965933,1.1337848,8.58,13.9,2.1,0.0,2.4,1.0,136.0,90.0,299.0,10.0,45.0,31.0,11.0,8.0
2018-12-10,5.0,5.7712216,10.889999,69.30158,1.4291667,0.36724463,63.958332,6.429167,0.25433332,5.795833,11.745703,0.99754417,7.54,12.5,0.9,0.0,3.2,1.3,221.0,120.0,458.0,7.0,48.0,27.0,15.0,15.0
2018-12-11,4.0,6.168959,10.544999,76.171745,1.6770834,0.25158247,89.791664,5.7604165,0.25020832,5.127084,249.26468,0.51886576,4.05,8.4,1.7,0.0,1.5,0.6,87.0,80.0,213.0,10.0,33.0,17.0,11.0,6.4
2018-12-12,3.0,7.8300476,14.79,92.04184,4.1541667,0.07520601,70.0,5.84375,0.24466668,7.5041676,253.14336,0.90665334,3.51,9.75,5.6,5.7,1.3,0.5,57.0,66.0,154.0,10.0,35.0,24.0,8.0,4.5
2018-12-13,5.0,18.056046,34.215,79.58484,3.8812501,0.21016173,78.458336,7.5625,0.27566668,6.1937504,292.2594,1.3181396,7.29,10.65,3.55,0.0,0.8,0.4,25.0,61.0,99.0,30.0,14.0,9.0,7.0,2.4
2018-12-14,5.0,14.134068,25.739998,71.07221,1.0895833,0.29178897,19.291666,6.2979164,0.28083333,6.1979165,226.57646,0.6918824,5.71,9.4,2.7,3.7,0.9,0.4,32.0,69.0,119.0,27.0,14.0,7.0,8.0,3.5
2018-12-15,0.0,9.165286,17.4,88.38401,4.7395835,0.11554829,79.208336,6.289583,0.28641668,8.704166,228.8938,0.58673894,3.21,11.45,6.25,2.3,0.9,0.4,38.0,64.0,122.0,18.0,20.0,10.0,7.0,2.4
2018-12-16,1.0,15.354549,28.049997,86.25146,6.3020835,0.15267487,64.708336,8.210417,0.29079166,4.8666663,313.42752,1.0323439,8.59,9.6,0.6,0.0,0.4,0.3,11.0,40.0,57.0,40.0,12.0,7.0,7.0,1.0
2018-12-17,2.0,6.8581944,13.334999,77.721466,0.73333335,0.21246953,45.458332,5.7062497,0.29375002,3.4562502,144.29317,0.8289523,7.01,8.95,-1.05,0.1,0.1,0.6,76.0,81.0,197.0,25.0,23.0,10.0,9.0,0.1
2018-12-18,0.0,6.112327,12.014999,85.000786,1.5875,0.13553487,94.5,4.233333,0.28208333,6.9500012,238.1033,0.8087049,6.93,9.45,5.15,1.1,0.9,0.5,62.0,72.0,166.0,12.0,27.0,14.0,9.0,2.7
2018-12-19,0.0,11.692811,21.794998,88.621956,4.9395833,0.12158715,72.916664,6.9479165,0.27895835,6.966667,241.16022,0.68845433,4.96,10.8,5.0,0.0,1.0,0.5,42.0,63.0,127.0,16.0,21.0,11.0,7.0,3.6
2018-12-20,1.0,7.5151143,14.415,89.900536,5.3104167,0.113285385,66.666664,7.3291664,0.270875,7.0020823,226.17305,0.44443834,2.83,9.25,4.85,0.0,0.9,0.4,35.0,58.0,112.0,18.0,19.0,11.0,7.0,3.0
2018-12-21,1.0,5.9798627,11.79,93.6764,6.0958333,0.069468066,94.5,7.7479167,0.26491666,6.422917,108.17222,0.42224854,3.04,8.7,5.1,0.0,0.9,0.4,33.0,62.0,112.0,15.0,20.0,13.0,7.0,2.7
2018-12-22,1.0,3.4651477,7.6649995,95.62738,5.5625,0.046018567,97.0,7.6416664,0.25825,6.272917,40.118744,0.775535,6.77,10.05,3.3,0.0,0.8,0.4,21.0,57.0,89.0,11.0,27.0,20.0,7.0,1.9
2018-12-23,0.0,4.864736,10.08,91.80184,4.9375,0.08793994,96.791664,7.379167,0.251875,4.9,23.111794,0.97696424,8.45,11.9,0.2,0.0,1.0,0.5,55.0,47.0,131.0,13.0,22.0,16.0,8.0,2.5
2018-12-24,1.0,5.506003,10.095,86.3059,2.7958333,0.14359862,99.416664,5.352083,0.24858333,6.1499996,27.184032,1.0089049,7.41,12.2,2.85,0.0,1.9,0.9,124.0,69.0,259.0,6.0,,,10.0,5.4
2018-12-25,32.0,6.8177304,12.105,76.10145,2.075,0.24922039,97.75,5.366667,0.24283333,5.170834,21.476837,0.9355576,7.92,11.2,0.9,0.0,1.0,0.6,37.0,62.0,119.0,7.0,,,9.0,2.5
2018-12-26,58.0,4.646318,8.91,83.84986,2.3854167,0.16751051,79.416664,5.2875,0.23770833,3.1125002,27.4444,0.81772375,7.67,8.7,-1.2,0.0,1.5,0.7,96.0,79.0,227.0,10.0,,,10.0,5.1
2018-12-27,7.0,5.1887736,9.105,89.89204,1.4124999,0.08966759,23.5,3.4395835,0.23320834,4.352083,34.938156,1.1364728,8.71,12.4,-1.05,0.0,1.7,0.7,117.0,74.0,254.0,6.0,40.0,25.0,10.0,6.8
2018-12-28,13.0,8.408275,15.21,78.6598,1.0229167,0.22108115,8.958333,3.8583333,0.22758333,6.1145835,37.439754,1.1585815,8.49,12.0,2.25,0.0,1.5,0.7,86.0,73.0,204.0,11.0,34.0,20.0,11.0,5.6
2018-12-29,4.0,10.105741,18.33,78.12479,2.3333333,0.238317,12.208333,5.0437503,0.22070833,5.7312503,32.54524,1.5118208,9.33,13.75,0.35,0.0,0.8,0.5,27.0,53.0,95.0,24.0,17.0,9.0,13.0,2.8
2018-12-30,2.0,9.591088,17.115,62.501038,-1.1833333,0.37818417,0.0,4.78125,0.21125,5.077083,30.256361,1.2772269,9.35,12.8,-0.65,0.0,1.0,0.5,51.0,63.0,141.0,27.0,19.0,10.0,12.0,2.8
2018-12-31,32.0,5.796835,10.679999,62.094925,-1.99375,0.3826504,0.0,3.8458335,0.20375,3.091667,9.262725,1.1132938,9.37,10.6,-1.9,0.0,1.2,0.6,66.0,78.0,179.0,14.0,22.0,12.0,13.0,3.4
2019-01-01,38.0,5.927613,10.275,70.24848,-2.3458333,0.2606164,0.0,2.3645833,0.19825,2.4708333,25.055132,1.0688872,9.5,10.65,-3.5,0.0,1.2,0.6,48.0,72.0,145.0,14.0,32.0,19.0,12.0,2.4
2019-01-02,54.0,5.245154,10.29,69.83492,-2.7562501,0.28078717,0.8333333,2.425,0.19320834,3.5729163,28.710608,1.2741252,9.18,10.45,-1.7,0.0,1.9,0.7,110.0,90.0,258.0,9.0,37.0,21.0,14.0,6.0
2019-01-03,12.0,7.281839,13.799999,65.17594,-2.6666667,0.3042998,36.958332,3.2375,0.18908334,2.8541667,15.255191,1.0854391,9.6,10.55,-1.9,0.0,1.1,0.3,57.0,71.0,158.0,23.0,23.0,11.0,12.0,4.1
2019-01-04,14.0,5.24606,9.69,74.29816,-1.6625,0.23098485,7.2916665,2.8020833,0.18320833,1.9645834,6.945911,1.1448743,9.65,10.6,-3.2,0.0,1.7,0.5,101.0,89.0,245.0,11.0,40.0,20.0,13.0,6.5
2019-01-05,27.0,5.2796206,9.974999,66.48215,-4.2229166,0.2780809,0.0,1.65625,0.17799999,2.2437499,356.63358,1.3019705,9.9,12.75,-3.9,0.0,2.0,0.6,117.0,94.0,273.0,8.0,43.0,25.0,13.0,6.1
2019-01-06,89.0,5.799292,10.889999,60.07216,-5.3250003,0.36088312,0.041666668,1.44375,0.17679167,3.6833334,11.730007,1.5226347,9.73,12.45,-1.95,0.0,2.5,0.8,137.0,102.0,312.0,9.0,43.0,27.0,18.0,7.2
2019-01-07,84.0,6.665253,12.45,49.389114,-6.5145836,0.45534918,0.6666667,2.1479166,0.17175,3.2604167,11.548515,1.2120593,9.59,11.1,-0.9,0.0,1.5,0.5,79.0,92.0,213.0,11.0,31.0,15.0,16.0,5.0
2019-01-08,45.0,5.950292,11.655,65.359276,-3.0375001,0.31007025,12.041667,2.60625,0.16183333,4.5020833,26.943598,1.2696859,8.73,12.2,-0.15,0.0,1.7,0.5,101.0,87.0,242.0,15.0,31.0,14.0,14.0,6.8
2019-01-09,92.0,7.642326,14.804999,72.38707,-0.34166667,0.28262132,19.625,4.110417,0.15366668,4.227083,29.400034,1.7015235,9.67,9.4,1.1,0.0,1.3,0.4,61.0,81.0,175.0,16.0,26.0,11.0,13.0,5.5
2019-01-10,29.0,15.899482,29.235,60.646652,-3.1604166,0.3467363,14.125,4.2604165,0.13766667,2.05,24.031164,1.3705264,9.38,7.9,-1.9,0.0,0.7,0.2,20.0,60.0,90.0,36.0,12.0,5.0,11.0,2.6
2019-01-11,18.0,9.847511,19.26,62.11855,-4.6958337,0.2916048,15.333333,2.3020833,0.12358334,3.1666667,23.896677,1.1592845,9.36,9.55,-1.4,0.0,1.2,0.3,70.0,91.0,198.0,23.0,26.0,11.0,12.0,4.2
2019-01-12,8.0,7.3111453,14.91,73.917015,-1.2395834,0.23799807,18.875,2.5229166,0.1165,3.0479171,355.28247,1.0433936,8.64,10.25,-1.55,0.0,1.3,0.3,66.0,84.0,185.0,19.0,25.0,14.0,11.0,3.9
2019-01-13,3.0,4.925781,10.0199995,78.16347,-0.94166666,0.20745338,12.625,2.49375,0.11120834,4.1062503,33.380054,1.2322192,9.93,12.95,-1.85,0.0,1.4,0.4,57.0,82.0,170.0,14.0,30.0,18.0,11.0,3.3
2019-01-14,21.0,5.0612288,10.259999,75.025085,-0.29166666,0.27230853,0.7083333,3.2875001,0.10375,4.722916,29.054522,1.2031801,10.01,11.55,0.55,0.0,3.4,1.0,230.0,148.0,501.0,7.0,68.0,38.0,16.0,12.0
2019-01-15,132.0,6.3308263,12.735,72.38108,-0.21458334,0.28743502,55.416668,4.3958335,0.09154167,2.7958336,276.14648,1.1720084,10.13,9.9,-2.35,0.0,1.6,0.5,99.0,103.0,254.0,18.0,33.0,14.0,13.0,6.6
2019-01-16,118.0,5.879627,11.804999,81.27589,-0.3395833,0.17158008,26.958334,3.2229166,0.08675,2.9104166,4.969623,0.6104584,4.94,7.0,-0.15,0.3,1.4,0.3,59.0,80.0,171.0,16.0,39.0,23.0,10.0,4.5
2019-01-17,56.0,5.650215,11.7,88.3516,1.0333333,0.0974584,70.458336,3.7562501,0.08570833,1.4354166,292.61987,0.8307271,6.75,6.9,-3.25,0.40000004,1.4,0.3,52.0,76.0,156.0,15.0,40.0,27.0,11.0,4.1
2019-01-18,80.0,7.1290965,13.919999,81.10935,-1.6229167,0.14543623,65.875,2.5020833,0.08929166,1.0666666,226.97488,0.4142865,3.1,4.45,-2.3,4.6000004,1.3,0.3,72.0,82.0,193.0,17.0,28.0,14.0,10.0,4.1
2019-01-19,10.0,5.024601,11.715,92.463844,0.16458334,0.054224595,87.458336,2.2333333,0.099625,5.20625,353.1455,1.317068,9.44,10.3,1.7,4.2,1.2,0.2,46.0,68.0,138.0,13.0,27.0,19.0,8.0,2.7
2019-01-20,60.0,10.250146,20.82,78.53512,1.2083334,0.2231692,45.583332,5.1458335,0.17379166,3.45625,348.14566,1.2970537,9.38,9.45,-0.65,0.0,0.8,0.2,9.0,49.0,63.0,30.0,11.0,9.0,13.0,1.2
2019-01-21,42.0,8.75499,16.545,71.02807,-1.6166667,0.26792517,30.458334,3.6937501,0.17075,3.20625,264.14197,0.84690577,4.15,8.85,-1.8,1.0,0.9,0.2,20.0,66.0,96.0,30.0,12.0,7.0,13.0,2.4
2019-01-22,49.0,12.720871,21.735,75.013954,-0.7791667,0.20478575,94.625,2.6604166,0.16508333,7.941666,265.4938,1.7255305,6.68,13.15,4.25,0.0,1.1,0.3,41.0,76.0,140.0,19.0,16.0,8.0,9.0,3.0
2019-01-23,448.0,23.954775,41.789997,70.2584,3.03125,0.352748,90.958336,6.9541664,0.15691666,10.712501,274.96317,1.687993,6.56,14.85,8.5,0.0,0.6,0.1,13.0,39.0,59.0,53.0,10.0,4.0,8.0,2.0
2019-01-24,579.0,14.488194,26.849998,68.35601,4.9395833,0.42878494,81.5,9.66875,0.14029168,9.556251,44.666256,1.695869,10.26,14.85,6.7,0.0,0.9,0.3,35.0,66.0,120.0,33.0,14.0,7.0,10.0,3.0
2019-01-25,881.0,7.2219353,14.655,68.92535,3.4416666,0.40878275,39.041668,9.347917,0.12574999,6.0437503,338.19864,1.5617503,11.48,13.65,-0.3,0.0,0.9,0.3,39.0,73.0,132.0,25.0,14.0,7.0,12.0,3.9
2019-01-26,443.0,7.5857825,14.5199995,72.2239,1.0270833,0.31567174,30.583334,6.7333336,0.10608333,7.0020833,287.7518,1.7124963,7.29,11.25,3.55,0.0,0.8,0.2,22.0,62.0,97.0,25.0,17.0,10.0,9.0,2.2
2019-01-27,526.0,15.19538,27.435,62.77997,-0.11666667,0.4020203,52.125,6.725,0.090125,7.225,262.08228,1.9766028,6.38,12.85,2.95,0.3,0.6,0.1,7.0,40.0,50.0,46.0,11.0,7.0,8.0,1.1
2019-01-28,134.0,20.980217,37.094997,62.161297,0.3125,0.41590473,60.708332,7.0458336,0.077583335,6.3979163,259.82318,1.1711168,5.18,9.7,2.8,0.9,0.7,0.2,19.0,50.0,79.0,49.0,13.0,5.0,8.0,2.0
2019-01-29,209.0,18.323648,32.655,72.142876,1.71875,0.27187577,74.375,6.5791664,0.06254167,6.3250003,271.08368,1.9360952,9.36,10.65,2.95,1.2,0.7,0.2,21.0,51.0,84.0,45.0,16.0,7.0,8.0,2.4
2019-01-30,2.0,19.428003,35.01,64.654655,-0.30416667,0.35676062,70.291664,7.5,0.058541667,9.556249,236.50288,0.943726,4.23,12.9,6.7,1.6000001,0.7,0.2,18.0,49.0,77.0,52.0,12.0,6.0,8.0,1.6
2019-01-31,20.0,27.883078,49.395,86.45777,7.55625,0.1739942,99.958336,9.4125,0.09041667,7.514583,240.39505,1.3021456,8.34,10.2,4.25,7.8999996,0.5,0.1,16.0,37.0,61.0,46.0,11.0,5.0,7.0,1.1
2019-02-01,223.0,28.859758,52.92,79.58798,3.6499999,0.20790856,69.125,8.381249,0.16791666,4.5375,285.9971,1.8297635,8.14,7.3,1.65,0.3,0.1,0.1,15.0,44.0,67.0,56.0,8.0,4.0,7.0,0.2
2019-02-02,86.0,18.648664,35.309998,58.804745,-3.2625,0.35237622,53.416668,5.7333336,0.16120833,3.3416665,324.55698,1.6812086,10.04,8.9,0.25,0.0,0.1,0.1,6.0,36.0,45.0,59.0,8.0,4.0,9.0,0.1
2019-02-03,23.0,12.037377,22.800001,58.840927,-4.4645834,0.34430155,34.291668,4.65625,0.144875,3.095833,132.39734,1.4427602,11.72,11.05,-2.45,0.0,0.1,0.1,7.0,43.0,53.0,49.0,7.0,4.0,10.0,0.1
2019-02-04,23.0,4.340047,9.224999,66.271126,-2.8374999,0.3184737,30.791666,3.7895832,0.1345,5.547917,350.53778,1.6771566,12.57,14.55,-1.3,0.0,0.9,0.4,72.0,98.0,208.0,12.0,26.0,14.0,10.0,2.9
2019-02-05,76.0,4.890782,10.365,74.0915,0.9083333,0.31315008,1.4166666,6.0187497,0.11770833,6.941666,310.54874,1.8264624,12.77,15.7,0.35,0.0,2.0,0.5,118.0,111.0,292.0,11.0,37.0,20.0,12.0,9.0
2019-02-06,2096.0,6.871586,13.5,75.13267,2.5083334,0.32795456,23.291666,7.3458333,0.10012499,7.004166,348.4248,1.7272556,12.99,14.7,0.1,0.0,1.2,0.3,55.0,83.0,168.0,15.0,24.0,13.0,10.0,4.4
2019-02-07,1466.0,4.343205,10.2,74.38679,1.9562501,0.3395197,30.083334,8.160417,0.07858333,6.59375,265.684,1.9970952,13.39,14.85,-0.9,0.0,1.7,0.4,99.0,99.0,250.0,11.0,36.0,20.0,11.0,6.3
2019-02-08,946.0,7.920935,15.959999,71.816826,1.2958333,0.3609121,16.333334,7.9,0.054458335,6.4541664,246.42863,1.7766882,12.25,13.75,0.5,0.0,1.2,0.3,53.0,78.0,158.0,24.0,24.0,13.0,9.0,3.7
2019-02-09,215.0,7.063637,14.669999,76.403404,2.14375,0.29222083,81.708336,8.533334,0.035,7.872917,236.29663,1.2509332,7.95,12.25,4.25,0.0,1.0,0.2,27.0,63.0,104.0,24.0,26.0,17.0,9.0,2.4
2019-02-10,315.0,18.537182,33.48,83.58352,5.3229165,0.19868906,84.291664,8.443749,0.028041668,8.737499,28.703655,2.2884877,13.36,13.7,4.7,0.0,0.5,0.1,11.0,36.0,54.0,41.0,13.0,7.0,7.0,0.8
2019-02-11,635.0,12.823036,24.135,61.631947,0.63124996,0.46963036,47.375,10.322917,0.0295,6.908333,37.799213,2.0502641,13.93,13.35,1.95,0.0,0.8,0.2,23.0,61.0,97.0,39.0,12.0,5.0,10.0,3.2
2019-02-12,174.0,8.236995,17.25,59.989315,-1.0708333,0.46459243,17.333334,9.247916,0.02,7.133333,29.069603,2.0917718,14.08,15.3,-0.15,0.0,0.9,0.2,31.0,68.0,115.0,38.0,17.0,8.0,10.0,3.2
2019-02-13,62.0,6.0032544,13.274999,62.58957,-0.23541667,0.476123,2.0416667,9.491667,0.018,7.2999997,47.93576,2.219387,14.12,14.65,0.4,0.0,1.2,0.3,54.0,87.0,169.0,28.0,27.0,12.0,11.0,5.1
2019-02-14,282.0,7.3170457,15.165,52.250137,-2.4624999,0.55186427,1.9583334,9.474999,0.016500002,7.7124996,37.090267,2.2144725,14.59,16.05,0.1,0.0,1.0,0.2,37.0,80.0,137.0,30.0,27.0,12.0,10.0,3.3
2019-02-15,130.0,6.8057857,13.98,63.49712,0.40416667,0.4908172,0.9166667,9.585417,0.015500001,8.875001,72.73873,2.6656542,14.77,17.35,1.85,0.0,1.3,0.3,60.0,94.0,186.0,24.0,34.0,16.0,11.0,5.0
2019-02-16,294.0,9.96898,19.14,55.080963,-1.4499999,0.65166223,1.625,10.502084,0.0135,7.9687495,84.789986,2.740231,15.25,16.4,-0.4,0.0,0.8,0.2,15.0,60.0,82.0,41.0,26.0,10.0,9.0,2.1
2019-02-17,298.0,7.774002,15.2699995,38.380833,-6.6895833,0.7620656,8.083333,9.962501,0.009083333,8.383333,68.624146,2.2309337,13.44,15.6,2.55,0.0,0.7,0.1,11.0,54.0,71.0,48.0,19.0,7.0,9.0,1.3
2019-02-18,97.0,8.510523,16.755,61.61792,0.38125,0.5102917,68.166664,10.1375,0.004,8.127083,47.290688,2.0707881,14.13,15.05,1.65,0.0,0.9,0.2,28.0,72.0,115.0,32.0,31.0,13.0,10.0,2.5
2019-02-19,102.0,5.265323,12.21,65.68579,1.3291667,0.4587992,30.875,10.677083,0.004,8.795833,23.286154,2.1080735,13.76,15.7,1.4,0.0,1.0,0.2,31.0,75.0,122.0,36.0,46.0,17.0,10.0,3.2
2019-02-20,171.0,4.935537,11.415,62.181458,1.0625,0.51881695,21.25,10.991666,0.0065,9.047917,40.80772,2.4478695,15.62,17.5,1.0,0.0,1.2,0.3,54.0,89.0,172.0,25.0,54.0,20.0,9.0,4.1
2019-02-21,165.0,6.1511827,13.29,59.191387,0.024999993,0.61534256,0.7083333,11.5,0.0059999996,9.497916,5.8066626,2.7059264,16.2,19.15,0.7,0.0,1.3,0.3,52.0,84.0,163.0,29.0,58.0,20.0,10.0,4.2
2019-02-22,489.0,5.9228168,13.155,47.843704,-3.5062501,0.8073433,18.791666,11.610416,0.0045000003,9.997916,11.640546,2.7088184,15.81,20.0,-0.6,0.0,1.4,0.4,77.0,97.0,214.0,29.0,48.0,17.0,12.0,5.7
2019-02-23,624.0,5.227855,11.94,42.814053,-3.5166667,0.8788759,50.666668,11.654167,0.004,11.693749,42.68468,3.1357718,15.65,19.4,4.9,0.0,1.3,0.4,46.0,91.0,162.0,23.0,49.0,18.0,11.0,4.8
2019-02-24,405.0,8.021323,16.859999,42.1693,-1.6041666,0.8966647,43.833332,13.35625,0.004,11.193749,51.072468,2.6598992,16.23,19.55,2.15,0.0,0.7,0.2,14.0,61.0,82.0,49.0,40.0,15.0,10.0,1.7
2019-02-25,191.0,4.703764,11.31,51.56981,0.29166666,0.80354804,0.0,13.435416,0.000125,11.877083,95.66362,3.3048441,16.59,21.05,2.6,0.0,1.4,0.4,70.0,104.0,211.0,28.0,48.0,19.0,11.0,4.9
2019-02-26,262.0,8.002938,16.08,43.681778,-2.8291667,0.98416424,0.0,13.743751,0.0,12.304166,281.63358,3.5718534,16.78,20.85,3.1,0.0,1.4,0.3,47.0,91.0,163.0,29.0,42.0,17.0,10.0,4.4
2019-02-27,343.0,7.6021495,15.78,34.09917,-4.5416665,1.0833489,11.291667,13.895833,0.0,11.631251,351.01483,2.819789,16.0,20.05,2.45,0.0,1.2,0.3,40.0,94.0,156.0,27.0,31.0,12.0,10.0,4.5
2019-02-28,289.0,4.5583363,11.384999,42.256165,-1.9645834,0.9439864,77.0,14.022916,0.0,12.227082,340.2262,3.3193202,17.11,20.25,4.15,0.0,1.2,0.3,46.0,105.0,176.0,21.0,38.0,16.0,11.0,5.3
2019-03-01,793.0,8.023212,17.49,46.872303,-0.3395833,0.8963303,46.625,14.904167,0.0,12.685416,300.51013,3.054833,17.22,21.15,4.5,0.0,0.9,0.2,21.0,74.0,106.0,45.0,29.0,12.0,9.0,3.0
2019-03-02,574.0,5.1306834,13.47,46.294174,0.06874999,0.9274016,19.916666,15.808333,0.0,12.327081,244.08772,3.4776316,17.11,20.65,3.6,0.0,0.9,0.2,26.0,72.0,112.0,39.0,31.0,12.0,9.0,2.7
2019-03-03,505.0,10.807477,20.714998,56.350086,3.0270834,0.7764172,45.333332,14.033333,0.0,12.091667,242.63719,2.9429903,12.64,17.0,8.1,0.0,0.9,0.2,27.0,64.0,106.0,38.0,32.0,12.0,9.0,2.7
2019-03-04,504.0,20.08057,36.63,62.719112,4.547917,0.5654241,89.083336,13.870833,0.0,11.706249,234.69073,2.7287006,11.88,16.0,6.8,0.0,0.6,0.1,23.0,45.0,81.0,47.0,34.0,7.0,8.0,2.1
2019-03-05,102.0,14.753475,27.779999,58.505917,3.5687501,0.61774826,83.583336,13.868751,4.166667e-05,10.522918,213.94048,1.6099211,7.86,13.1,7.1,8.6,0.6,0.1,19.0,50.0,80.0,53.0,22.0,6.0,8.0,1.5
2019-03-06,316.0,23.948496,50.475002,77.29675,6.1375003,0.2785387,70.083336,11.616666,0.063375,7.5249996,250.12907,2.6085389,16.33,12.7,2.35,0.3,0.5,0.1,17.0,41.0,67.0,47.0,14.0,5.0,8.0,1.1
2019-03-07,21.0,13.845017,27.300001,63.088028,0.40416667,0.42965794,49.375,9.974999,0.096541665,9.625001,302.64844,2.1111646,14.0,14.8,5.0,1.2,0.6,0.2,24.0,52.0,89.0,50.0,15.0,7.0,8.0,1.3
2019-03-08,48.0,5.881044,13.47,69.0255,3.5375001,0.42438185,53.791668,11.845833,0.10970833,10.460418,357.1845,2.8889253,17.92,18.55,3.05,0.0,0.8,0.2,24.0,61.0,98.0,41.0,20.0,12.0,8.0,3.9
2019-03-09,73.0,5.780082,13.2,62.04569,2.98125,0.59784466,35.5,12.614583,0.08529166,12.974998,313.8589,3.4518359,18.27,23.25,4.1,0.0,0.8,0.2,14.0,61.0,82.0,41.0,30.0,23.0,9.0,2.1
2019-03-10,188.0,6.5554748,14.565,63.294376,5.2458334,0.7424,6.75,14.837501,0.057,13.529166,47.24031,3.2120104,17.92,19.25,8.6,0.0,0.9,0.2,18.0,60.0,88.0,27.0,22.0,16.0,9.0,2.3
2019-03-11,180.0,9.938253,20.234999,56.0444,3.9750001,0.7623952,20.958334,16.44375,0.033,12.506249,252.83801,3.8017652,18.74,21.5,3.25,0.0,0.7,0.2,27.0,59.0,100.0,30.0,21.0,14.0,10.0,2.3
2019-03-12,285.0,11.627281,22.425001,53.02882,2.4125,0.8277251,45.208332,14.958333,0.023999998,11.289584,354.7815,3.6546485,19.14,14.9,7.7,0.0,0.8,0.2,32.0,63.0,112.0,38.0,30.0,22.0,9.0,2.6
2019-03-13,124.0,14.769446,29.205,48.0139,-0.6833334,0.70637465,16.25,14.814583,0.021499999,9.656251,39.92037,3.2839646,19.68,18.1,1.95,0.0,0.6,0.1,14.0,49.0,70.0,50.0,27.0,24.0,10.0,2.0
2019-03-14,18.0,6.2049575,15.2699995,46.647766,-2.3812501,0.78529805,10.208333,13.760417,0.019,13.177083,44.10495,3.5903313,20.04,23.45,2.3,0.0,0.8,0.2,29.0,65.0,109.0,45.0,33.0,23.0,9.0,2.4
2019-03-15,32.0,4.7265677,11.595,34.50764,-4.070833,1.2287219,0.0,15.964583,0.0125,14.7375,307.07773,4.4054503,20.12,24.5,4.45,0.0,1.2,0.3,55.0,96.0,180.0,26.0,42.0,28.0,10.0,5.0
2019-03-16,34.0,8.477189,17.88,34.394283,-2.5020833,1.3189076,6.75,17.789583,0.010208334,13.952085,300.91162,4.583358,19.84,20.2,6.8,0.0,0.8,0.2,19.0,71.0,100.0,40.0,42.0,31.0,9.0,2.9
2019-03-17,71.0,14.412175,27.404999,39.7634,-1.0541667,1.0335985,18.458334,16.989584,0.008041667,9.739583,39.512253,4.1037374,20.39,15.0,3.95,0.0,0.6,0.1,8.0,47.0,60.0,51.0,42.0,27.0,8.0,1.5
2019-03-18,79.0,18.084637,34.035,41.42866,-3.6770833,0.7588714,27.708334,13.858334,0.0070000007,9.610417,25.81812,3.2903922,12.54,15.35,4.95,0.0,0.5,0.1,12.0,45.0,63.0,60.0,20.0,17.0,10.0,1.1
2019-03-19,68.0,17.32847,33.315,46.42268,-1.94375,0.67991924,52.5,11.879167,0.0053749997,8.595833,40.207005,3.612958,20.77,14.95,2.15,0.0,0.6,0.1,11.0,47.0,64.0,59.0,13.0,11.0,12.0,1.3
2019-03-20,7.0,13.479049,26.13,43.946156,-4.264583,0.7222402,2.7916667,12.3,0.0029999998,9.160417,40.855286,3.5341666,20.1,16.0,1.75,0.0,0.6,0.1,12.0,50.0,69.0,58.0,11.0,9.0,10.0,1.4
2019-03-21,14.0,7.9493885,18.87,42.186054,-4.452083,0.7733476,10.25,13.764584,0.0015000001,10.84375,62.943542,3.8017278,21.2,18.95,1.35,0.0,0.7,0.2,19.0,63.0,92.0,53.0,20.0,12.0,9.0,1.8
2019-03-22,10.0,7.849218,16.98,36.722733,-4.3791666,0.97258025,7.2916665,14.329166,0.0034999999,13.070832,79.126526,3.6696038,14.85,20.2,4.85,0.0,0.7,0.2,23.0,67.0,102.0,55.0,23.0,14.0,9.0,1.9
2019-03-23,42.0,10.38795,21.119999,40.94935,-1.0583333,1.0119025,53.916668,14.931251,0.0052083335,14.220833,76.46413,4.2744346,20.93,21.65,5.85,0.0,0.5,0.1,6.0,46.0,56.0,58.0,29.0,23.0,9.0,1.2
2019-03-24,3.0,9.029482,18.72,37.723354,-1.9770833,1.1828958,11.125,17.545834,0.005,14.360415,36.63819,5.072623,21.74,21.65,7.0,0.0,0.5,0.1,7.0,42.0,53.0,58.0,25.0,16.0,9.0,1.1
2019-03-25,9.0,15.137721,28.38,36.108936,-2.4333334,1.1728587,0.083333336,17.472918,0.0047916668,13.064584,45.118416,5.593353,22.16,22.15,5.35,0.0,0.6,0.1,9.0,53.0,66.0,60.0,20.0,17.0,10.0,1.8
2019-03-26,32.0,19.952291,36.914997,32.567673,-5.133333,1.1874727,0.125,16.416666,0.0029999998,11.616666,40.504513,4.277533,22.34,18.85,3.55,0.0,0.5,0.1,10.0,48.0,64.0,68.0,17.0,13.0,9.0,1.7
2019-03-27,7.0,8.781636,20.144999,30.847967,-6.4625,1.0533255,0.25,16.377083,0.0020416668,11.96875,47.27663,4.2737136,22.65,18.8,3.5,0.0,0.7,0.2,19.0,67.0,96.0,53.0,24.0,14.0,9.0,2.7
2019-03-28,5.0,7.2978616,17.055,26.948267,-8.047916,1.1411065,0.0,16.831251,0.002,11.902083,115.04986,4.5017014,22.55,18.2,4.25,0.0,0.7,0.2,21.0,70.0,102.0,57.0,27.0,13.0,9.0,2.3
2019-03-29,16.0,10.641328,21.555,34.08042,-4.4395833,0.99962616,4.875,16.175001,0.001,11.943749,67.27927,4.126069,22.64,18.85,3.85,0.0,0.6,0.1,12.0,56.0,75.0,72.0,23.0,10.0,9.0,1.8
2019-03-30,6.0,7.450525,17.699999,39.406147,-2.9145832,0.97542834,11.375,16.941668,0.002,10.885417,84.14409,2.341079,11.79,14.85,7.6,0.90000004,0.5,0.1,7.0,42.0,53.0,85.0,28.0,10.0,9.0,1.1
2019-03-31,3.0,10.484689,21.705,64.2422,4.09375,0.47489855,95.416664,14.616668,0.006541667,11.966666,74.53872,2.511217,15.08,16.3,8.35,2.1000001,0.5,0.1,4.0,43.0,48.0,61.0,20.0,11.0,9.0,1.3
2019-04-01,2.0,5.6834903,15.54,70.96354,6.3541665,0.46029854,75.666664,16.5375,0.038125,12.216666,247.28554,2.7421868,16.56,17.75,7.3,3.7000003,0.6,0.1,17.0,55.0,82.0,43.0,15.0,8.0,8.0,1.6
2019-04-02,5.0,7.245274,17.115,73.069496,7.004167,0.44610512,37.625,16.020834,0.0825,10.95,299.71304,3.722039,18.66,15.35,6.75,0.0,0.7,0.2,26.0,65.0,106.0,38.0,19.0,10.0,8.0,2.6
2019-04-03,29.0,15.815776,29.94,44.287624,-1.7291666,0.7419267,26.625,13.639584,0.07558333,7.6312504,258.97287,3.8504875,23.52,14.05,-0.5,0.0,0.6,0.2,15.0,54.0,77.0,57.0,19.0,10.0,9.0,2.7
2019-04-04,5.0,9.532541,19.769999,41.581043,-5.410417,0.6998294,37.291668,12.104167,0.062916666,7.087501,228.61086,1.6729418,9.26,9.55,5.55,4.5,0.6,0.1,17.0,53.0,79.0,63.0,14.0,7.0,9.0,1.7
2019-04-05,9.0,15.806735,32.16,73.457306,2.175,0.2640917,74.208336,9.935416,0.094624996,6.2604165,244.30951,2.0925384,15.18,11.0,3.3,1.2,0.5,0.1,15.0,55.0,77.0,54.0,11.0,6.0,8.0,1.4
2019-04-06,14.0,20.730474,38.715,76.76267,2.1416667,0.2482747,78.333336,8.5625,0.143375,7.5500007,256.0034,2.351453,13.66,13.45,3.2,1.7,0.4,0.1,10.0,40.0,55.0,59.0,10.0,6.0,8.0,0.7
2019-04-07,3.0,15.735065,29.534998,72.17132,2.1979167,0.35376206,75.666664,9.341666,0.14266667,10.985416,245.87227,2.9570901,17.35,16.15,7.75,2.3999999,0.4,0.1,6.0,36.0,45.0,65.0,8.0,4.0,8.0,0.5
2019-04-08,10.0,13.285592,27.089998,71.385185,5.085417,0.43981025,64.333336,12.220833,0.16454168,8.4,248.29176,2.2373962,16.38,12.5,5.05,2.7,0.5,0.2,18.0,52.0,79.0,51.0,11.0,7.0,8.0,1.2
2019-04-09,4.0,18.204596,35.325,73.46375,3.6937501,0.31582376,44.958332,10.297916,0.1775,8.889585,292.64062,2.846944,17.82,13.55,5.05,0.6,0.6,0.2,17.0,56.0,82.0,50.0,14.0,6.0,8.0,2.4
2019-04-10,12.0,12.738801,25.335,65.21484,2.1666667,0.43644214,36.833332,10.422916,0.18225001,8.570832,347.0971,3.5804234,23.26,15.55,1.1,0.1,0.6,0.2,14.0,53.0,74.0,58.0,9.0,5.0,9.0,2.7
2019-04-11,3.0,8.378118,17.429998,61.771362,0.58958334,0.5412665,13.208333,11.010417,0.163625,10.116666,19.864393,3.9410877,25.02,17.95,1.75,0.0,0.6,0.1,12.0,52.0,71.0,59.0,12.0,6.0,10.0,2.1
2019-04-12,5.0,6.412683,14.759999,58.61644,1.4250001,0.63509136,12.041667,12.797916,0.13216667,11.860416,299.56036,4.452559,25.79,20.65,1.85,0.0,0.7,0.2,20.0,63.0,94.0,58.0,14.0,7.0,9.0,2.5
2019-04-13,6.0,7.366196,15.464999,47.496464,-0.89166665,0.9452858,19.208334,14.51875,0.093041666,16.11875,261.76013,3.9860125,18.35,23.8,9.35,0.0,0.5,0.2,9.0,64.0,77.0,66.0,23.0,14.0,9.0,2.0
2019-04-14,6.0,8.431814,18.225,55.841587,6.8312497,0.9402569,80.791664,18.96875,0.050916668,16.885418,241.57483,4.522825,19.56,24.15,10.45,0.1,0.5,0.1,8.0,46.0,58.0,49.0,22.0,12.0,8.0,1.5
2019-04-15,8.0,14.443572,28.304998,58.20332,7.525,0.92597204,57.041668,20.216667,0.037375,14.772916,173.35136,4.8413625,25.19,21.85,5.8,0.0,0.5,0.2,27.0,52.0,93.0,37.0,25.0,10.0,9.0,2.2
2019-04-16,9.0,9.966331,20.909998,48.124207,1.88125,1.0693221,65.416664,19.802084,0.034958333,16.429167,142.4213,5.0659986,21.81,25.45,9.5,4.7,0.5,0.1,17.0,54.0,80.0,65.0,17.0,6.0,9.0,1.7
2019-04-17,2.0,13.9574,32.91,58.088383,6.6354165,0.9533604,95.125,20.85,0.04625,10.881249,97.12499,0.978293,5.05,13.7,9.8,24.1,0.4,0.1,7.0,43.0,53.0,68.0,28.0,11.0,9.0,1.0
2019-04-18,1.0,7.1253943,17.865,85.94848,8.26875,0.1813695,97.833336,14.162499,0.26125,9.908333,63.435,1.1967666,7.17,11.65,7.9,13.200001,0.3,0.1,2.0,33.0,36.0,81.0,8.0,6.0,9.0,0.7
2019-04-19,11.0,10.945628,24.614998,83.51046,7.285417,0.20919536,95.125,12.15625,0.33237502,13.5979185,53.81546,4.429559,21.15,19.75,9.9,1.1,0.3,0.1,3.0,34.0,38.0,66.0,8.0,6.0,9.0,0.7
2019-04-20,7.0,20.90124,39.495,57.705494,5.077083,0.7101044,75.041664,13.441667,0.29820833,10.6916685,47.733707,2.3478847,11.03,13.7,7.35,0.1,0.3,0.1,2.0,24.0,27.0,88.0,15.0,9.0,9.0,0.5
2019-04-21,3.0,15.941677,29.714998,67.170616,4.56875,0.439759,90.625,11.916667,0.24637501,12.3125,286.55716,2.7955554,15.26,17.1,8.45,0.2,0.4,0.1,2.0,24.0,26.0,89.0,10.0,7.0,9.0,0.4
2019-04-22,3.0,7.9905457,16.995,66.02834,5.9229164,0.5457465,96.791664,13.410417,0.21891667,10.04375,227.1267,2.2936218,14.71,12.45,6.9,3.2,0.5,0.1,7.0,47.0,58.0,70.0,19.0,10.0,9.0,1.1
2019-04-23,7.0,17.24219,32.625,71.19804,4.4729166,0.35540095,85.833336,12.091667,0.210625,8.060417,206.02682,1.0984812,5.38,12.8,4.75,18.4,0.4,0.1,14.0,52.0,73.0,68.0,13.0,7.0,9.0,1.1
2019-04-24,0.0,21.277384,43.304996,85.19312,5.9854164,0.16617037,91.208336,9.216666,0.28395835,9.622915,238.37257,2.7576578,19.68,12.65,6.95,3.4,0.4,0.1,16.0,48.0,73.0,49.0,6.0,4.0,8.0,0.9
2019-04-25,1.0,24.982561,48.584995,72.35349,4.3624997,0.34408894,38.333332,10.847917,0.32833335,10.439583,260.53772,3.0662003,18.64,16.35,4.5,0.0,0.4,0.1,17.0,47.0,72.0,56.0,11.0,5.0,8.0,1.2
2019-04-26,1.0,9.776283,19.664999,62.35461,2.8625,0.5661144,29.083334,11.45625,0.26841667,12.597916,32.27564,4.398163,26.7,19.55,5.15,0.0,0.5,0.1,13.0,48.0,67.0,55.0,12.0,7.0,9.0,1.4
2019-04-27,0.0,5.5725684,13.38,56.854843,3.9854167,0.7504588,6.0,14.099999,0.21775,15.729167,49.93695,4.728911,26.59,23.1,8.25,0.0,0.6,0.1,12.0,57.0,75.0,51.0,17.0,9.0,9.0,1.7
2019-04-28,13.0,8.420745,17.28,60.97488,7.477083,0.8625626,23.166666,16.981249,0.16870832,17.116667,25.565742,4.8882194,25.53,24.4,9.7,0.0,0.5,0.1,7.0,38.0,48.0,58.0,13.0,7.0,9.0,1.4
2019-04-29,30.0,7.5789304,17.295,53.664486,6.75,1.0561029,47.541668,19.012499,0.115833335,17.90625,26.82579,4.645767,24.2,24.75,10.3,0.0,0.5,0.1,11.0,54.0,70.0,53.0,16.0,8.0,9.0,1.9
2019-04-30,46.0,6.6906466,16.215,50.947815,6.847917,1.1616099,26.625,20.614584,0.07491667,18.066668,21.427168,5.140116,23.13,25.4,10.8,0.8,0.5,0.1,13.0,55.0,75.0,53.0,15.0,7.0,9.0,2.0
2019-05-01,69.0,10.146597,22.154999,49.96652,6.379167,1.1681089,42.041668,22.010416,0.048666667,17.177084,44.666313,4.6574636,23.64,23.45,11.1,0.5,0.3,0.1,2.0,32.0,36.0,74.0,13.0,6.0,9.0,1.2
2019-05-02,4.0,11.8082075,24.57,58.161083,8.239583,0.93507075,24.333334,21.577082,0.055291668,15.049999,29.642164,4.9986157,23.83,20.65,9.5,0.1,0.3,0.1,2.0,29.0,31.0,80.0,11.0,6.0,9.0,0.9
2019-05-03,14.0,16.784565,32.685,49.055954,3.1812499,0.9274342,15.458333,19.720833,0.047083333,14.120833,18.999815,5.111367,28.08,22.45,5.75,0.0,0.3,0.1,5.0,35.0,43.0,62.0,12.0,6.0,9.0,1.3
2019-05-04,5.0,6.374923,16.92,46.252808,1.3979167,1.0650498,0.0,20.231249,0.041416667,15.283334,40.674885,5.7180705,28.0,23.25,8.0,0.0,0.3,0.1,3.0,26.0,30.0,80.0,9.0,5.0,9.0,1.0
2019-05-05,9.0,11.409375,25.034998,38.32271,-0.18333335,1.1990682,20.041666,21.408333,0.037166666,16.422916,283.10272,6.250282,26.87,25.0,6.95,0.0,0.3,0.1,2.0,26.0,30.0,79.0,11.0,6.0,9.0,0.7
2019-05-06,4.0,12.468726,25.394999,33.937744,-0.30833337,1.4183112,38.375,21.6875,0.036041666,17.737501,242.86726,5.234847,22.23,23.6,11.55,0.0,0.5,0.2,19.0,65.0,93.0,54.0,18.0,8.0,9.0,1.7
2019-05-07,6.0,16.962572,32.13,54.149952,7.758333,1.0079949,77.666664,21.55625,0.03691667,15.795833,235.00279,3.4056485,15.65,19.65,13.75,0.7,0.4,0.1,17.0,50.0,75.0,48.0,25.0,10.0,9.0,1.5
2019-05-08,9.0,27.519857,49.74,71.97482,10.297917,0.5310158,90.625,19.127083,0.050958335,15.614583,240.32463,4.975957,25.58,22.15,9.15,0.0,0.4,0.1,16.0,39.0,64.0,43.0,15.0,5.0,9.0,1.0
2019-05-09,5.0,18.574999,35.385,62.300934,7.9874997,0.7577653,58.791668,19.1875,0.059916664,18.66042,245.67879,4.348548,18.32,24.7,14.6,0.1,0.4,0.1,17.0,47.0,73.0,45.0,16.0,6.0,9.0,1.4
2019-05-10,3.0,19.568933,35.91,65.75562,11.383334,0.85662293,60.166668,20.99375,0.053458333,19.058334,14.203983,6.3621984,28.62,26.8,10.3,0.0,0.4,0.1,24.0,41.0,77.0,28.0,14.0,6.0,9.0,1.8
2019-05-11,14.0,11.228299,23.279999,41.593697,3.8208332,1.4926376,10.25,23.345833,0.044208333,18.520834,43.556625,7.085757,29.68,27.15,9.3,0.0,0.4,0.1,7.0,40.0,51.0,61.0,14.0,7.0,9.0,3.5
2019-05-12,36.0,14.6418295,28.980001,27.775972,-3.5083332,1.7898008,31.791666,23.34375,0.035583332,20.470833,43.793056,7.709822,29.38,30.6,10.55,0.0,0.3,0.1,2.0,27.0,30.0,75.0,12.0,6.0,9.0,1.4
2019-05-13,32.0,13.590206,27.54,23.83563,-3.3,2.1161976,2.875,24.972916,0.03125,20.497917,61.15959,6.5200973,28.94,29.15,11.3,0.0,0.5,0.1,9.0,61.0,75.0,64.0,14.0,6.0,9.0,2.3
2019-05-14,35.0,8.020736,19.065,31.047625,1.9875001,1.894949,1.5,26.416666,0.027291669,23.57292,347.88614,6.86095,28.25,32.95,13.3,0.0,0.5,0.1,8.0,63.0,75.0,74.0,24.0,9.0,9.0,2.0
2019-05-15,29.0,7.9742303,18.75,25.616167,-0.20625001,2.508601,36.25,27.897917,0.03375,21.587502,261.0194,7.466754,27.54,29.7,13.95,0.2,0.6,0.2,14.0,67.0,88.0,51.0,24.0,10.0,10.0,3.7
2019-05-16,25.0,15.825988,31.65,37.572903,4.9708333,1.7253317,60.208332,26.479166,0.039333332,13.887501,301.61273,4.4206014,16.46,17.5,9.8,0.5,0.4,0.1,10.0,54.0,69.0,60.0,27.0,12.0,9.0,1.8
2019-05-17,5.0,21.487581,40.23,45.80096,1.78125,0.89494485,52.791668,18.485416,0.053916667,13.760417,313.52844,4.547444,19.5,17.85,10.05,0.0,0.4,0.1,7.0,41.0,52.0,65.0,11.0,5.0,9.0,1.6
2019-05-18,5.0,11.008796,23.61,37.40536,-1.3791666,1.0360892,73.75,18.622917,0.050333332,14.064584,345.2655,4.3111153,20.38,19.35,7.95,0.2,0.2,0.1,3.0,24.0,28.0,68.0,8.0,4.0,9.0,0.7
2019-05-19,3.0,8.569369,19.005,43.07173,0.19375002,1.0088176,38.625,18.59375,0.04329167,15.158334,42.125523,4.5384417,21.82,22.8,7.45,0.0,0.1,0.1,2.0,25.0,28.0,73.0,8.0,3.0,9.0,0.3
2019-05-20,2.0,8.639401,20.175,43.421154,1.2125,1.1652144,66.083336,19.614584,0.041291665,18.074999,19.45092,5.7751985,25.25,24.6,11.9,0.1,0.2,0.1,8.0,49.0,61.0,64.0,15.0,6.0,9.0,0.6
2019-05-21,2.0,11.08607,23.445,37.91076,2.8104165,1.4204001,47.958332,23.133333,0.036375,20.166666,42.831738,5.655995,24.47,27.3,11.85,0.0,0.4,0.2,6.0,53.0,63.0,65.0,15.0,7.0,9.0,2.1
2019-05-22,4.0,8.549231,19.964998,37.11908,3.6229165,1.7075857,33.916668,24.36875,0.037666667,21.383333,263.93698,6.159312,23.21,28.25,12.95,0.0,0.5,0.2,9.0,58.0,72.0,65.0,21.0,8.0,9.0,2.4
2019-05-23,8.0,11.0611105,23.265,34.36153,3.9624999,1.8402177,66.083336,24.96875,0.037666667,19.508331,20.381535,6.4518743,25.55,24.55,15.4,0.0,0.7,0.3,20.0,82.0,113.0,43.0,28.0,11.0,10.0,4.5
2019-05-24,10.0,20.59988,37.785,41.594597,4.975,1.3600535,50.5,24.074999,0.0335,17.960415,22.336498,6.651776,26.67,25.6,11.25,0.0,0.3,0.2,5.0,40.0,48.0,58.0,15.0,7.0,9.0,1.6
2019-05-25,7.0,18.357914,35.579998,40.456623,2.9895833,1.3874179,24.708334,22.483332,0.038958333,18.454166,30.363623,6.6314917,29.27,26.55,10.5,0.0,0.2,0.1,2.0,20.0,23.0,64.0,8.0,5.0,9.0,0.6
2019-05-26,8.0,13.470166,27.495,44.66603,5.1770835,1.3777432,0.33333334,23.941666,0.039666668,20.785418,17.499126,6.5947413,27.67,29.0,12.4,0.0,0.2,0.1,2.0,19.0,22.0,61.0,8.0,5.0,9.0,0.8
2019-05-27,12.0,10.864754,24.21,42.192383,6.1062503,1.6434517,19.416666,26.30625,0.032708336,19.6375,34.037075,7.144937,29.55,27.25,12.7,0.0,0.4,0.2,13.0,45.0,64.0,47.0,13.0,6.0,10.0,35.3
2019-05-28,8.0,15.487014,31.409998,39.58015,3.5416667,1.5350198,21.583334,25.989584,0.032,18.360418,34.929672,7.1146913,29.69,26.4,10.7,0.0,0.3,0.1,6.0,34.0,44.0,58.0,10.0,4.0,9.0,2.2
2019-05-29,6.0,17.471739,33.225,39.386982,3.3645833,1.4558715,0.0,24.270834,0.032,21.745834,51.38957,7.2888546,30.05,30.25,12.6,0.0,0.3,0.1,6.0,34.0,44.0,55.0,12.0,5.0,9.0,1.9
2019-05-30,2.0,11.332007,23.835,30.442945,1.6666666,2.1269734,3.5833333,26.970833,0.032,23.566666,68.4355,7.077966,30.12,31.0,14.3,0.0,0.4,0.2,12.0,49.0,68.0,43.0,11.0,6.0,9.0,2.1
2019-05-31,4.0,6.608015,17.039999,27.08203,2.1499999,2.3631516,2.7916667,29.091667,0.036374997,24.650002,129.02565,6.827296,30.02,32.2,15.25,0.0,0.5,0.2,10.0,59.0,74.0,64.0,21.0,7.0,10.0,2.2
2019-06-01,15.0,6.68045,16.769999,28.721718,3.4624999,2.4661481,1.4166666,29.5375,0.039916668,25.927084,209.25682,7.7698274,29.42,33.6,16.7,0.0,0.4,0.2,5.0,51.0,59.0,71.0,25.0,8.0,10.0,1.4
2019-06-02,13.0,9.508335,21.33,23.728659,2.4541667,2.8059146,35.625,31.133333,0.035458334,26.743753,246.90724,8.297129,29.65,32.9,19.0,0.0,0.3,0.2,4.0,45.0,50.0,77.0,22.0,8.0,10.0,1.2
2019-06-03,11.0,11.656337,24.75,21.524431,1.6437501,2.8863604,23.416666,31.041666,0.034708332,23.597916,241.85455,7.848111,28.61,28.4,18.05,0.0,0.5,0.2,14.0,77.0,99.0,53.0,31.0,11.0,10.0,2.4
2019-06-04,3.0,19.42991,36.914997,38.064194,7.53125,1.8637185,19.291666,28.3375,0.034416664,18.062502,278.75626,6.5438957,24.92,23.25,12.85,0.5,0.4,0.2,12.0,54.0,73.0,52.0,22.0,10.0,9.0,2.5
2019-06-05,3.0,19.849855,38.024998,35.71596,0.37083337,1.3974246,53.583332,24.185417,0.038083334,17.354168,224.38399,6.8593335,29.77,23.55,10.0,0.0,0.4,0.2,7.0,38.0,49.0,58.0,16.0,7.0,9.0,2.3
2019-06-06,7.0,16.09174,31.529999,31.72039,-0.5416667,1.4821124,31.333334,23.002083,0.039541665,17.072916,245.41713,6.0699234,30.18,21.85,11.2,0.2,0.4,0.2,10.0,45.0,61.0,64.0,20.0,7.0,9.0,1.5
2019-06-07,2.0,13.820159,29.909998,39.806953,1.21875,1.2652755,24.416666,24.154167,0.039833333,19.99375,97.81521,7.4746656,28.24,29.45,10.75,0.0,0.4,0.2,7.0,40.0,51.0,63.0,12.0,5.0,9.0,1.3
2019-06-08,5.0,15.071278,30.0,29.710955,1.0791667,1.8887,47.416668,24.49375,0.040374998,21.275,227.962,7.5578084,30.49,27.2,13.85,0.0,0.3,0.1,3.0,33.0,37.0,78.0,23.0,7.0,9.0,0.9
2019-06-09,5.0,14.53476,29.489998,35.99884,2.7791665,1.8012558,21.458334,26.393751,0.034166668,20.2375,319.4598,6.7180257,28.54,26.25,13.25,0.0,0.3,0.2,3.0,32.0,37.0,71.0,25.0,7.0,9.0,0.8
2019-06-10,7.0,10.420188,22.800001,36.439518,3.1333332,1.6482892,34.375,26.550001,0.03175,17.770834,7.6383004,5.4132104,22.12,20.7,14.55,0.0,0.3,0.2,6.0,35.0,44.0,67.0,16.0,8.0,9.0,1.9
2019-06-11,12.0,13.099706,27.404999,30.534819,-0.91875,1.4086943,46.916668,22.929167,0.031583335,17.289585,135.0001,6.1827703,30.9,24.6,8.45,0.0,0.3,0.1,6.0,32.0,41.0,64.0,14.0,6.0,9.0,2.1
2019-06-12,1.0,7.4632325,18.135,30.084612,-1.7645832,1.5901221,0.0,23.797918,0.035916667,20.758335,206.05844,7.132139,29.79,28.1,12.6,0.0,0.4,0.2,11.0,42.0,59.0,62.0,17.0,6.0,9.0,1.5
2019-06-13,0.0,11.983055,24.945,37.6998,3.0541668,1.782749,39.75,25.697916,0.036125,19.937502,236.35666,7.4508624,30.65,24.6,13.5,0.0,0.5,0.2,10.0,47.0,63.0,63.0,24.0,8.0,9.0,2.1
2019-06-14,1.0,17.264097,32.73,28.789536,0.59166664,1.687637,2.375,25.127083,0.036,18.902082,243.97275,6.621189,30.7,25.6,11.85,0.0,0.4,0.2,12.0,46.0,64.0,65.0,24.0,8.0,9.0,2.0
2019-06-15,4.0,8.762666,21.33,33.123425,1.0875,1.6374063,1.0,26.027084,0.034708332,22.025,325.00787,6.76392,26.84,29.4,12.9,0.0,0.3,0.1,4.0,29.0,36.0,77.0,18.0,5.0,9.0,1.0
2019-06-16,1.0,10.488896,22.365,28.895475,1.4875001,2.1475952,78.083336,27.133333,0.035041668,24.191666,220.91426,7.612475,30.21,30.8,14.8,0.0,0.5,0.2,9.0,43.0,56.0,68.0,24.0,9.0,9.0,1.6
2019-06-17,3.0,9.424071,20.64,23.966904,0.94374996,2.5330236,25.5,29.477083,0.034208335,25.116669,230.62964,9.018795,30.48,30.1,19.75,0.0,0.5,0.2,14.0,55.0,76.0,58.0,27.0,9.0,10.0,2.1
2019-06-18,0.0,17.212557,33.18,23.154915,0.84791666,2.4993417,22.0,29.854166,0.034541667,22.35833,239.41112,7.1117187,27.77,27.15,17.05,0.0,0.6,0.2,15.0,53.0,77.0,57.0,31.0,9.0,10.0,14.9
2019-06-19,1.0,17.231623,32.85,44.119507,8.872916,1.6004434,45.791668,27.952082,0.035541665,22.552084,246.21793,6.2220135,24.18,28.45,16.8,0.0,0.4,0.2,15.0,34.0,56.0,49.0,25.0,6.0,9.0,4.7
2019-06-20,1.0,11.196546,23.984999,41.5236,8.099999,1.7114635,67.708336,28.052084,0.034541667,22.895834,340.38416,6.6208386,27.31,29.1,16.7,0.0,0.5,0.2,16.0,47.0,71.0,42.0,22.0,8.0,10.0,11.5
2019-06-21,1.0,10.632636,23.534998,41.273006,7.8145833,1.7893672,25.791666,29.2125,0.036583334,23.981249,29.811497,7.2634344,28.07,31.3,15.7,0.0,0.4,0.2,5.0,33.0,41.0,64.0,14.0,7.0,9.0,15.2
2019-06-22,1.0,11.660813,24.914999,38.451195,7.585417,2.1184871,71.75,29.729166,0.034958333,26.489586,202.70404,7.6210165,28.71,33.1,18.1,0.0,0.3,0.1,4.0,28.0,34.0,70.0,22.0,9.0,10.0,1.9
2019-06-23,0.0,9.579003,20.97,27.027428,4.8270836,2.763569,66.458336,31.427084,0.034,26.193754,187.40681,6.2480783,20.3,32.65,20.6,0.0,0.5,0.2,9.0,43.0,57.0,61.0,31.0,13.0,10.0,3.1
2019-06-24,1.0,10.752708,24.81,31.895948,7.6,2.370833,89.0,30.766668,0.03525,26.96875,205.44429,6.6078267,25.69,34.85,19.15,0.0,0.4,0.2,7.0,38.0,48.0,60.0,31.0,10.0,10.0,2.2
2019-06-25,2.0,7.8772564,19.17,35.606148,9.172916,2.5852544,21.958334,32.170834,0.034833334,28.999998,162.99098,7.9967313,29.58,35.45,21.3,0.0,0.4,0.2,12.0,44.0,62.0,48.0,29.0,8.0,10.0,4.6
2019-06-26,,11.930516,25.289999,35.724697,11.114583,2.8331032,0.875,34.229168,0.034,30.683332,140.13898,10.069709,28.47,38.95,22.05,0.0,0.4,0.3,7.0,34.0,44.0,62.0,40.0,17.0,10.0,2.1
2019-06-27,4.0,17.911352,35.34,29.928658,9.462501,3.4122932,14.916667,34.679165,0.033625003,31.735415,117.11648,10.065023,30.06,40.3,22.4,0.0,0.4,0.2,7.0,36.0,47.0,71.0,56.0,16.0,10.0,1.6
2019-06-28,2.0,14.567329,28.769999,22.34788,4.866667,4.0599103,2.375,35.764584,0.033,31.879168,100.82299,8.335925,29.04,39.8,23.05,0.0,0.4,0.2,6.0,45.0,55.0,74.0,31.0,11.0,10.0,1.9
2019-06-29,0.0,7.8553944,19.065,17.269411,3.5270834,4.159338,18.0,36.96875,0.032791667,31.597918,186.18422,8.247203,27.81,37.15,24.05,0.0,0.3,0.2,4.0,41.0,48.0,87.0,33.0,13.0,10.0,2.8
2019-06-30,2.0,9.1025915,21.045,19.800455,5.366667,3.8185961,16.458334,36.614582,0.03229167,29.39583,246.41838,7.6838007,26.49,35.35,23.45,0.0,0.3,0.2,3.0,38.0,43.0,83.0,36.0,15.0,10.0,1.3
2019-07-01,2.0,10.097151,23.115,27.892286,7.866667,3.0213645,24.875,35.608334,0.032250002,27.847916,97.16819,7.3047924,27.2,34.0,20.6,0.0,0.4,0.2,7.0,44.0,54.0,68.0,37.0,15.0,10.0,1.9
2019-07-02,1.0,10.05685,22.845,35.1664,10.164583,2.6242228,21.5,34.350002,0.035166666,28.522919,115.080185,8.156509,27.1,35.15,21.65,0.1,0.3,0.2,5.0,37.0,44.0,88.0,33.0,15.0,10.0,2.1
2019-07-03,1.0,14.281098,28.68,31.878908,8.460417,2.9264328,18.125,34.118748,0.033,28.102087,155.23018,8.326232,26.04,33.65,21.65,0.0,0.3,0.2,4.0,34.0,41.0,82.0,28.0,11.0,10.0,1.5
2019-07-04,2.0,11.872513,26.354998,29.746424,7.727083,2.8081284,45.125,33.372917,0.035708334,27.725,226.73564,7.9998055,29.87,33.6,21.55,0.0,0.3,0.1,5.0,30.0,38.0,83.0,33.0,12.0,10.0,1.2
2019-07-05,0.0,10.775436,23.505,27.243334,6.097917,2.82771,7.125,33.53125,0.034833334,27.479164,239.39775,8.484008,30.36,33.65,19.8,0.0,0.3,0.2,9.0,40.0,53.0,70.0,29.0,11.0,10.0,1.5
2019-07-06,7.0,11.416222,24.18,25.016153,4.49375,2.9321022,0.0,32.804165,0.034583334,27.143751,227.96562,7.701716,29.58,33.35,19.4,0.0,0.3,0.1,5.0,37.0,45.0,60.0,26.0,11.0,10.0,1.7
2019-07-07,0.0,9.443923,22.289999,26.103964,5.3854165,2.8376484,29.375,33.320835,0.035,24.502085,229.96046,7.1449814,25.51,30.1,18.5,0.1,0.3,0.2,4.0,36.0,41.0,70.0,24.0,11.0,10.0,1.3
2019-07-08,0.0,12.437664,27.044998,37.726,7.8333335,1.9727455,31.0,31.035416,0.034333333,22.783335,14.343033,4.984202,19.31,28.45,16.65,0.1,0.3,0.1,6.0,33.0,43.0,67.0,27.0,12.0,10.0,1.3
2019-07-09,7.0,9.392093,21.449999,45.39597,9.435416,1.6776413,39.041668,29.114584,0.033083335,25.258333,53.086594,7.0393734,29.63,32.45,17.2,0.0,0.3,0.1,3.0,33.0,38.0,72.0,,,9.0,1.4
2019-07-10,1.0,8.715973,20.295,34.387814,6.920833,2.4265828,23.25,31.741667,0.03,29.020838,239.3494,7.6046247,29.89,37.45,19.2,0.0,0.3,0.2,3.0,37.0,42.0,82.0,25.0,11.0,10.0,1.6
2019-07-11,0.0,7.5601788,18.164999,26.6454,5.74375,3.3622983,0.0,34.570835,0.033,31.3125,316.60217,7.971363,26.49,39.85,21.85,0.0,0.6,0.2,12.0,67.0,85.0,72.0,28.0,10.0,10.0,3.6
2019-07-12,2.0,9.254982,20.58,22.027426,5.777083,3.8995545,37.5,35.6375,0.0335,29.779167,249.02449,7.735093,24.73,34.3,24.5,0.1,0.9,0.4,37.0,89.0,146.0,60.0,45.0,21.0,11.0,5.0
2019-07-13,1.0,12.302772,28.38,28.482485,8.754167,3.0142972,37.541668,34.564583,0.032833334,26.985418,305.89548,6.106522,20.76,32.65,20.55,0.0,0.5,0.2,8.0,50.0,62.0,67.0,48.0,18.0,10.0,2.9
2019-07-14,0.0,9.1739435,21.225,36.950596,10.325,2.396128,29.0,32.90625,0.03225,27.772917,5.8471384,8.212831,28.4,35.9,19.7,0.0,0.2,0.1,1.0,18.0,20.0,80.0,26.0,15.0,10.0,0.6
2019-07-15,0.0,12.300326,25.71,28.355326,6.5604167,2.929726,12.75,33.716667,0.03354167,28.454168,48.43898,7.4532065,25.2,35.2,19.8,0.0,0.3,0.1,4.0,35.0,42.0,78.0,22.0,11.0,10.0,1.5
2019-07-16,0.0,10.874204,24.675001,28.193335,7.65,3.0136387,22.791666,34.141666,0.034208335,28.389578,230.61055,7.1940846,27.35,33.3,21.35,0.0,0.4,0.2,6.0,43.0,52.0,76.0,30.0,11.0,10.0,1.7
2019-07-17,0.0,8.82215,20.744999,37.3588,11.025001,2.5912101,25.708334,34.479168,0.03466667,28.687502,24.665865,6.921854,24.58,35.25,21.2,0.0,0.4,0.2,7.0,42.0,52.0,67.0,40.0,17.0,10.0,1.9
2019-07-18,0.0,10.03274,22.455,34.50814,10.266666,2.8223429,27.291666,34.516666,0.035291668,29.841667,41.69324,8.165566,26.83,36.2,22.5,0.0,0.4,0.2,4.0,41.0,48.0,86.0,30.0,13.0,10.0,2.2
2019-07-19,1.0,12.291916,26.115,28.932402,8.868751,3.237544,13.416667,35.470833,0.03466667,30.68958,178.2718,8.017027,28.45,37.55,22.8,0.0,0.3,0.2,5.0,41.0,49.0,76.0,27.0,10.0,10.0,1.7
2019-07-20,1.0,8.784205,20.835,26.93257,8.670834,3.446057,4.3333335,36.379166,0.034416664,31.252083,129.55962,8.225508,27.98,38.15,23.15,0.0,0.3,0.1,2.0,32.0,36.0,89.0,35.0,14.0,10.0,0.9
2019-07-21,0.0,11.148998,24.36,28.374102,9.564584,3.5297072,14.083333,37.364582,0.034,31.108335,115.31627,9.31988,28.08,37.6,23.75,0.0,0.2,0.1,2.0,22.0,25.0,84.0,35.0,13.0,10.0,0.7
2019-07-22,1.0,14.053891,28.109999,24.175348,6.9395833,3.6527336,13.75,36.71875,0.034791667,31.125,148.14955,8.725109,25.84,37.4,24.25,0.0,0.3,0.1,6.0,35.0,43.0,73.0,33.0,11.0,10.0,1.6
2019-07-23,2.0,11.46831,25.904999,22.671331,6.3416667,3.6479282,37.5,35.947918,0.034958333,30.785416,159.37,7.617641,26.11,36.9,23.0,0.0,0.3,0.2,5.0,38.0,46.0,81.0,37.0,18.0,10.0,1.3
2019-07-24,0.0,9.493871,20.699999,24.19956,7.3958335,3.5765593,31.208334,35.695835,0.034,30.502083,217.97404,8.808527,27.78,36.25,23.85,0.0,0.4,0.2,6.0,47.0,57.0,78.0,36.0,17.0,11.0,2.3
2019-07-25,1.0,11.992539,25.92,23.881742,6.897917,3.4113503,33.125,35.733334,0.03358333,27.524996,251.37398,8.136609,26.72,31.1,23.35,0.0,0.4,0.2,10.0,52.0,67.0,68.0,38.0,16.0,11.0,1.9
2019-07-26,0.0,15.769188,31.289999,30.647001,7.0375,2.5734363,49.916668,33.216667,0.033208333,23.29167,278.2394,6.2182155,18.4,27.35,19.1,0.0,0.3,0.2,9.0,37.0,50.0,54.0,23.0,11.0,10.0,3.2
2019-07-27,1.0,15.968762,30.255,37.131252,7.258333,1.8129959,46.458332,28.560417,0.033333335,23.231249,57.41755,6.405314,28.52,30.35,15.95,0.0,0.2,0.1,3.0,21.0,26.0,58.0,16.0,8.0,10.0,0.8
2019-07-28,0.0,8.088137,19.155,38.41654,7.2333336,2.0154223,1.3333334,30.622917,0.034,26.085417,253.82616,8.213994,28.51,32.7,18.25,0.0,0.3,0.1,2.0,16.0,19.0,63.0,14.0,7.0,10.0,0.5
2019-07-29,0.0,13.611076,27.39,27.134645,4.5208335,2.6193397,0.041666668,31.266668,0.035,24.370832,20.379908,7.062744,28.77,30.9,16.4,0.0,,,,,,,,,,
2019-07-30,1.0,10.38472,22.32,27.70712,3.3291667,2.3741233,6.5833335,31.014582,0.034,25.516665,69.07104,8.139603,27.01,33.9,17.5,0.0,,,,,,,,,,
2019-07-31,0.0,16.378838,32.52,40.344563,10.297916,2.209294,34.333332,31.481249,0.03533333,27.137499,202.70828,7.6605697,27.84,34.05,20.8,0.2,,,,,,,,,,
2019-08-01,0.0,12.456264,26.355001,39.672283,9.2375,2.4813416,19.541666,33.139584,0.036458332,28.020834,349.64673,7.2825427,28.02,35.3,20.1,0.0,,,,,,,,,,
2019-08-02,0.0,10.243527,22.68,34.157635,7.570833,2.8625062,0.0,33.729168,0.035749998,28.414581,260.832,7.964722,28.07,35.8,20.1,0.0,,,,,,,,,,
2019-08-03,1.0,10.305615,22.26,28.58033,5.69375,3.080497,0.041666668,33.693752,0.034625,28.802084,247.06786,8.110173,27.95,35.4,20.5,0.0,,,,,,,,,,
2019-08-04,0.0,10.616166,22.335,23.778465,4.954167,3.248625,0.083333336,33.54375,0.034833334,28.775002,244.18718,7.929515,27.75,35.7,20.2,0.0,,,,,,,,,,
2019-08-05,1.0,9.821454,21.3,24.81264,5.258333,3.2074795,0.0,33.922916,0.0345,28.908333,240.93834,8.551891,27.45,35.65,21.55,0.0,,,,,,,,,,
2019-08-06,1.0,12.5436945,25.455,21.844881,4.1062503,3.3070905,38.375,33.416668,0.033000004,25.6,240.37523,4.645182,9.51,28.6,22.8,0.0,,,,,,,,,,
2019-08-07,2.0,13.204179,25.935,43.836666,11.697917,1.8098526,86.0,29.045832,0.034125,26.316666,239.70615,7.4182367,26.31,33.4,19.9,0.0,,,,,,,,,,
2019-08-08,0.0,13.508506,26.984999,40.857838,11.629167,2.2531097,7.8333335,31.195833,0.032500003,26.0875,238.58061,6.626771,21.18,31.05,20.9,0.0,,,,,,,,,,
2019-08-09,0.0,20.580572,37.98,52.76833,14.966667,1.6563288,21.666666,30.112501,0.028916666,24.641665,238.41188,6.7005987,26.01,31.4,17.9,0.0,,,,,,,,,,
2019-08-10,0.0,10.56038,22.544998,38.35575,7.4812503,2.1496503,22.5,30.635416,0.032083333,24.456251,251.67621,7.5285745,25.96,29.3,19.2,0.9,,,,,,,,,,
2019-08-11,0.0,13.97285,28.049997,30.730736,4.8645835,2.2073495,47.166668,29.6875,0.037499998,21.908335,5.551951,7.12386,27.31,27.5,15.8,0.0,,,,,,,,,,
2019-08-12,1.0,15.272933,29.039999,29.334557,1.2645832,1.992246,22.25,27.664583,0.0345,22.518751,39.87999,6.333452,26.01,29.5,15.05,0.0,,,,,,,,,,
2019-08-13,0.0,10.336737,23.550001,34.779957,5.1124997,1.98847,20.208334,29.347916,0.034458335,25.054167,36.528946,6.38695,26.33,32.7,16.55,0.0,,,,,,,,,,
2019-08-14,0.0,7.055184,17.265,26.461733,3.3541667,2.6059375,1.8333334,30.889582,0.034,27.714584,5.615267,6.8341866,24.44,35.3,19.3,0.0,0.5,,6.0,36.0,45.0,73.0,14.0,19.0,,4.2
2019-08-15,2.0,10.602316,22.230001,28.456278,6.6854167,2.9135494,16.541666,32.7,0.033708334,28.272919,12.7243595,8.023644,25.8,35.8,20.35,0.0,0.6,0.3,10.0,37.0,52.0,69.0,16.0,16.0,6.0,5.2
2019-08-16,0.0,12.466741,26.07,32.84849,9.0125,2.8784733,0.20833333,33.681248,0.033875,29.310417,255.90488,7.899481,26.13,36.6,20.5,0.0,0.4,0.2,5.0,29.0,36.0,68.0,18.0,19.0,5.0,2.9
2019-08-17,0.0,10.8807,22.47,24.35649,5.4395833,3.335542,0.0,33.441666,0.035,27.943748,243.811,8.303715,24.58,34.4,19.9,0.0,0.6,0.3,8.0,48.0,60.0,57.0,26.0,20.0,5.0,4.6
2019-08-18,0.0,13.9565735,27.419998,21.046738,2.1895833,3.1215684,14.833333,31.522917,0.033,26.28125,280.7971,6.8193555,22.48,32.3,19.75,0.0,0.5,0.3,5.0,36.0,43.0,63.0,18.0,18.0,4.0,3.0
2019-08-19,1.0,12.54395,25.979998,37.553726,9.014584,2.3166711,61.416668,31.3375,0.033,24.481249,38.480236,6.4695625,22.2,29.6,19.25,0.1,0.5,0.3,11.0,35.0,51.0,43.0,13.0,13.0,4.0,2.8
2019-08-20,0.0,17.263065,33.03,48.73042,12.135417,1.6595016,44.5,29.960417,0.034250002,23.222918,46.988194,4.1655326,14.41,28.2,19.35,0.3,0.3,0.2,4.0,21.0,27.0,60.0,11.0,12.0,4.0,3.7
2019-08-21,0.0,10.199444,22.410002,53.33717,13.0,1.388266,64.083336,28.352083,0.036333334,24.314583,50.762638,6.003555,25.65,32.25,16.85,0.0,0.3,0.2,4.0,24.0,29.0,68.0,14.0,14.0,4.0,3.3
2019-08-22,1.0,9.767956,20.64,41.936073,6.227083,2.154463,34.75,29.7125,0.03525,25.539583,69.06122,5.884701,25.22,32.15,18.15,0.0,0.6,0.3,11.0,44.0,62.0,59.0,17.0,17.0,4.0,3.7
2019-08-23,1.0,5.838115,15.014999,33.691925,7.2937503,2.3992076,0.5833333,30.80625,0.035749998,26.652082,153.55643,5.91895,24.88,33.55,18.05,0.0,0.7,0.3,8.0,50.0,63.0,74.0,17.0,17.0,4.0,4.1
2019-08-24,0.0,6.056763,15.435,28.632065,5.852083,2.719292,0.875,31.037498,0.038291667,26.88125,124.47099,6.5871973,20.75,32.9,19.35,0.0,0.7,0.4,12.0,51.0,69.0,83.0,22.0,17.0,4.0,3.7
2019-08-25,0.0,12.682069,25.11,32.984173,7.8312497,2.5454872,33.583332,30.902084,0.035541665,21.56875,74.62619,4.1734366,17.1,26.4,18.4,11.0,0.5,0.3,5.0,27.0,34.0,80.0,14.0,14.0,4.0,2.5
2019-08-26,2.0,10.620944,26.4,65.78069,13.9875,0.88681084,72.208336,26.070833,0.09216667,21.375,56.2128,3.9735587,20.54,27.25,16.4,0.1,0.4,0.3,5.0,31.0,39.0,62.0,16.0,15.0,4.0,2.2
2019-08-27,2.0,5.20995,13.875,62.568085,13.272916,1.1054816,32.291668,25.775,0.074625,23.854166,188.61555,5.0641446,24.03,29.95,17.3,0.0,0.5,0.3,5.0,34.0,42.0,77.0,11.0,11.0,4.0,3.2
2019-08-28,0.0,4.883948,12.78,48.891712,11.502083,1.7185692,22.166666,27.885416,0.05395833,26.150002,155.7042,5.5107517,23.41,32.8,18.75,0.0,0.7,0.4,9.0,59.0,72.0,69.0,18.0,15.0,5.0,4.5
2019-08-29,1.0,6.100702,14.61,39.47308,10.514584,2.2798645,33.791668,30.127083,0.039208334,26.589582,73.93682,5.5090146,21.27,33.65,19.9,0.0,0.9,0.4,10.0,66.0,81.0,75.0,27.0,14.0,5.0,5.8
2019-08-30,2.0,7.301416,18.72,39.607784,10.872917,2.2575378,17.666666,31.572916,0.0295,25.820831,198.7999,4.9363704,21.02,32.2,18.25,0.0,0.6,0.3,7.0,48.0,58.0,80.0,23.0,13.0,5.0,3.9
2019-08-31,1.0,5.196818,13.485,40.98914,10.333333,2.2093766,12.958333,30.435417,0.036083333,26.772913,320.02417,5.313249,17.73,32.4,19.9,0.0,0.9,0.4,15.0,63.0,87.0,60.0,19.0,11.0,5.0,6.0
2019-09-01,0.0,9.526967,20.07,35.798557,9.462501,2.377868,53.25,30.18125,0.036374997,24.087502,36.926056,5.6960034,20.57,30.15,17.5,0.1,1.0,0.4,22.0,57.0,91.0,62.0,20.0,11.0,5.0,6.4
2019-09-02,0.0,15.517915,30.224998,46.829803,11.283333,1.7434367,19.416666,28.895834,0.039666668,24.90625,14.579863,6.5513086,22.55,32.9,16.7,0.0,0.5,0.3,6.0,34.0,43.0,63.0,17.0,8.0,4.0,2.9
2019-09-03,1.0,11.119003,23.654999,35.939396,8.058333,2.2260733,17.875,30.043749,0.038583335,25.979164,29.882736,6.1093893,23.43,33.25,18.0,0.0,0.6,0.3,9.0,43.0,56.0,61.0,21.0,10.0,4.0,7.5
2019-09-04,0.0,9.492715,21.375,30.077124,5.4666667,2.5462666,1.375,31.289583,0.029,22.125,44.832764,7.200752,23.23,28.4,16.4,0.0,0.7,0.3,10.0,54.0,69.0,64.0,22.0,8.0,4.0,7.4
2019-09-05,1.0,21.843325,40.185,38.842213,5.8770833,1.718105,4.0,27.429167,0.023,19.310417,48.487694,6.4075565,23.78,27.0,12.15,0.0,0.5,0.3,5.0,25.0,33.0,60.0,12.0,4.0,4.0,2.1
2019-09-06,0.0,17.099154,32.55,33.375237,0.675,1.6956328,4.8333335,24.658333,0.022916667,20.25208,37.985336,5.6900454,19.74,27.85,13.75,0.0,0.4,0.3,5.0,27.0,34.0,59.0,8.0,3.0,4.0,2.0
2019-09-07,0.0,15.58305,30.644999,38.53023,5.0020833,1.6369396,36.5,25.725,0.020583333,22.26667,26.270905,5.374828,20.93,29.15,14.85,0.0,0.5,0.3,4.0,26.0,32.0,69.0,12.0,4.0,4.0,1.9
2019-09-08,0.0,10.085228,22.095,39.72749,7.1541667,1.8045629,20.958334,27.635416,0.015500001,23.243752,260.42584,6.961261,22.37,29.9,15.6,0.0,0.4,0.3,3.0,25.0,29.0,68.0,15.0,5.0,4.0,1.8
2019-09-09,0.0,14.387634,28.305,28.539757,1.6895833,2.2150402,29.208334,27.229166,0.016041666,17.802084,347.61276,5.0228024,17.05,22.5,14.2,0.7,0.8,0.4,16.0,46.0,71.0,45.0,20.0,7.0,5.0,3.6
2019-09-10,2.0,18.43513,38.07,44.287823,4.2312503,1.147264,32.958332,22.664583,0.015333333,19.079168,29.628162,6.1611176,19.29,26.5,13.3,0.0,0.4,0.3,5.0,22.0,29.0,51.0,10.0,4.0,4.0,3.3
2019-09-11,3.0,24.211649,44.145,42.64963,5.620833,1.4239372,20.041666,22.356249,0.014958333,21.377085,57.89823,5.1785717,14.8,27.55,14.95,0.0,0.4,0.3,5.0,28.0,34.0,66.0,11.0,4.0,4.0,2.3
2019-09-12,0.0,16.284224,31.289999,41.850117,7.5499997,1.6390476,38.208332,23.768751,0.016208334,19.433332,45.24244,3.3625984,9.87,24.75,16.0,10.3,0.7,0.4,10.0,44.0,59.0,57.0,17.0,6.0,4.0,3.8
2019-09-13,0.0,16.371037,33.164997,59.852154,10.554167,0.93401307,82.5,20.63125,0.108666666,17.954166,42.062725,1.9120921,8.28,19.75,15.8,14.200001,0.6,0.3,6.0,42.0,51.0,51.0,14.0,6.0,4.0,3.6
2019-09-14,0.0,11.390607,25.769999,77.83092,13.947917,0.46311697,86.416664,19.402082,0.169375,17.591667,45.30638,1.8254637,10.33,20.1,15.5,14.500001,0.4,0.3,3.0,33.0,37.0,50.0,12.0,6.0,4.0,1.8
2019-09-15,1.0,10.295006,22.664999,87.684746,15.470833,0.25704086,79.416664,19.235416,0.34625003,19.5,46.041557,2.648742,14.01,24.15,16.45,5.9,0.4,0.3,3.0,30.0,36.0,36.0,19.0,12.0,4.0,1.8
2019-09-16,0.0,6.36515,14.535,79.90124,15.7625,0.51670027,55.875,20.883333,0.32870832,20.510418,8.820319,3.5268188,18.15,27.0,15.3,0.3,0.7,0.4,15.0,53.0,76.0,41.0,21.0,12.0,4.0,4.0
2019-09-17,1.0,5.741791,12.57,72.4627,14.864583,0.7825485,50.083332,21.78125,0.274375,19.920832,17.037924,3.8109334,20.29,26.3,14.0,1.4,0.8,0.4,18.0,55.0,83.0,53.0,23.0,11.0,4.0,5.2
2019-09-18,0.0,4.8823624,12.54,67.420586,13.2625,0.87988687,16.291666,21.5,0.22958334,20.800001,73.47416,3.6705868,18.09,26.85,15.0,0.0,0.8,0.4,16.0,59.0,83.0,46.0,17.0,7.0,5.0,5.0
2019-09-19,0.0,6.7067547,13.349999,63.63284,13.114583,1.0073729,42.041668,21.856249,0.19175,19.383335,87.461464,2.6622365,12.81,23.4,16.2,19.2,0.7,0.4,13.0,57.0,77.0,53.0,20.0,8.0,5.0,6.7
2019-09-20,0.0,10.439708,24.974998,77.273186,14.852084,0.55098504,86.791664,21.010416,0.21595834,17.722918,183.92583,1.8599514,9.68,20.6,14.5,1.9000002,0.5,0.3,9.0,42.0,56.0,51.0,28.0,13.0,4.0,3.5
2019-09-21,0.0,7.767998,17.339998,83.5929,14.714583,0.36162707,78.375,19.331251,0.301375,18.35,238.5486,3.213741,15.53,23.1,15.45,4.7999997,0.4,0.3,7.0,38.0,49.0,36.0,28.0,17.0,4.0,2.3
2019-09-22,0.0,12.990383,24.69,71.42917,12.325,0.6638535,68.166664,19.241667,0.3015,16.468748,239.5696,3.4073563,18.82,22.8,10.85,0.0,0.4,0.3,6.0,26.0,35.0,41.0,13.0,8.0,4.0,1.4
2019-09-23,0.0,6.284908,13.095,69.25338,10.391666,0.6734414,72.0,18.383333,0.25566667,18.402082,235.69771,4.010553,19.48,25.4,12.15,0.0,0.8,0.4,24.0,53.0,89.0,29.0,17.0,9.0,5.0,5.0
2019-09-24,0.0,11.470679,21.33,66.06556,11.662499,0.8354959,8.916667,18.810417,0.20841666,17.995832,274.15952,3.4448473,19.26,23.3,12.2,0.0,0.9,0.4,31.0,60.0,108.0,25.0,22.0,10.0,5.0,6.5
2019-09-25,0.0,5.3867784,12.6449995,62.939228,10.306251,0.82786274,41.833332,20.195833,0.163,18.94375,287.52563,3.765276,18.97,26.4,12.4,0.0,0.7,0.3,12.0,45.0,64.0,43.0,12.0,6.0,4.0,4.8
2019-09-26,0.0,6.919302,13.56,59.932613,10.4375,1.0205249,14.541667,20.270834,0.128625,19.622915,306.2293,4.0460534,19.28,27.6,12.75,0.0,0.8,0.4,14.0,54.0,76.0,40.0,18.0,6.0,5.0,5.2
2019-09-27,0.0,6.55274,13.44,54.22138,8.722917,1.2299801,5.0,20.741667,0.100250006,19.479166,14.118934,3.9790545,19.52,27.6,12.0,0.0,1.3,0.5,31.0,77.0,125.0,31.0,23.0,9.0,6.0,7.4
2019-09-28,1.0,5.8058105,12.75,43.92564,5.63125,1.4937812,11.333333,20.766666,0.068166666,19.847916,254.79182,4.3980947,19.15,29.15,10.7,0.0,0.9,0.4,26.0,62.0,103.0,46.0,19.0,7.0,5.0,4.6
2019-09-29,0.0,7.4309998,14.639999,45.193638,6.0479164,1.5189351,0.0,21.008333,0.056375,20.260414,288.11008,4.4493475,19.04,29.3,12.2,0.0,1.2,0.5,26.0,63.0,103.0,49.0,27.0,13.0,6.0,5.3
2019-09-30,0.0,7.3069973,15.419999,37.85705,3.8812501,1.7192044,15.458333,22.175001,0.041125,20.727083,290.425,5.0006065,18.47,27.35,14.3,0.0,0.5,0.4,29.0,77.0,122.0,30.0,26.0,8.0,6.0,2.5
2019-10-01,0.0,12.022891,22.875,37.63289,5.370833,1.6213698,18.5,22.65625,0.033333335,18.127083,340.89093,4.2713656,18.2,23.45,12.45,0.0,0.7,0.5,50.0,76.0,153.0,21.0,30.0,12.0,6.0,3.5
2019-10-02,1.0,10.011707,21.089998,47.72583,5.8645835,1.1523305,41.375,22.129166,0.035208333,17.974998,322.16034,3.8493845,18.09,27.1,10.45,0.0,0.6,0.3,6.0,34.0,43.0,51.0,12.0,5.0,5.0,2.8
2019-10-03,1.0,6.216024,14.355,46.098858,4.875,1.3101772,66.875,21.520834,0.035125,19.183334,303.61084,4.257435,17.86,27.7,11.15,0.0,1.0,0.4,30.0,66.0,112.0,29.0,21.0,7.0,5.0,6.1
2019-10-04,0.0,8.289105,17.265,42.070755,5.03125,1.4878813,13.458333,21.854166,0.037750002,20.020834,308.04712,4.0221453,17.86,27.35,13.0,0.0,1.1,0.4,29.0,76.0,120.0,27.0,28.0,10.0,6.0,6.4
2019-10-05,0.0,8.105893,16.89,49.385334,8.1875,1.3457427,0.0,23.133333,0.034625,19.964582,325.41592,4.152252,16.97,28.35,12.1,0.0,0.8,0.3,9.0,55.0,69.0,39.0,25.0,9.0,6.0,3.6
2019-10-06,0.0,7.6850715,17.355,44.60457,6.05625,1.5075006,40.416668,23.125,0.0305,20.564585,20.336319,3.5878558,16.59,28.55,12.8,0.0,0.9,0.4,18.0,60.0,88.0,39.0,20.0,8.0,5.0,4.3
2019-10-07,0.0,5.285503,12.54,42.660267,6.647917,1.5729918,47.625,23.620832,0.026166668,21.366667,11.962097,3.9948864,16.81,29.05,13.65,0.0,1.5,0.6,45.0,80.0,149.0,20.0,31.0,11.0,6.0,8.5
2019-10-08,0.0,6.874752,14.91,41.899456,7.120833,1.6533936,30.375,24.0375,0.03266667,21.056252,25.679438,3.7950528,16.82,28.25,13.8,0.0,1.5,0.6,51.0,71.0,149.0,27.0,27.0,9.0,6.0,7.6
2019-10-09,0.0,8.260026,17.46,47.03731,8.510417,1.4640217,0.083333336,24.24375,0.034875,19.541666,36.634228,3.8425405,15.13,26.35,13.6,0.0,1.5,0.5,32.0,67.0,117.0,19.0,30.0,9.0,6.0,12.0
2019-10-10,13.0,10.932155,22.515,54.137283,9.683333,1.1323158,16.833334,23.216667,0.037208334,20.691668,99.7212,3.225641,15.62,27.35,14.3,0.0,1.1,0.5,26.0,55.0,95.0,31.0,33.0,11.0,5.0,5.4
2019-10-11,8.0,6.8051734,14.88,62.64796,12.825,1.0706509,48.541668,23.327082,0.040541667,21.418753,168.83206,3.1126986,11.22,26.35,16.75,0.2,0.8,0.4,18.0,63.0,90.0,25.0,34.0,15.0,6.0,5.1
2019-10-12,12.0,8.249326,17.324999,50.738815,10.177083,1.3100843,66.916664,22.802084,0.045916665,19.404165,193.13692,3.571232,16.12,25.05,15.1,0.0,0.5,0.3,7.0,33.0,44.0,41.0,27.0,9.0,5.0,2.1
2019-10-13,0.0,10.058929,20.07,56.57934,9.933333,1.0500675,5.6666665,21.366667,0.055666666,16.564585,225.14766,3.0292556,11.25,19.4,10.85,2.8,0.6,0.3,10.0,40.0,55.0,40.0,29.0,15.0,5.0,2.5
2019-10-14,0.0,19.770103,37.484997,62.57255,8.372916,0.7310954,52.5,18.141666,0.0665,11.770835,257.50436,2.932593,15.13,16.85,6.8,0.0,0.6,0.3,12.0,40.0,59.0,35.0,21.0,10.0,5.0,2.5
2019-10-15,1.0,11.236226,22.185,56.04125,2.8812501,0.6629057,33.166668,15.077084,0.08375,12.747917,240.223,2.80234,15.41,18.25,7.7,0.0,0.6,0.3,13.0,36.0,57.0,41.0,9.0,3.0,5.0,2.5
2019-10-16,0.0,10.086007,19.5,62.553547,5.241667,0.62205,27.208334,14.947917,0.07158334,12.96875,231.31363,1.5339105,7.67,17.45,8.6,0.70000005,0.8,0.4,24.0,49.0,85.0,30.0,15.0,6.0,5.0,3.6
2019-10-17,1.0,10.33714,19.74,77.27706,9.191667,0.356539,69.458336,13.935417,0.074999996,15.995834,229.93813,1.5294622,7.4,20.35,13.3,0.5,0.7,0.4,27.0,56.0,97.0,17.0,18.0,10.0,5.0,3.7
2019-10-18,0.0,14.228783,26.31,82.96286,13.110416,0.33556393,88.333336,16.5375,0.09483334,14.302082,220.97682,1.9394563,9.12,17.65,11.35,8.3,0.5,0.3,19.0,41.0,69.0,20.0,16.0,10.0,5.0,3.4
2019-10-19,0.0,13.890789,28.185,72.96763,9.1875,0.4535512,72.041664,15.495833,0.111041665,10.885418,245.53084,1.4164455,7.12,14.05,8.45,5.4,0.4,0.2,8.0,29.0,42.0,44.0,11.0,6.0,5.0,1.4
2019-10-20,0.0,15.428449,28.095,77.97415,6.53125,0.28980222,63.083332,12.889584,0.20908333,9.218749,29.407095,1.9644074,13.77,14.15,4.7,0.0,0.4,0.2,7.0,26.0,37.0,46.0,7.0,4.0,5.0,1.0
2019-10-21,1.0,5.912577,12.105,73.25581,4.3395834,0.36042812,19.916666,11.535417,0.19891667,9.352083,31.972092,1.1900046,5.66,12.05,6.3,5.6000004,0.7,0.4,25.0,49.0,88.0,26.0,8.0,4.0,5.0,3.0
2019-10-22,0.0,11.345881,21.255,78.680824,5.870833,0.26083946,95.541664,10.45,0.206625,8.849999,244.97159,0.6658651,3.45,9.95,7.5,9.200001,0.6,0.3,17.0,48.0,73.0,20.0,12.0,6.0,5.0,3.2
2019-10-23,0.0,10.161662,19.725,87.50617,6.9041667,0.14343913,98.791664,9.966666,0.30808333,11.48125,264.76508,2.2366352,13.99,16.7,7.2,0.4,0.5,0.3,20.0,43.0,74.0,24.0,8.0,5.0,5.0,2.1
2019-10-24,0.0,11.556878,21.93,73.94349,6.65625,0.39727488,38.208332,11.95625,0.27616665,11.975001,314.99976,2.1598828,14.19,19.1,6.65,0.0,0.7,0.4,23.0,53.0,87.0,28.0,13.0,6.0,5.0,3.0
2019-10-25,1.0,4.9737883,10.38,79.304695,8.427083,0.3604695,2.5,12.84375,0.24295832,13.583333,31.644598,2.3239856,14.22,21.2,6.9,0.0,1.0,0.6,51.0,72.0,151.0,13.0,24.0,12.0,6.0,5.8
2019-10-26,0.0,5.7800117,10.829999,73.367455,8.318749,0.5215128,6.875,13.45625,0.21662499,13.733335,48.179882,2.0777814,12.46,20.55,7.25,0.0,1.3,0.7,66.0,70.0,171.0,14.0,27.0,15.0,6.0,6.8
2019-10-27,0.0,4.8748183,9.839999,72.14417,8.587501,0.5399658,63.208332,13.685417,0.19804166,14.895833,240.01842,1.7178651,9.11,21.15,11.2,0.0,1.2,0.7,49.0,65.0,139.0,20.0,21.0,11.0,6.0,5.9
2019-10-28,0.0,6.0439725,11.264999,75.79011,10.304167,0.46736547,86.916664,15.172916,0.17908333,13.843751,250.93535,1.6999179,10.69,19.15,9.35,0.0,,0.5,28.0,67.0,110.0,18.0,24.0,13.0,6.0,
2019-10-29,0.0,4.447456,9.66,84.816536,11.05,0.2848378,62.083332,14.854167,0.158375,14.154167,242.73062,1.4569325,7.87,18.9,9.8,1.0,1.2,0.6,66.0,76.0,176.0,6.0,49.0,31.0,6.0,8.8
2019-10-30,0.0,6.681999,13.47,83.070366,11.327084,0.31300396,89.333336,14.647916,0.15033333,16.53333,274.3526,2.1322472,10.31,22.2,13.25,0.0,0.9,0.5,40.0,62.0,123.0,10.0,40.0,25.0,6.0,6.3
2019-10-31,0.0,12.165466,22.229998,76.80886,11.9875,0.5095795,79.083336,16.654167,0.13258334,16.329166,246.32265,1.6372923,8.25,20.0,13.8,0.0,0.7,0.4,20.0,47.0,78.0,20.0,18.0,10.0,5.0,3.7
2019-11-01,0.0,18.173077,31.65,85.6246,13.822917,0.29800746,77.083336,16.897917,0.11529166,15.7375,240.77689,1.9561274,9.4,18.7,14.2,0.0,0.4,0.3,13.0,28.0,49.0,20.0,21.0,14.0,5.0,1.8
2019-11-02,0.0,22.916952,40.2,80.195496,12.047916,0.37072197,89.25,16.8125,0.11570833,13.802085,260.85968,2.9681165,11.46,16.5,12.05,0.3,0.3,0.2,9.0,21.0,35.0,39.0,17.0,8.0,5.0,1.0
2019-11-03,3.0,25.178164,46.289997,64.09438,6.5333333,0.58954877,51.166668,15.306251,0.105625,13.59375,237.11845,1.7949094,6.85,16.65,11.85,1.7,0.3,0.3,6.0,23.0,31.0,60.0,7.0,4.0,5.0,0.9
2019-11-04,1.0,24.961014,46.079998,79.43972,9.85625,0.33447346,85.083336,14.48125,0.10470834,9.864584,266.29578,1.8625661,9.22,14.25,6.25,1.9000001,0.4,0.3,13.0,29.0,50.0,47.0,10.0,4.0,5.0,1.6
2019-11-05,0.0,17.235012,32.25,69.76101,4.079167,0.39491084,20.125,11.33125,0.13925,10.016665,282.3717,1.971186,8.65,14.4,6.3,0.0,0.6,0.4,16.0,38.0,63.0,37.0,7.0,3.0,5.0,2.3
2019-11-06,2.0,15.081326,26.894999,64.47439,3.5166667,0.46861818,58.041668,11.08125,0.12833333,10.647916,271.46393,2.3408794,10.75,13.3,6.9,0.0,0.8,0.4,18.0,43.0,70.0,28.0,10.0,4.0,5.0,2.6
2019-11-07,1.0,20.538702,36.87,65.79752,3.2458334,0.45097145,53.208332,11.747917,0.13149999,7.3812504,279.9658,2.277818,10.99,12.65,3.55,0.0,0.8,0.4,15.0,40.0,62.0,36.0,9.0,4.0,5.0,3.6
2019-11-08,1.0,16.728788,31.154999,57.84483,-0.80625004,0.46898103,16.541666,8.872916,0.116791666,7.1958327,252.09818,1.4096594,7.89,11.35,4.0,0.8000001,0.6,0.4,17.0,43.0,70.0,36.0,8.0,3.0,5.0,2.3
2019-11-09,2.0,14.503254,27.299997,75.77071,3.03125,0.26434293,58.0,8.608334,0.106458336,7.5416675,285.87125,1.5001715,8.46,10.4,5.4,0.4,0.5,0.3,8.0,33.0,46.0,38.0,9.0,4.0,5.0,1.2
2019-11-10,1.0,13.947492,25.83,67.96135,1.775,0.34315255,69.5,8.685416,0.101875,8.431249,303.99435,1.2888983,5.32,12.55,5.85,1.2,0.5,0.3,9.0,32.0,45.0,43.0,6.0,3.0,5.0,1.1
2019-11-11,0.0,12.372402,23.775,70.54425,3.4479167,0.3346577,86.708336,8.931251,0.09995833,7.954166,310.22104,1.7078778,9.38,13.7,2.15,0.5,0.8,0.4,31.0,54.0,103.0,19.0,11.0,6.0,6.0,3.0
2019-11-12,0.0,10.356213,20.1,70.18998,2.5062501,0.3747935,55.916668,8.979167,0.10016667,11.570834,255.9637,1.6715361,9.08,16.5,8.95,1.9000002,0.9,0.5,31.0,56.0,104.0,24.0,14.0,6.0,6.0,3.8
2019-11-13,0.0,15.843905,31.14,75.80726,6.839583,0.37413478,60.041668,11.816667,0.13291667,7.4770827,257.32892,1.4689939,7.32,9.15,5.45,4.1,0.8,0.4,30.0,48.0,94.0,28.0,11.0,5.0,7.0,4.3
2019-11-14,1.0,21.825998,40.53,72.01292,2.375,0.2878236,78.416664,9.120833,0.16429166,6.1166673,281.75534,1.840409,9.64,9.8,3.8,0.0,0.4,0.4,13.0,40.0,59.0,40.0,8.0,4.0,6.0,1.1
2019-11-15,3.0,16.386965,30.345,59.897617,-1.4270834,0.38759157,71.75,7.7479167,0.162625,5.2562504,291.20074,1.7148192,11.26,10.5,0.6,0.0,0.7,0.4,21.0,46.0,78.0,30.0,8.0,3.0,6.0,2.4
2019-11-16,0.0,10.591646,19.964998,62.893982,-1.56875,0.35635838,14.041667,6.527083,0.14933333,5.2458334,241.68709,0.6419668,2.99,9.65,2.2,4.9000006,0.6,0.4,12.0,45.0,64.0,32.0,7.0,3.0,6.0,1.8
2019-11-17,0.0,14.66281,26.549997,82.78762,2.8041668,0.15435971,74.75,5.6749997,0.15166667,6.0874996,321.96005,1.3525273,9.59,11.1,0.95,0.0,0.6,0.3,10.0,38.0,53.0,33.0,9.0,5.0,6.0,1.2
2019-11-18,4.0,8.614844,16.679998,72.46183,0.94374996,0.29007816,22.666666,6.44375,0.19112499,4.410416,251.82776,1.1492007,8.86,10.4,-1.6,0.0,1.0,0.5,37.0,57.0,113.0,21.0,10.0,5.0,7.0,3.2
2019-11-19,0.0,5.7715054,11.204999,76.6039,0.39166665,0.22678699,61.125,4.9416666,0.18033333,5.297917,208.43475,0.63498914,3.92,8.85,2.4,4.1,1.5,0.6,80.0,73.0,195.0,8.0,21.0,12.0,7.0,6.8
2019-11-20,0.0,5.5738525,11.895,85.5223,3.1166668,0.1410731,97.416664,5.945833,0.18545832,6.4812493,214.29471,0.4376473,2.66,9.15,3.3,2.4999998,1.2,0.5,45.0,64.0,132.0,4.0,21.0,14.0,6.0,4.6
2019-11-21,0.0,8.644908,16.005,93.28385,5.2875,0.070777684,82.708336,6.664583,0.23070835,8.341666,201.61484,0.45167732,2.07,11.75,3.5,10.3,0.9,0.4,30.0,59.0,106.0,9.0,15.0,10.0,5.0,3.0
2019-11-22,0.0,16.931564,33.315,92.596466,7.570833,0.08860435,92.375,7.9520836,0.30170834,8.229167,265.60767,1.6446234,7.37,11.5,6.0,0.3,0.5,0.3,15.0,44.0,67.0,23.0,10.0,6.0,5.0,1.9
2019-11-23,0.0,21.628038,38.969997,69.55793,2.5291667,0.3466593,43.041668,7.964583,0.30766666,7.504167,257.74884,1.4798119,8.64,11.45,4.25,0.0,0.5,0.3,9.0,38.0,52.0,49.0,6.0,3.0,5.0,1.2
2019-11-24,1.0,13.672601,25.545,73.41389,2.98125,0.29653078,53.208332,8.002084,0.26662502,11.375,236.8253,1.1680273,7.16,15.7,7.9,0.3,0.5,0.3,8.0,33.0,46.0,48.0,8.0,3.0,5.0,1.0
2019-11-25,0.0,14.279429,25.83,84.70588,8.920834,0.22810711,84.5,10.472917,0.25254166,11.429166,220.81293,0.7261389,3.03,14.55,8.9,0.9,0.6,0.4,20.0,39.0,70.0,29.0,12.0,6.0,5.0,2.4
2019-11-26,0.0,16.20405,28.604998,88.89324,9.766666,0.16407105,89.541664,10.845833,0.24745834,11.137498,238.8769,1.1380134,5.73,12.75,9.55,0.4,,0.3,19.0,41.0,71.0,21.0,10.0,7.0,5.0,
2019-11-27,0.0,19.960302,35.43,82.1235,7.8875003,0.24117388,81.5,11.372917,0.23895834,10.075,237.38243,0.7607963,3.27,12.15,8.15,0.1,0.5,0.4,17.0,38.0,64.0,38.0,13.0,6.0,5.0,1.8
2019-11-28,0.0,17.449564,31.185,86.065315,7.9375,0.17910211,89.791664,10.327084,0.22666667,12.289582,239.73561,0.68260294,3.72,14.85,11.2,1.7,0.6,0.4,20.0,43.0,73.0,31.0,13.0,6.0,5.0,2.1
2019-11-29,0.0,14.850536,26.94,90.65781,10.810417,0.14102033,94.75,11.9375,0.22166668,12.510417,224.84319,0.94180286,4.01,14.75,11.25,1.5999999,0.6,0.4,21.0,41.0,74.0,26.0,13.0,8.0,5.0,1.9
2019-11-30,1.0,15.999619,29.294998,85.558876,10.002084,0.21796016,93.125,12.389584,0.21979167,8.095834,236.2425,0.38509446,2.12,11.15,6.85,17.900002,0.4,0.3,10.0,34.0,49.0,35.0,12.0,7.0,5.0,1.1
2019-12-01,0.0,9.031345,18.824999,91.42698,6.5125003,0.09198008,94.375,9.16875,0.3159167,7.99375,43.787663,1.4864383,6.31,11.2,5.1,3.0000002,0.4,0.3,8.0,40.0,52.0,29.0,8.0,5.0,5.0,0.9
2019-12-02,1.0,20.767666,36.75,70.44735,2.5854166,0.33021674,71.708336,8.139584,0.3455,6.0229173,35.144905,1.4443208,8.86,9.85,2.75,0.0,0.6,0.3,11.0,37.0,53.0,36.0,7.0,3.0,6.0,1.3
2019-12-03,0.0,14.722306,26.775,69.81633,0.7166667,0.29277104,39.625,6.8562503,0.30075,7.214584,32.991703,1.0617615,4.35,11.9,3.8,1.1,0.7,0.4,17.0,41.0,67.0,30.0,9.0,5.0,6.0,1.9
2019-12-04,0.0,15.847341,28.724998,75.46505,3.4875,0.2665011,88.375,7.0770836,0.29229167,8.833333,40.493107,1.2022274,5.05,11.4,6.85,1.1,0.8,0.4,19.0,52.0,81.0,21.0,10.0,6.0,7.0,2.5
2019-12-05,0.0,15.260037,28.199999,74.12965,4.25625,0.30100486,69.916664,8.029166,0.30200002,8.0375,30.099787,1.0695006,7.88,12.4,4.5,0.0,0.7,0.4,17.0,45.0,72.0,27.0,8.0,4.0,7.0,2.4
2019-12-06,0.0,7.4766974,14.025001,78.815895,4.2291665,0.24937157,30.541666,8.210417,0.2815,5.695833,340.99393,1.0770476,9.14,11.85,1.55,0.0,0.7,0.4,14.0,41.0,62.0,30.0,9.0,5.0,6.0,1.8
2019-12-07,1.0,5.215574,10.155,88.81757,3.9458332,0.124469995,5.0,6.63125,0.270875,5.7166657,186.84268,0.38560465,2.7,8.4,3.05,2.3,1.1,0.5,37.0,58.0,115.0,9.0,23.0,15.0,7.0,3.5
2019-12-08,1.0,3.9039705,8.265,96.322365,5.3020835,0.037637122,78.5,5.8916664,0.27462497,7.5270844,245.69545,0.92549676,6.89,13.15,5.0,0.0,1.3,0.6,56.0,54.0,140.0,3.0,25.0,19.0,6.0,3.2
2019-12-09,6.0,5.814518,11.355,87.391785,5.2062497,0.1552626,73.458336,7.585417,0.28045833,4.4645834,63.435043,0.9374879,8.62,9.1,-0.15,0.0,1.0,0.5,28.0,48.0,91.0,7.0,22.0,17.0,6.0,2.3
2019-12-10,2.0,4.5460916,9.855,88.106606,2.5770833,0.114646554,61.541668,5.366667,0.2695833,5.058333,283.3516,0.6675627,3.79,9.7,1.75,0.8,1.5,0.6,79.0,63.0,185.0,2.0,33.0,23.0,6.0,4.7
2019-12-11,3.0,8.189589,15.315,84.32218,2.39375,0.1534184,57.0,4.7458334,0.26591668,5.683333,244.04434,0.69239146,2.84,8.25,3.3,0.8,1.3,0.5,54.0,55.0,137.0,11.0,24.0,16.0,6.0,4.8
2019-12-12,6.0,21.739439,37.92,82.904274,3.3729165,0.15833221,91.708336,5.34375,0.25983334,10.445832,250.6057,0.9428414,4.95,14.75,8.45,0.2,0.7,0.4,23.0,43.0,78.0,30.0,10.0,5.0,6.0,2.1
2019-12-13,2.0,24.413973,43.11,86.96694,8.28125,0.183042,89.541664,9.439584,0.254625,8.7375,241.9817,0.92615974,6.59,11.55,7.15,0.0,0.6,0.4,16.0,44.0,69.0,36.0,8.0,3.0,6.0,1.8
2019-12-14,9.0,13.316144,24.39,86.92722,6.4125,0.1601227,63.541668,9.002084,0.24545832,9.220834,215.42584,0.69675946,3.27,11.4,7.15,0.5,0.6,0.3,13.0,40.0,60.0,31.0,9.0,5.0,5.0,1.3
2019-12-15,0.0,10.843144,19.964998,83.36836,6.464583,0.20433426,97.333336,9.2375,0.241,9.172917,160.68568,1.4861635,6.4,14.5,4.85,0.0,0.5,0.3,10.0,38.0,53.0,32.0,8.0,5.0,5.0,1.1
2019-12-16,3.0,12.156049,23.324999,69.35989,3.4104166,0.4056926,92.708336,8.370833,0.23812501,8.618751,190.14827,0.8489759,6.36,11.15,6.6,1.7,0.8,0.3,13.0,39.0,59.0,28.0,13.0,8.0,6.0,1.9
2019-12-17,4.0,8.946895,18.869999,84.66541,5.9125,0.1743462,75.25,9.118751,0.24175,6.954167,217.42152,0.7227604,5.19,9.9,2.95,0.0,0.7,0.4,16.0,42.0,66.0,24.0,14.0,8.0,6.0,1.9
2019-12-18,0.0,8.603352,16.335,81.65925,4.1124997,0.19376522,80.5,7.660417,0.24258333,10.066667,181.92072,0.5975712,2.35,12.75,7.4,23.7,0.8,0.4,25.0,52.0,90.0,21.0,14.0,7.0,6.0,2.4
2019-12-19,1.0,22.50952,50.385,88.72253,8.720834,0.14617212,99.291664,9.349999,0.31866667,12.477084,229.74016,1.2274452,4.52,13.3,11.15,30.300001,0.4,0.3,10.0,35.0,51.0,33.0,11.0,6.0,5.0,1.2
2019-12-20,0.0,30.43775,60.78,84.02706,9.847917,0.23087138,94.291664,11.289584,0.40054166,13.047917,240.59288,1.423014,5.43,16.1,9.9,3.7999997,0.4,0.3,16.0,37.0,61.0,42.0,10.0,6.0,6.0,1.2
2019-12-21,5.0,32.00455,58.065,81.51757,9.566667,0.27490357,55.625,12.129167,0.39962497,10.25625,246.90535,1.0125952,4.05,13.1,7.55,0.3,0.3,0.2,8.0,23.0,35.0,49.0,15.0,11.0,5.0,0.7
2019-12-22,37.0,24.613356,45.045,83.64195,7.5333333,0.20938331,46.916668,10.21875,0.36837497,8.197916,248.90755,1.2798859,8.36,13.7,4.2,0.0,0.4,0.3,7.0,24.0,34.0,54.0,20.0,8.0,5.0,0.6
2019-12-23,2.0,8.1907,16.035,78.771614,4.352083,0.24905814,51.541668,8.722917,0.35037503,7.7875004,21.476837,1.016627,8.18,13.3,3.7,0.0,0.9,0.4,29.0,55.0,100.0,29.0,17.0,8.0,6.0,2.5
2019-12-24,7.0,4.565762,9.03,85.45373,5.327083,0.17494737,74.583336,7.539583,0.33454168,7.916666,13.298601,1.0833223,8.44,14.95,2.9,0.0,1.2,0.6,38.0,68.0,126.0,7.0,24.0,14.0,8.0,3.4
2019-12-25,3.0,5.517658,10.0199995,86.481255,5.8645835,0.17660119,64.083336,7.5833335,0.32870832,7.9125,33.55768,1.1466622,8.43,14.95,2.95,0.0,0.8,0.5,39.0,50.0,109.0,12.0,16.0,11.0,7.0,2.4
2019-12-26,5.0,6.7110267,12.329999,84.928154,5.077083,0.20034897,63.666668,7.0729165,0.32429168,6.0729175,23.156927,1.1768814,9.12,13.15,1.55,0.0,1.6,0.7,74.0,63.0,176.0,6.0,24.0,16.0,8.0,5.9
2019-12-27,25.0,8.117683,14.715,77.90548,2.1416667,0.2439992,40.0,6.0520835,0.31491667,5.9125,24.63838,1.4100792,9.4,13.7,0.85,0.0,1.2,0.6,55.0,64.0,149.0,15.0,15.0,8.0,9.0,4.6
2019-12-28,5.0,6.9875875,12.704999,57.656536,-2.3,0.4396852,0.0,4.9583335,0.303625,4.46875,24.266806,1.1402769,9.38,12.45,-1.4,0.0,1.7,0.7,81.0,80.0,205.0,10.0,27.0,18.0,10.0,4.7
2019-12-29,0.0,5.195533,9.809999,70.01633,-0.8020833,0.28614894,3.75,4.2479167,0.29925,4.0,24.579327,1.0340807,9.12,10.85,-1.2,0.0,1.3,0.6,51.0,72.0,151.0,9.0,21.0,13.0,9.0,3.1
2019-12-30,16.0,5.104613,9.405,75.992615,0.07500001,0.21471582,1.0416666,3.8208332,0.29254165,4.3354163,31.020632,1.0600109,9.1,11.3,-0.65,0.0,1.4,0.6,70.0,71.0,178.0,6.0,25.0,15.0,8.0,3.7
2019-12-31,22.0,5.2595515,9.554999,82.46968,1.475,0.1735698,7.9166665,3.8958333,0.27929166,3.6041667,30.256348,1.0331633,9.32,10.25,-1.65,0.0,1.7,0.8,89.0,72.0,207.0,3.0,36.0,26.0,8.0,4.4
2020-01-01,10.0,5.2884884,9.42,86.32474,1.2062501,0.13363127,22.666666,3.2625,0.26429167,2.73125,27.018469,0.9661705,9.21,8.75,-1.95,0.0,1.6,0.7,60.0,65.0,158.0,5.0,37.0,29.0,8.0,3.2
2020-01-02,3.0,4.4555454,8.7,85.3363,0.37916663,0.13050048,30.833334,2.70625,0.251375,1.4770832,59.036304,0.4835539,4.65,5.25,-0.4,0.0,1.4,0.6,65.0,67.0,167.0,4.0,30.0,19.0,8.0,3.9
2020-01-03,7.0,3.527623,7.905,96.13914,0.91041666,0.028064901,82.25,2.2958333,0.246875,4.485417,38.14027,1.1082643,8.95,10.5,0.2,0.0,2.3,0.9,133.0,77.0,280.0,1.0,53.0,38.0,8.0,7.1
2020-01-04,10.0,11.742137,20.984999,80.595634,1.4354167,0.19434941,7.7083335,3.9270833,0.23683333,4.18125,31.965384,1.0822244,9.46,11.0,-0.55,0.0,0.7,0.4,9.0,42.0,57.0,26.0,11.0,7.0,8.0,1.5
2020-01-05,5.0,6.182861,12.119999,77.295105,0.2,0.22038299,0.041666668,3.7270832,0.23333333,3.747917,16.307068,1.1214414,9.54,10.95,-1.4,0.0,0.9,0.4,24.0,50.0,87.0,20.0,14.0,8.0,8.0,1.6
2020-01-06,2.0,5.3404274,9.705,77.96764,-0.01041666,0.21447946,0.041666668,3.2104168,0.23149998,4.18125,21.2127,1.172633,9.63,12.65,-1.55,0.0,1.2,0.6,40.0,59.0,120.0,11.0,22.0,14.0,8.0,2.3
2020-01-07,40.0,5.385515,10.245,72.38218,-0.62916666,0.27626747,24.708334,3.51875,0.22995834,5.08125,25.39074,1.2750024,9.29,13.5,-0.3,0.0,1.7,0.8,93.0,84.0,226.0,4.0,31.0,17.0,9.0,5.7
2020-01-08,9.0,5.883091,10.7699995,64.67295,-1.1291666,0.36952174,26.791666,4.045833,0.22808333,5.7916675,188.53065,1.1425309,9.01,11.8,1.05,0.0,2.3,1.0,142.0,101.0,319.0,4.0,38.0,19.0,11.0,9.3
2020-01-09,49.0,6.595906,12.599999,82.191216,2.84375,0.19522877,32.208332,5.5437503,0.21458334,6.610418,3.7193158,1.4970762,8.27,10.65,2.1,0.0,1.7,0.7,72.0,80.0,190.0,6.0,34.0,20.0,9.0,8.0
2020-01-10,47.0,13.704604,25.38,68.80954,0.7604167,0.32837805,23.75,5.7645836,0.205375,4.1354165,22.926886,1.2493085,10.04,10.2,-0.8,0.0,0.8,0.4,19.0,55.0,83.0,31.0,15.0,7.0,8.0,3.1
2020-01-11,6.0,7.37847,14.174999,68.841415,-1.8145833,0.297044,0.20833333,4.195833,0.19079167,1.8520832,345.4889,1.1255829,10.22,8.4,-4.0,0.0,0.8,0.4,22.0,54.0,87.0,30.0,13.0,6.0,8.0,1.8
2020-01-12,3.0,3.906703,8.009999,75.557945,-2.2791667,0.19828771,21.625,1.9541668,0.18604167,0.82916665,294.59012,0.9240235,8.36,7.45,-2.85,0.0,1.4,0.6,48.0,71.0,144.0,11.0,30.0,20.0,9.0,3.2
2020-01-13,4.0,5.053453,9.75,80.26356,-2.3854167,0.14705427,75.041664,0.6666667,0.18595833,2.0270834,226.75078,0.9628998,8.69,7.95,-3.2,0.0,1.9,0.8,81.0,79.0,203.0,6.0,39.0,25.0,8.0,6.6
2020-01-14,2.0,4.2127175,9.57,84.27822,-0.09374998,0.13396488,47.083332,1.9729167,0.18104166,5.34375,180.40921,0.49361688,3.24,8.35,2.55,0.0,1.5,0.6,62.0,72.0,167.0,11.0,34.0,23.0,8.0,11.7
2020-01-15,5.0,5.9532933,11.625,87.04687,3.5479167,0.12277482,98.625,5.039583,0.17666666,7.733334,186.40233,1.0924188,6.78,13.3,4.0,0.0,2.4,0.6,46.0,79.0,150.0,4.0,35.0,21.0,8.0,3.5
2020-01-16,12.0,8.236691,15.179999,80.014694,4.258333,0.23868535,70.666664,7.4479165,0.17170833,7.9041667,236.98457,0.9191599,5.37,10.45,5.7,0.0,1.2,0.5,31.0,67.0,115.0,10.0,38.0,20.0,7.0,5.9
2020-01-17,14.0,12.696285,23.654999,81.95012,4.789583,0.19897246,87.041664,7.5416665,0.15708333,6.639583,210.56706,0.43113124,2.19,9.65,4.5,5.2999997,0.9,0.4,20.0,51.0,82.0,30.0,18.0,8.0,7.0,3.4
2020-01-18,6.0,8.529278,17.144999,91.738304,5.53125,0.08578133,91.875,6.8020835,0.18595833,5.747917,8.827395,1.7597402,7.41,9.65,3.2,0.3,0.8,0.4,18.0,52.0,80.0,13.0,12.0,9.0,6.0,2.6
2020-01-19,36.0,19.327505,34.59,61.165863,-2.3708334,0.36757267,64.083336,5.8645835,0.20758332,3.3625,33.025116,2.3043854,3.29,5.85,1.1,0.1,0.5,0.3,5.0,29.0,37.0,47.0,7.0,3.0,7.0,1.4
2020-01-20,4.0,28.986757,53.385,44.330654,-7.714583,0.43580723,78.875,3.6645832,0.18633334,5.1062493,37.46482,1.4990674,4.55,7.85,3.85,2.8000002,0.6,0.3,11.0,36.0,53.0,46.0,10.0,4.0,7.0,
2020-01-21,4.0,26.799654,49.184998,70.7847,0.13541667,0.25814202,85.583336,4.4979167,0.19391666,5.947916,43.81366,1.0271428,5.74,10.5,3.65,1.7000002,0.7,0.3,14.0,36.0,58.0,36.0,6.0,3.0,7.0,1.9
2020-01-22,4.0,14.557774,27.555,79.52456,2.4916666,0.21140866,73.208336,5.6145835,0.23620833,5.191667,59.356846,1.1527754,9.01,10.85,1.05,0.0,0.7,0.4,20.0,51.0,81.0,31.0,23.0,8.0,7.0,2.3
2020-01-23,1.0,9.873031,18.269999,81.35466,2.0291667,0.19886035,42.375,5.49375,0.24949999,6.0541663,89.620575,0.6978137,5.02,9.45,3.8,4.3999996,0.8,0.4,24.0,52.0,89.0,26.0,57.0,17.0,7.0,2.8
2020-01-24,10.0,6.275524,13.259999,89.04825,4.3375,0.11290473,89.333336,6.258333,0.28120834,6.7124996,144.85303,0.62573683,4.45,9.25,4.3,11.599999,0.7,0.4,16.0,48.0,73.0,23.0,35.0,13.0,6.0,2.0
2020-01-25,0.0,6.927732,15.405,91.29972,5.5,0.09156839,95.291664,7.0,0.356375,6.2562504,267.2446,1.0575247,7.27,11.15,2.85,0.8,0.6,0.3,8.0,37.0,50.0,30.0,15.0,7.0,6.0,1.4
2020-01-26,4.0,7.114161,14.399999,83.02906,3.1125,0.18751483,56.916668,6.589583,0.3299167,5.8479156,234.22621,0.54951334,2.59,8.95,2.15,0.2,0.8,0.4,12.0,39.0,57.0,25.0,14.0,9.0,6.0,1.5
2020-01-27,12.0,13.589723,24.18,88.83099,4.454167,0.11423277,92.333336,5.7374997,0.306,10.027082,239.02122,0.6621752,3.47,12.75,8.05,0.3,0.9,0.4,27.0,47.0,89.0,21.0,17.0,10.0,6.0,2.4
2020-01-28,17.0,19.551128,34.635,90.589134,8.654166,0.1232962,99.625,8.822917,0.30625,10.466668,239.857,0.9838869,6.49,13.2,8.65,0.1,0.5,0.4,17.0,37.0,62.0,34.0,11.0,6.0,6.0,1.7
2020-01-29,124.0,13.884059,24.9,89.23184,8.597917,0.1459818,96.791664,10.33125,0.29050002,9.60625,235.68733,0.97680026,5.85,12.25,7.95,0.3,0.5,0.4,16.0,37.0,60.0,31.0,12.0,6.0,6.0,2.0
2020-01-30,118.0,13.810097,25.14,85.915276,7.2791667,0.17855586,95.958336,9.839583,0.27704167,10.877084,236.50139,1.0436279,6.64,14.85,8.9,1.2,0.6,0.4,16.0,41.0,67.0,30.0,13.0,6.0,6.0,2.2
2020-01-31,51.0,12.501347,22.979998,89.460144,9.285417,0.15507084,90.583336,10.897916,0.272625,12.804166,238.09818,1.2669114,8.18,16.65,10.25,1.1,0.6,0.4,15.0,38.0,61.0,29.0,9.0,5.0,6.0,1.9
2020-02-01,38.0,13.429141,24.51,88.246864,10.689583,0.19308202,59.125,12.358334,0.27075002,10.462501,202.42592,0.7572885,4.86,13.55,9.05,0.0,0.4,0.3,10.0,30.0,45.0,28.0,9.0,6.0,6.0,1.4
2020-02-02,48.0,4.7033477,10.739999,94.72509,9.416667,0.075365946,81.875,11.279167,0.2647083,10.383334,0.7847799,1.5423411,10.44,17.35,6.8,0.0,0.5,0.3,9.0,33.0,47.0,17.0,12.0,9.0,6.0,1.4
2020-02-03,235.0,5.561373,11.954999,86.2416,8.079166,0.22345464,70.291664,11.175,0.25541666,9.756249,32.938686,1.7027036,11.1,17.7,3.65,0.0,0.8,0.5,54.0,47.0,130.0,9.0,42.0,21.0,7.0,4.1
2020-02-04,379.0,6.6433263,13.995,83.25305,6.7041664,0.25810203,23.0,9.766666,0.24333334,7.839584,44.155796,1.9277835,12.97,13.25,3.3,0.0,1.5,0.6,86.0,61.0,193.0,6.0,48.0,23.0,8.0,7.1
2020-02-05,182.0,9.759178,18.705,64.56079,0.8958333,0.40613243,1.0,8.647917,0.226375,6.245833,31.504236,1.1150616,8.75,10.75,2.9,0.0,0.9,0.4,23.0,56.0,92.0,31.0,13.0,6.0,8.0,2.9
2020-02-06,37.0,6.4966583,12.825,85.88381,4.0,0.15016013,67.041664,7.4166665,0.20770834,7.5145836,153.43506,1.533736,11.01,14.25,2.85,0.0,1.1,0.5,32.0,61.0,111.0,15.0,24.0,13.0,7.0,3.8
2020-02-07,39.0,6.005115,12.165,82.08184,4.6,0.23195702,64.541664,8.243751,0.19887501,7.2354164,247.55716,0.662979,4.32,11.15,4.45,1.1,1.0,0.5,33.0,57.0,108.0,16.0,27.0,15.0,7.0,3.2
2020-02-08,34.0,5.6035247,11.22,91.74673,5.775,0.096710294,74.5,7.80625,0.19491667,7.4395843,256.48056,0.7754703,4.83,11.85,3.85,0.2,1.0,0.4,27.0,50.0,92.0,14.0,34.0,20.0,6.0,3.3
2020-02-09,8.0,5.9526553,12.03,90.62098,6.0187497,0.117565356,97.166664,7.866667,0.19366668,9.616668,239.63335,1.4439662,9.72,16.55,5.95,0.0,0.8,0.4,12.0,42.0,60.0,20.0,24.0,16.0,6.0,1.8
2020-02-10,95.0,6.410635,13.59,88.345894,7.5791664,0.18049033,50.875,10.072917,0.18875001,9.120833,334.29007,1.2800506,8.79,14.9,5.25,0.0,0.8,0.5,35.0,52.0,106.0,12.0,25.0,17.0,7.0,3.8
2020-02-11,60.0,3.060766,8.009999,88.56597,7.3645835,0.16676944,89.125,10.079166,0.17579167,9.720833,105.222206,1.0532286,7.26,12.4,6.8,0.0,1.1,0.6,62.0,55.0,151.0,2.0,35.0,24.0,7.0,5.6
2020-02-12,43.0,5.3672237,10.53,89.43127,7.8645835,0.13840385,96.0,10.489583,0.16475,10.770833,240.2552,1.3515661,8.36,14.7,8.2,0.0,0.9,0.5,44.0,49.0,116.0,2.0,30.0,21.0,6.0,4.7
2020-02-13,147.0,8.502512,16.589998,84.48229,7.8895836,0.22866045,64.0,11.20625,0.15091667,8.20625,3.219492e-05,1.452364,10.76,13.8,5.3,0.0,0.8,0.4,27.0,44.0,86.0,10.0,25.0,17.0,6.0,3.1
2020-02-14,278.0,4.59603,10.799999,87.7081,6.004167,0.16840635,52.916668,10.183333,0.14424999,8.2625,273.5486,1.9390091,14.08,15.65,1.8,0.0,1.0,0.5,34.0,49.0,102.0,9.0,27.0,18.0,7.0,3.8
2020-02-15,138.0,5.7889266,11.5199995,84.215416,5.56875,0.2331085,42.916668,9.310416,0.13845833,10.039584,235.1656,2.0527263,14.21,16.4,5.0,0.0,1.1,0.5,37.0,49.0,106.0,14.0,29.0,19.0,7.0,3.6
2020-02-16,127.0,7.4037247,15.614999,79.78754,6.4812503,0.30343634,9.625,9.733334,0.12270833,10.147918,248.24048,1.1505754,6.58,14.85,6.6,0.0,1.2,0.5,43.0,47.0,112.0,19.0,26.0,16.0,7.0,3.5
2020-02-17,46.0,8.808074,17.159998,83.204094,7.3645835,0.23486732,90.5,10.364583,0.11645833,8.839583,34.61916,1.748642,11.95,13.5,4.35,0.0,0.7,0.4,24.0,43.0,80.0,11.0,17.0,11.0,7.0,2.5
2020-02-18,78.0,10.94542,21.15,72.27146,3.7104168,0.33444533,22.458334,9.872916,0.10908333,8.575,37.51505,2.3483381,15.38,14.45,2.4,0.0,0.8,0.4,17.0,49.0,74.0,28.0,14.0,7.0,7.0,2.4
2020-02-19,84.0,8.697944,17.654999,58.747433,0.17083333,0.5259231,2.7083333,9.6875,0.091375,7.8020825,25.690325,2.3097775,15.51,16.35,1.2,0.0,1.0,0.4,30.0,56.0,102.0,29.0,20.0,8.0,8.0,4.5
2020-02-20,246.0,5.5524735,11.384999,65.05088,0.8333333,0.47807792,0.9166667,9.277083,0.074374996,9.870833,28.861801,2.5090983,15.7,18.25,3.15,0.0,1.6,0.7,65.0,81.0,181.0,14.0,31.0,15.0,9.0,6.2
2020-02-21,165.0,7.5018973,15.75,53.4478,-0.28333333,0.69853854,3.1666667,10.708333,0.067125,10.454165,28.274788,2.5958476,16.09,20.25,1.55,0.0,1.4,0.6,49.0,69.0,145.0,31.0,27.0,11.0,9.0,5.1
2020-02-22,109.0,6.1973205,12.524999,55.495205,0.58125,0.74689144,0.083333336,10.945834,0.059499998,11.314584,31.411825,2.7279196,16.17,20.6,2.75,0.0,1.5,0.6,35.0,71.0,125.0,24.0,31.0,13.0,9.0,5.0
2020-02-23,131.0,5.520181,12.704999,51.02144,0.054166675,0.8155427,3.5,12.664584,0.04479167,11.458333,313.7915,3.0148232,16.25,21.2,2.95,0.0,1.0,0.5,18.0,53.0,80.0,42.0,23.0,9.0,8.0,2.8
2020-02-24,74.0,7.024973,14.759999,47.221466,-0.53541666,0.8666296,0.875,13.208333,0.0365,10.489583,293.62936,2.7132912,12.25,18.45,2.5,0.0,1.2,0.5,33.0,68.0,118.0,26.0,26.0,10.0,8.0,4.1
2020-02-25,70.0,11.289296,22.289999,55.069122,0.9395833,0.67218417,57.25,12.14375,0.028541667,10.59375,299.84583,2.9687276,15.2,15.4,6.0,0.0,1.3,0.5,56.0,65.0,151.0,23.0,30.0,13.0,8.0,6.1
2020-02-26,193.0,13.25842,26.175001,50.41805,-0.23333333,0.6832962,16.833334,13.349999,0.028250001,11.202083,270.55563,3.5451345,16.41,19.65,4.7,0.0,0.7,0.3,6.0,38.0,48.0,55.0,13.0,4.0,7.0,2.5
2020-02-27,143.0,14.40182,27.12,49.60902,-0.43958333,0.8004234,19.791666,12.818749,0.027999999,11.302083,249.63821,3.0551367,16.05,19.05,3.2,0.0,0.7,0.4,11.0,45.0,62.0,43.0,80.0,17.0,7.0,3.4
2020-02-28,185.0,7.238077,15.825,50.74745,0.42499998,0.774739,63.541668,13.691667,0.0255,10.466666,233.06021,1.9440777,6.97,14.05,6.7,0.1,1.0,0.4,34.0,60.0,113.0,26.0,72.0,19.0,8.0,3.9
2020-02-29,137.0,23.788713,42.405,68.99884,4.8395834,0.40055275,80.666664,11.224999,0.028833335,10.556251,237.30414,1.8972434,7.58,14.3,7.3,2.5,0.7,0.3,18.0,35.0,63.0,43.0,45.0,13.0,7.0,2.2
2020-03-01,30.0,26.085405,46.304996,76.18046,6.5104165,0.31978467,89.791664,11.670834,0.041458335,10.304166,266.13785,3.0284677,14.74,11.8,6.65,4.5,0.4,0.3,4.0,23.0,29.0,58.0,10.0,3.0,7.0,0.7
2020-03-02,,31.17243,58.214996,58.251133,1.1729165,0.5104864,48.083332,11.516666,0.093041666,8.170834,244.44783,1.4934071,7.91,12.85,4.25,0.0,0.5,0.3,5.0,29.0,38.0,58.0,6.0,2.0,7.0,1.1
2020-03-03,,22.177351,40.335,79.775764,5.1354165,0.22351225,70.916664,9.439584,0.091583334,12.914582,256.35803,2.726042,15.04,18.45,9.9,0.0,0.6,0.3,12.0,37.0,55.0,45.0,12.0,5.0,7.0,1.5
2020-03-04,31.0,17.420454,31.409998,75.32137,7.772917,0.44878957,78.166664,13.952084,0.08304167,11.781251,259.0538,2.418643,10.15,16.3,9.45,0.6,0.6,0.3,13.0,37.0,56.0,32.0,11.0,5.0,7.0,2.4
2020-03-05,36.0,22.877563,42.135,68.972984,5.204167,0.464674,58.625,12.764584,0.07729167,8.220833,295.91687,2.8682978,13.68,12.25,4.2,0.0,0.5,0.3,8.0,36.0,49.0,46.0,12.0,5.0,7.0,1.7
2020-03-06,14.0,20.179184,37.454998,52.56563,-1.9625001,0.5493578,39.125,10.210417,0.07195833,9.004167,316.91898,2.7406552,16.79,15.95,3.1,0.0,0.6,0.3,5.0,36.0,43.0,60.0,8.0,3.0,7.0,1.4
2020-03-07,2.0,9.365722,18.449999,58.425297,0.87916666,0.54949963,48.375,10.489583,0.062083334,8.525,275.86072,2.4618456,13.19,16.15,0.3,0.0,0.7,0.3,6.0,41.0,50.0,47.0,10.0,4.0,7.0,1.6
2020-03-08,2.0,8.11934,16.289999,65.38844,1.6229167,0.49619904,37.583332,10.40625,0.050833333,11.429168,309.42953,3.2227054,17.09,17.85,6.0,0.0,0.7,0.4,8.0,44.0,57.0,34.0,14.0,7.0,8.0,1.6
2020-03-09,37.0,8.699407,19.515,53.24115,1.3874999,0.7111127,54.791668,13.849999,0.043166667,13.845833,240.69493,3.5310905,17.82,23.05,5.55,0.0,0.7,0.4,9.0,47.0,61.0,48.0,13.0,5.0,8.0,1.8
2020-03-10,12.0,6.383037,14.07,44.09419,1.475,1.0230306,42.958332,15.756249,0.0345,16.095837,255.69257,3.6089842,17.92,25.75,7.1,0.0,1.1,0.5,36.0,74.0,130.0,22.0,28.0,11.0,8.0,4.3
2020-03-11,6.0,5.811499,13.44,55.27475,6.066667,1.048704,47.083332,18.227083,0.030458333,17.508333,291.80148,3.72891,17.3,26.1,9.35,0.0,1.2,0.6,44.0,75.0,142.0,15.0,32.0,11.0,9.0,6.3
2020-03-12,4.0,6.994368,15.285,52.942677,6.491667,1.1632398,88.166664,19.606249,0.030791668,16.570833,349.44333,3.7994835,18.81,23.3,9.45,0.0,1.0,0.5,31.0,67.0,115.0,16.0,27.0,9.0,8.0,5.6
2020-03-13,,10.73746,21.795,56.204113,6.664583,0.94069767,46.666668,19.852083,0.030583335,15.675,42.340576,3.6463015,18.67,21.9,9.0,0.0,0.7,0.4,19.0,52.0,81.0,33.0,26.0,13.0,8.0,3.8
2020-03-14,,8.221474,18.285,52.30556,5.2083335,0.9568414,20.583334,19.4625,0.030000001,13.497916,220.23628,3.037831,14.8,20.2,8.6,1.9000001,0.4,0.3,2.0,24.0,27.0,60.0,17.0,10.0,7.0,1.1
2020-03-15,,12.229413,25.034998,63.9326,6.116667,0.5906941,53.208332,16.5375,0.042833332,7.027083,100.551735,1.5847127,11.25,11.15,4.0,7.3999996,0.3,0.2,1.0,16.0,18.0,63.0,13.0,7.0,7.0,0.7
2020-03-16,,13.753665,30.539999,76.67872,2.4750001,0.23407792,74.833336,11.045834,0.08737499,10.210417,61.400467,2.139785,10.96,17.4,3.4,3.0999994,0.3,0.2,3.0,23.0,28.0,55.0,7.0,4.0,7.0,0.5
2020-03-17,,15.320989,28.68,74.85916,6.0645833,0.39370155,69.083336,11.104167,0.14404167,12.84375,54.705788,3.015156,17.14,19.6,7.35,0.0,0.3,0.3,4.0,28.0,34.0,53.0,7.0,4.0,7.0,0.8
2020-03-18,,10.820132,21.195,70.14108,6.929167,0.53599674,45.208332,13.716666,0.13016666,12.341666,117.25179,3.1296468,18.25,18.55,7.75,0.0,0.4,0.3,5.0,36.0,43.0,36.0,24.0,12.0,8.0,1.6
2020-03-19,,8.556841,17.19,65.64188,5.4083333,0.56820595,32.583332,14.310417,0.1155,11.312501,104.93146,1.8901228,10.35,14.7,8.2,0.90000004,0.4,0.2,2.0,21.0,24.0,61.0,21.0,9.0,7.0,0.8
2020-03-20,,9.284614,18.525,70.43134,5.847917,0.41558763,58.416668,13.114583,0.109375,8.6375,125.409134,0.98105425,5.73,10.6,6.75,2.6999998,0.3,0.3,2.0,20.0,23.0,61.0,31.0,10.0,7.0,0.6
2020-03-21,,9.352563,18.074999,82.31985,5.5104165,0.20153649,83.166664,10.693749,0.12241667,8.635417,60.540543,2.0317216,14.48,13.0,3.75,3.0,0.3,0.3,1.0,17.0,20.0,58.0,13.0,7.0,7.0,0.5
2020-03-22,,7.1602674,15.63,79.91332,5.2999997,0.2568746,82.458336,10.802083,0.15091667,9.727083,60.642357,1.8379338,12.56,13.45,7.4,6.4,0.3,0.2,1.0,13.0,15.0,69.0,5.0,3.0,7.0,0.3
2020-03-23,,10.832072,22.949999,81.1294,6.472917,0.24651062,80.083336,11.647916,0.170875,10.475,46.955135,1.865491,10.07,14.8,6.7,0.70000005,0.4,0.3,3.0,28.0,33.0,50.0,6.0,4.0,7.0,0.6
2020-03-24,,12.106816,22.755,73.89842,5.695833,0.3756386,84.291664,11.464583,0.17870833,11.152083,251.68236,2.8903096,18.21,17.1,7.0,0.6,0.3,0.2,2.0,19.0,22.0,55.0,10.0,6.0,7.0,0.6
2020-03-25,,6.907122,15.584999,64.87189,3.9145832,0.5380638,49.166668,13.020833,0.15995833,9.04375,19.295261,3.6580212,22.24,15.3,3.65,0.0,0.4,0.3,2.0,19.0,22.0,64.0,13.0,6.0,7.0,0.6
2020-03-26,,9.333196,19.185,45.017963,-3.1604166,0.6724618,11.041667,11.729167,0.14070834,6.5145836,57.99466,2.3873134,14.36,11.1,2.65,0.70000005,0.4,0.3,4.0,29.0,35.0,60.0,9.0,5.0,8.0,1.6
2020-03-27,,13.319444,26.22,61.457035,-0.7583334,0.39497295,54.958332,9.410417,0.12816666,7.74375,32.88732,3.0572817,19.66,15.6,0.7,0.0,0.4,0.3,2.0,20.0,24.0,73.0,11.0,8.0,7.0,0.8
2020-03-28,,6.620638,15.419999,60.540287,-0.08124999,0.5216847,22.041666,10.381249,0.12695833,10.829166,291.89594,3.2943237,19.32,18.65,2.55,0.0,0.5,0.3,1.0,18.0,20.0,66.0,7.0,5.0,7.0,0.8
2020-03-29,,6.1096077,13.634999,55.487186,1.6062499,0.70429426,56.125,12.516666,0.103374995,6.3020835,46.420208,1.6129799,5.83,12.0,2.45,5.299999,0.6,0.3,2.0,25.0,28.0,56.0,11.0,9.0,8.0,1.0
2020-03-30,,19.408855,34.95,68.19167,-0.020833343,0.29949486,96.25,8.760417,0.11454167,4.7979164,40.257,0.84351194,5.75,10.9,1.15,19.3,0.4,0.3,2.0,17.0,19.0,62.0,8.0,6.0,7.0,0.3
2020-03-31,,16.805235,30.435,89.226654,3.6499999,0.101433784,97.208336,6.9375,0.27612498,8.541667,186.85965,1.5704604,11.19,12.15,5.8,7.7,0.4,0.3,3.0,27.0,32.0,43.0,5.0,4.0,7.0,0.4
2020-04-01,,4.874495,12.794999,83.651634,5.7062497,0.19825108,64.0,9.877084,0.35483333,8.443749,23.215271,2.4584424,17.82,14.1,2.2,3.6999998,0.3,0.3,2.0,21.0,24.0,54.0,7.0,5.0,7.0,0.4
2020-04-02,,7.863075,17.445,77.69468,4.5750003,0.28912282,34.666668,10.058333,0.31075,9.337501,57.370857,3.4751785,23.92,15.95,2.85,0.0,0.4,0.3,2.0,24.0,28.0,43.0,7.0,5.0,8.0,0.6
2020-04-03,,5.8797574,13.755,63.984802,2.3104167,0.5091769,0.875,11.479167,0.27458334,10.885415,118.12717,3.7901487,22.15,18.15,3.05,0.0,0.2,0.3,1.0,19.0,22.0,64.0,8.0,5.0,7.0,0.3
2020-04-04,,12.653064,23.685,62.72162,3.4875,0.5921132,46.083332,11.702084,0.23154168,13.352085,179.39691,3.1060898,16.63,19.0,7.55,0.1,0.3,0.2,1.0,18.0,19.0,62.0,8.0,5.0,8.0,0.5
2020-04-05,,9.219932,18.929998,66.37004,6.8375,0.5848746,80.041664,13.839583,0.19345833,13.837499,216.58873,2.1067805,12.16,17.9,11.75,4.7999997,0.2,0.2,1.0,9.0,11.0,70.0,9.0,4.0,7.0,0.2
2020-04-06,,9.639477,19.905,80.95892,10.45,0.32887504,94.791664,14.635417,0.20325,13.929166,159.72722,2.2214425,13.67,17.85,11.4,10.599999,0.2,0.2,1.0,15.0,17.0,47.0,13.0,10.0,7.0,0.4
2020-04-07,,5.2454104,15.435,87.12646,11.64375,0.23096691,81.25,15.349999,0.28170833,14.745833,120.08409,2.9638062,17.77,19.8,9.85,2.3999999,0.2,0.2,1.0,15.0,17.0,41.0,,,7.0,0.4
2020-04-08,,4.24663,11.04,75.97907,10.266666,0.47662905,58.666668,16.089582,0.29050002,13.152084,82.7758,1.8948084,10.76,16.25,10.55,8.4,0.3,0.3,2.0,18.0,20.0,47.0,15.0,11.0,7.0,0.6
2020-04-09,,7.202818,15.014999,78.2365,9.202084,0.3420253,88.583336,14.895833,0.268125,12.472917,86.06839,1.2430711,7.2,14.8,11.0,15.000002,0.3,0.3,1.0,17.0,18.0,55.0,12.0,8.0,7.0,0.6
2020-04-10,,5.4201393,12.495,87.47913,10.383333,0.18827586,94.416664,13.866666,0.35604167,13.420834,98.61557,2.4663467,14.23,18.25,9.8,2.5,0.3,0.2,1.0,13.0,15.0,48.0,13.0,11.0,7.0,0.4
2020-04-11,,5.860972,13.169999,77.51693,9.270833,0.39141825,86.666664,14.654167,0.33454168,13.770831,101.88863,3.6799781,21.5,19.0,9.6,0.8000001,0.2,0.2,1.0,11.0,13.0,58.0,11.0,8.0,7.0,0.3
2020-04-12,,7.687538,15.78,62.83366,6.2291665,0.6449067,54.583332,15.395833,0.28829166,12.585416,128.73654,3.102073,19.79,16.9,8.3,4.2,0.3,0.2,1.0,10.0,11.0,83.0,12.0,9.0,7.0,0.3
2020-04-13,,5.0326676,15.48,75.010086,7.9520836,0.39815083,53.833332,15.227084,0.28104165,12.293751,66.70154,2.55059,16.71,17.8,8.85,7.3999996,0.3,0.2,1.0,17.0,19.0,77.0,17.0,13.0,7.0,0.5
2020-04-14,,8.832244,19.769999,82.31983,9.277083,0.27761552,43.125,14.28125,0.300375,12.291667,148.46983,1.8860708,11.84,15.75,9.75,20.500002,0.3,0.3,2.0,23.0,26.0,51.0,11.0,8.0,7.0,0.7
2020-04-15,,14.70448,30.51,83.2548,9.420834,0.25526783,76.791664,13.341667,0.38508332,13.0270815,188.81915,2.785965,16.39,19.65,8.1,4.2999997,0.2,0.2,1.0,15.0,17.0,67.0,8.0,6.0,7.0,0.4
2020-04-16,,14.102479,31.455,79.97571,9.314584,0.36401543,79.916664,13.504167,0.34820834,13.191666,222.6855,2.2440875,13.59,16.8,9.5,1.4000001,0.2,0.2,1.0,15.0,18.0,55.0,13.0,10.0,7.0,0.4
2020-04-17,,9.846631,21.885,79.9229,9.679167,0.3329827,90.916664,14.008334,0.3304583,13.852084,16.493517,2.819603,16.72,18.8,9.05,2.1,0.2,0.2,2.0,17.0,20.0,57.0,11.0,6.0,7.0,0.8
2020-04-18,,4.542126,11.595,78.246254,9.79375,0.4019425,84.166664,15.185417,0.30020833,13.604167,355.3014,2.7614808,16.87,17.6,10.05,2.4999998,0.3,0.3,1.0,17.0,19.0,56.0,12.0,8.0,8.0,1.0
2020-04-19,,5.249282,13.41,79.4024,9.835417,0.35509202,77.041664,15.46875,0.30020833,12.366666,251.19008,3.3352892,20.48,17.8,6.7,0.1,0.2,0.2,1.0,12.0,14.0,72.0,10.0,9.0,8.0,0.5
2020-04-20,,9.455749,19.56,71.8688,7.0020833,0.46561897,60.416668,14.23125,0.31520835,10.889583,244.32668,1.7936279,10.61,15.45,7.9,3.6,0.3,0.2,6.0,19.0,29.0,50.0,12.0,8.0,7.0,0.9
2020-04-21,,10.164816,20.82,79.906334,7.402083,0.27272746,94.166664,12.724999,0.30112502,13.15625,16.755796,2.9342735,17.37,18.15,7.4,0.0,0.2,0.2,2.0,16.0,18.0,67.0,6.0,4.0,7.0,0.5
2020-04-22,,5.4568977,12.794999,66.91462,6.8937497,0.57763004,61.791668,13.96875,0.28158334,14.491665,74.63147,3.0423152,17.86,18.75,10.45,0.4,0.3,0.2,2.0,20.0,24.0,63.0,10.0,6.0,8.0,0.8
2020-04-23,,6.543408,14.174999,74.24252,9.733334,0.47200212,66.208336,15.7375,0.25316665,15.777084,82.87509,3.5190494,19.61,20.9,11.0,0.1,0.3,0.3,2.0,18.0,21.0,52.0,11.0,7.0,8.0,1.1
2020-04-24,,7.8890815,16.89,69.07861,9.61875,0.6445362,83.916664,16.822916,0.22045833,15.1875,51.438007,3.9371433,23.32,21.4,10.45,2.3,0.3,0.2,2.0,17.0,20.0,60.0,15.0,10.0,8.0,0.8
2020-04-25,,5.4949627,15.45,75.75051,10.493751,0.48434898,63.208332,17.675001,0.19887501,14.539584,247.5367,3.1756856,16.97,19.75,11.15,0.4,0.3,0.2,1.0,12.0,13.0,78.0,13.0,9.0,8.0,0.5
2020-04-26,,11.80248,23.039999,73.95872,9.304167,0.48581132,75.791664,16.550001,0.17658333,12.654167,235.4914,2.9229372,15.76,16.55,9.5,1.5000001,0.2,0.2,1.0,9.0,10.0,67.0,16.0,10.0,7.0,0.4
2020-04-27,,15.574033,29.955,70.19327,6.84375,0.4652625,60.583332,15.091667,0.15716667,11.933333,254.2932,3.250017,18.31,16.35,7.95,0.2,0.2,0.2,1.0,13.0,15.0,77.0,11.0,7.0,7.0,0.4
2020-04-28,,13.347706,25.349998,68.36323,5.6979165,0.5048066,45.208332,14.502083,0.149875,12.529167,246.40681,4.138376,23.82,19.3,6.05,0.0,0.2,0.2,2.0,16.0,18.0,66.0,9.0,6.0,8.0,0.4
2020-04-29,,17.116108,32.145,67.633766,6.1041665,0.57068294,48.708332,14.695832,0.13133334,14.03125,244.58296,3.7666,18.32,18.4,10.4,0.0,0.2,0.2,3.0,18.0,22.0,60.0,10.0,6.0,7.0,0.6
2020-04-30,,20.944853,38.309998,64.50234,7.1458335,0.612129,62.083332,15.829166,0.109875,15.639586,243.90463,3.8669891,19.39,22.25,10.4,0.1,0.2,0.2,2.0,14.0,16.0,71.0,13.0,7.0,7.0,0.5
2020-05-01,,18.717329,34.274998,70.521736,10.095834,0.6105178,72.25,16.9375,0.098958336,18.075,246.35362,5.2778745,26.01,25.65,11.2,0.0,0.2,0.2,1.0,8.0,10.0,57.0,19.0,16.0,7.0,0.5
2020-05-02,,11.458366,23.159998,64.79313,10.189584,0.9394956,93.666664,20.03125,0.08279166,20.052082,333.0042,5.2852182,27.19,28.6,11.0,0.0,0.2,0.2,1.0,10.0,12.0,44.0,14.0,12.0,8.0,0.6
2020-05-03,,6.0356364,14.489999,57.801178,10.008333,1.2763821,92.208336,22.710417,0.060291667,21.145832,275.00787,5.347112,18.51,30.3,13.65,0.0,0.3,0.2,1.0,15.0,17.0,49.0,16.0,12.0,8.0,1.3
2020-05-04,,14.577675,31.335,50.52945,9.445833,1.4504194,70.708336,22.752083,0.049875002,18.606249,248.53226,5.8757825,25.65,23.85,12.9,0.0,0.3,0.2,2.0,24.0,27.0,56.0,30.0,18.0,8.0,1.7
2020-05-05,,12.927185,25.964998,40.77917,3.23125,1.351532,45.041668,22.612501,0.044666667,17.343748,322.869,5.1204815,25.89,25.05,8.95,0.0,0.2,0.2,2.0,18.0,20.0,75.0,10.0,5.0,8.0,0.8
2020-05-06,,5.897434,14.834999,41.282375,2.6333334,1.3599266,72.333336,22.139582,0.041875,19.693752,79.07192,5.0075517,17.56,26.5,12.8,0.6,0.3,0.2,2.0,26.0,30.0,69.0,11.0,6.0,8.0,1.8
2020-05-07,,13.739307,26.159998,46.429043,7.4874997,1.3837796,90.791664,22.045832,0.042875003,20.437502,127.59069,5.6566916,25.9,27.2,14.1,0.70000005,0.3,0.2,2.0,22.0,25.0,72.0,21.0,8.0,8.0,1.7
2020-05-08,,8.280951,20.324999,49.81195,8.872916,1.3288319,26.416666,24.077082,0.049,18.656252,229.85785,5.3106265,24.12,23.45,14.5,0.1,0.2,0.2,1.0,17.0,20.0,82.0,19.0,9.0,8.0,0.9
2020-05-09,,15.523129,30.375,53.691257,8.002084,1.0454556,58.583332,22.729166,0.051041666,14.685416,248.3224,4.4910464,22.86,18.8,10.4,2.0,0.2,0.2,1.0,11.0,12.0,79.0,24.0,16.0,8.0,1.2
2020-05-10,,18.605381,34.635,59.727657,6.0958333,0.7330751,50.375,19.802084,0.049291667,14.766665,240.82695,3.9165072,19.22,19.5,10.85,1.4,0.2,0.2,1.0,7.0,9.0,71.0,8.0,5.0,8.0,0.3
2020-05-11,,18.531176,35.789997,66.54856,8.03125,0.62189287,51.333332,18.53125,0.0525,12.985415,209.90584,1.4348445,7.17,15.7,11.25,12.4,0.2,0.2,2.0,16.0,19.0,63.0,10.0,6.0,8.0,0.6
2020-05-12,,7.4188256,18.615,84.52705,10.1875,0.24223931,95.083336,15.758332,0.10804167,13.585415,218.81796,3.2443745,18.49,18.6,10.0,1.8000002,0.2,0.2,2.0,17.0,20.0,58.0,16.0,12.0,8.0,0.9
2020-05-13,,12.498008,24.315,70.631386,8.016666,0.52098125,77.833336,16.029167,0.16020833,12.306251,237.38557,1.8193661,9.4,15.15,10.3,5.8000007,0.2,0.2,2.0,20.0,23.0,70.0,10.0,7.0,8.0,0.7
2020-05-14,,9.587708,20.429998,74.98329,7.7083335,0.38069293,100.0,14.400001,0.19116665,12.664585,100.61951,2.23464,13.38,15.5,9.65,7.5,0.2,0.2,2.0,22.0,25.0,67.0,8.0,6.0,8.0,0.9
2020-05-15,,6.1936173,16.845,82.37578,9.564584,0.27585182,90.458336,15.179166,0.2255,14.231248,36.92204,3.8188202,22.85,18.95,10.2,1.4,0.3,0.2,1.0,13.0,15.0,60.0,12.0,10.0,8.0,0.8
2020-05-16,,13.765063,26.37,69.783714,8.631249,0.5457768,68.0,15.925,0.29395834,15.741666,49.17865,4.6571083,25.82,21.55,9.45,0.0,0.2,0.2,1.0,10.0,11.0,64.0,11.0,8.0,8.0,0.5
2020-05-17,,9.444016,19.545,53.54306,5.7083335,0.9302332,22.375,17.112501,0.23870833,17.64375,16.990932,5.4953837,28.96,25.8,9.6,0.0,0.2,0.2,1.0,9.0,11.0,82.0,10.0,7.0,8.0,0.4
2020-05-18,,7.3016877,16.005,53.46758,7.1416664,1.1446794,0.0,19.252083,0.17775,19.64375,23.886528,5.740545,27.83,27.4,11.4,0.0,0.3,0.2,2.0,24.0,27.0,73.0,13.0,8.0,8.0,2.0
2020-05-19,,7.3331394,16.35,50.397808,7.8291664,1.3283222,33.208332,21.241667,0.11866667,21.5,354.07944,6.448894,29.39,30.0,13.3,0.0,0.3,0.2,2.0,25.0,28.0,73.0,14.0,8.0,8.0,4.9
2020-05-20,,8.512723,18.869999,41.82948,5.975,1.7827548,2.4583333,23.862501,0.06970833,22.862501,335.7541,6.859011,29.02,30.95,14.35,0.0,0.5,0.3,2.0,28.0,31.0,69.0,12.0,7.0,8.0,3.5
2020-05-21,,9.327748,20.144999,37.051678,6.0208335,2.0431063,39.125,26.85,0.040125,24.291664,275.58252,6.834604,28.56,31.5,15.55,0.0,0.4,0.2,3.0,32.0,36.0,72.0,16.0,9.0,8.0,4.2
2020-05-22,,8.632809,19.65,41.42809,9.245833,2.0488303,38.833332,28.858332,0.035749998,25.13125,343.23737,7.018093,28.08,31.95,17.7,0.0,0.4,0.2,2.0,28.0,32.0,70.0,29.0,20.0,8.0,2.4
2020-05-23,,10.920661,23.609999,41.077045,9.51875,2.0540664,49.291668,30.095833,0.036083333,23.252083,36.165596,6.202805,24.04,29.75,15.9,0.0,0.3,0.2,1.0,19.0,21.0,74.0,35.0,29.0,8.0,1.8
2020-05-24,,12.174272,25.62,44.008923,9.91875,1.7779335,50.166668,28.783333,0.035416666,22.852081,84.01023,5.611388,24.38,30.3,18.5,2.1,0.2,0.2,1.0,8.0,10.0,75.0,26.0,20.0,8.0,0.7
2020-05-25,,10.159267,23.159998,59.064686,13.337501,1.2412558,55.333332,28.483332,0.048041668,20.241667,52.98529,4.385477,21.68,25.45,15.65,3.3,0.2,0.2,2.0,20.0,23.0,61.0,35.0,26.0,8.0,1.1
2020-05-26,,11.290172,23.82,70.39268,14.212501,0.79218,55.458332,23.418749,0.13641666,22.035418,91.231926,6.2615557,27.77,28.75,15.1,0.0,0.2,0.2,2.0,21.0,24.0,53.0,27.0,22.0,8.0,1.4
2020-05-27,,10.210586,21.105,51.13258,9.922916,1.516734,15.666667,24.308334,0.09854167,21.654167,101.33198,6.345218,29.51,28.3,14.4,0.0,0.3,0.2,2.0,22.0,24.0,67.0,21.0,13.0,8.0,1.5
2020-05-28,,8.999767,18.824999,44.375973,7.7333336,1.6298833,1.0833334,25.445833,0.062166665,22.875002,91.69461,6.2595205,28.98,29.75,14.7,0.0,0.3,0.2,1.0,21.0,23.0,87.0,18.0,9.0,8.0,1.3
2020-05-29,,6.0312934,15.239999,40.685688,7.3770833,1.8935577,4.4166665,27.504166,0.04470833,23.929167,33.486206,6.5444593,28.22,31.15,16.05,0.0,0.4,0.2,1.0,25.0,27.0,83.0,27.0,12.0,8.0,2.3
2020-05-30,,8.002393,19.394999,37.602623,7.4083333,2.0496805,37.833332,29.1875,0.037583333,23.599998,40.914284,6.0531163,23.78,30.55,18.0,1.2,0.4,0.2,2.0,24.0,26.0,85.0,29.0,16.0,8.0,1.8
2020-05-31,,9.67989,24.029999,40.304905,8.410417,1.8336434,81.25,28.922918,0.039166667,21.979166,169.96313,5.5156903,26.93,27.95,15.75,0.2,0.3,0.2,1.0,14.0,15.0,81.0,20.0,12.0,8.0,1.1
2020-06-01,,5.8749194,14.445,58.00937,12.116666,1.3012773,75.916664,25.324999,0.10429167,22.902084,254.42088,5.7626286,24.22,29.7,15.8,0.0,0.3,0.2,3.0,23.0,26.0,70.0,21.0,13.0,8.0,1.3
2020-06-02,,8.3945675,19.17,47.429638,9.681251,1.6584973,69.708336,25.81875,0.06916667,21.912498,254.80698,6.519222,26.95,27.9,15.45,1.9,0.3,0.2,5.0,32.0,39.0,58.0,43.0,33.0,8.0,2.5
2020-06-03,,15.035882,29.19,50.779057,10.29375,1.4137961,33.833332,25.904167,0.053124998,18.433334,286.027,4.5810266,19.66,22.6,15.4,7.6000004,0.3,0.2,4.0,27.0,33.0,55.0,43.0,30.0,8.0,1.6
2020-06-04,,17.237675,33.989998,59.64534,8.766666,0.9161897,49.708332,21.379166,0.11733333,18.793749,253.31628,6.050626,29.88,26.6,10.1,0.0,0.2,0.2,3.0,20.0,24.0,59.0,16.0,10.0,8.0,1.1
2020-06-05,,8.486534,18.135,49.393635,7.0479164,1.3424263,0.6666667,22.433334,0.092041664,21.362501,242.27238,7.1876354,28.53,27.25,15.45,0.0,0.3,0.2,3.0,22.0,27.0,62.0,16.0,10.0,8.0,1.2
2020-06-06,,17.099422,32.804996,42.296772,7.0812497,1.5794381,18.541666,24.479166,0.055791665,18.725,284.1255,4.787881,21.53,23.5,13.75,6.0000005,0.3,0.2,3.0,16.0,20.0,61.0,24.0,16.0,8.0,0.8
2020-06-07,,11.402322,25.11,54.211216,8.73125,1.016894,49.333332,23.335417,0.054999996,16.208334,30.984734,5.163337,21.7,21.4,11.45,0.0,0.3,0.2,2.0,12.0,15.0,51.0,25.0,18.0,8.0,0.7
2020-06-08,,15.01905,29.849998,44.81596,3.1416667,1.0992965,58.791668,20.820833,0.06729167,16.602083,23.56443,5.348508,24.83,23.65,9.6,0.0,0.2,0.2,3.0,17.0,21.0,53.0,,,8.0,
2020-06-09,,10.721169,23.37,42.901455,2.5291667,1.2267771,26.541666,21.741667,0.049541667,18.5375,346.0063,5.778763,24.32,26.25,10.8,0.0,0.2,0.2,4.0,20.0,26.0,,,,8.0,2.4
2020-06-10,,10.405371,22.409998,40.806637,3.9624999,1.4866647,65.041664,23.608332,0.039833333,19.639582,247.874,6.542209,24.17,24.55,14.55,0.0,0.3,0.2,4.0,23.0,29.0,,,,8.0,1.9
2020-06-11,,22.72718,41.204998,44.223545,6.3624997,1.3161131,28.125,23.856249,0.034166668,15.677086,241.59872,5.363124,22.7,19.85,10.05,0.1,0.3,0.2,5.0,25.0,33.0,68.0,,,8.0,1.6
2020-06-12,,21.721369,40.844997,49.08405,4.4,0.9543845,44.875,20.514584,0.035125,16.995832,251.21635,5.2835975,22.23,22.85,10.2,0.1,0.3,0.2,6.0,19.0,28.0,60.0,,,8.0,1.2
2020-06-13,,14.867003,29.205,47.054478,4.3395834,1.1812328,33.458332,21.510416,0.038708333,19.489582,268.207,6.0787663,26.14,26.65,12.1,0.0,0.2,0.2,2.0,16.0,19.0,72.0,,,8.0,0.9
2020-06-14,,10.322843,22.485,42.12189,5.4500003,1.4802619,53.541668,24.425001,0.03816667,20.812498,283.41232,6.2922688,27.82,26.85,13.2,0.0,0.3,0.2,2.0,16.0,19.0,72.0,,,8.0,1.1
2020-06-15,,8.7760725,20.595,40.142612,6.0166664,1.618086,26.083334,26.44375,0.035458334,20.664587,294.00626,5.820217,24.58,25.2,15.0,0.0,0.3,0.2,5.0,24.0,31.0,61.0,,,8.0,1.5
2020-06-16,,10.193423,22.109999,42.39773,6.5020833,1.4940664,57.333332,26.095833,0.036833335,20.4375,280.284,5.5020905,21.33,25.4,13.4,0.0,0.3,0.2,5.0,22.0,29.0,51.0,,,8.0,1.7
2020-06-17,,9.761334,21.269999,36.232212,4.0604167,1.6355342,47.166668,25.112501,0.039791666,21.570833,329.4755,6.746282,28.03,28.2,14.05,0.0,0.3,0.2,4.0,23.0,30.0,64.0,,,8.0,1.5
2020-06-18,,11.325298,23.835,38.644287,5.866667,1.7635235,8.083333,27.025,0.037916668,23.085413,314.56046,7.371138,29.45,30.1,15.25,0.0,0.3,0.2,4.0,25.0,32.0,63.0,,,8.0,1.8
2020-06-19,2.0,12.48636,25.815,39.6882,7.1416664,1.9365209,1.875,28.558334,0.036166664,24.845833,263.02118,7.944501,30.3,31.95,15.65,0.0,0.3,0.2,4.0,26.0,33.0,68.0,,,8.0,1.5
2020-06-20,4.0,10.796136,22.904999,28.724249,4.2104163,2.4701676,0.0,29.9375,0.036041666,26.59375,299.72443,7.50988,30.26,33.45,19.35,0.0,0.4,0.2,3.0,31.0,36.0,65.0,,,9.0,2.0
2020-06-21,2.0,8.240486,19.199999,25.190453,4.0875,2.82038,3.5833333,31.685417,0.034541667,26.977083,34.83625,8.060858,29.94,34.6,17.9,0.0,0.4,0.2,3.0,28.0,33.0,67.0,,,9.0,1.8
2020-06-22,1.0,12.52322,26.925001,33.173946,7.7937503,2.7026174,0.5,32.787502,0.03179167,28.497915,55.789875,7.6449146,29.74,36.25,20.2,0.0,0.4,0.2,8.0,36.0,48.0,73.0,,,9.0,2.3
2020-06-23,1.0,8.896026,20.58,30.373466,7.8125,3.004616,18.5,34.439583,0.033000004,27.71875,78.224815,6.386592,22.32,31.8,23.2,0.0,0.5,0.3,6.0,37.0,47.0,74.0,,,10.0,2.7
2020-06-24,2.0,9.578843,23.745,34.1383,9.785417,2.503159,79.583336,33.08125,0.034625,27.152082,83.48034,6.725071,24.99,33.85,20.2,0.1,0.4,0.2,5.0,41.0,49.0,61.0,,,9.0,2.6
2020-06-25,1.0,9.5522375,22.949999,37.723404,10.541667,2.4305532,34.041668,31.833334,0.038,25.637499,253.49548,7.8105545,28.85,30.2,19.3,0.0,0.4,0.2,4.0,35.0,42.0,69.0,,,9.0,2.0
2020-06-26,1.0,13.68322,27.044998,34.879936,7.429167,2.249754,41.375,30.383333,0.041958332,25.160418,259.6543,7.3305664,29.49,31.6,17.45,0.0,0.4,0.2,6.0,33.0,42.0,64.0,,,9.0,1.7
2020-06-27,3.0,9.126321,20.925,35.51575,8.285417,2.2544315,21.416666,31.081251,0.038416665,27.108337,283.76398,7.3532896,29.7,33.85,18.85,0.0,0.3,0.2,3.0,21.0,25.0,65.0,,,9.0,1.2
2020-06-28,1.0,7.5174165,18.225,35.171326,9.172916,2.5760167,0.9166667,33.172916,0.034541667,28.631248,297.53598,8.112346,30.1,36.05,20.45,0.0,0.3,0.2,2.0,19.0,23.0,60.0,,,9.0,1.1
2020-06-29,1.0,10.286508,22.019999,31.63301,7.6041665,3.0247555,0.0,34.141666,0.034333333,29.362495,305.30267,8.666878,28.98,36.9,20.6,0.0,0.4,0.2,5.0,33.0,41.0,65.0,,,10.0,1.8
2020-06-30,0.0,13.351841,27.495,32.623665,9.150001,3.1157377,6.7083335,34.712498,0.034208335,29.245829,250.11575,9.659698,29.01,34.75,23.0,0.0,0.4,0.2,6.0,35.0,44.0,70.0,,,10.0,1.8
2020-07-01,2.0,17.686728,33.239998,26.211426,6.9500003,3.1082413,6.0833335,33.360416,0.03525,27.060417,254.53198,8.66715,29.73,32.55,19.5,0.0,0.4,0.3,6.0,36.0,46.0,60.0,30.0,11.0,10.0,2.1
2020-07-02,0.0,14.150268,28.485,27.301811,5.5291667,2.7211726,2.7083333,32.25,0.034458335,24.547918,28.875353,7.346805,30.33,31.5,16.3,0.0,0.4,0.2,8.0,31.0,43.0,51.0,20.0,6.0,9.0,1.9
2020-07-03,2.0,12.800114,28.019999,34.920776,6.214583,2.2487724,0.0,31.566666,0.034125004,26.425003,41.08934,8.2709255,30.59,33.9,17.55,0.0,0.2,0.2,3.0,20.0,25.0,68.0,11.0,4.0,9.0,2.1
2020-07-04,1.0,11.4436035,24.705,25.005178,3.0895834,2.8621252,0.0,32.904167,0.034,28.304167,38.08052,8.083762,29.95,36.15,19.2,0.0,0.2,0.2,2.0,19.0,22.0,93.0,13.0,6.0,9.0,1.1
2020-07-05,0.0,8.930073,21.449999,24.920877,5.4249997,3.194421,1.1666666,34.497917,0.034,29.752083,33.50607,8.237297,27.96,37.45,21.15,0.0,0.1,0.2,2.0,19.0,22.0,84.0,17.0,8.0,10.0,0.3
2020-07-06,1.0,13.326233,28.154999,32.36174,10.116667,3.0695884,13.958333,35.564583,0.034,30.043749,350.9174,9.344363,29.12,38.45,21.05,0.0,0.2,0.2,5.0,26.0,33.0,59.0,15.0,8.0,10.0,0.9
2020-07-07,0.0,13.150779,27.479998,24.355782,5.9895835,3.5913982,4.125,35.8625,0.034,29.287498,113.92502,7.9060135,21.22,37.65,22.2,0.1,0.3,0.2,5.0,30.0,38.0,61.0,18.0,6.0,11.0,1.6
2020-07-08,0.0,13.548054,31.394999,25.56626,6.758333,3.1432295,64.666664,33.122917,0.035041668,27.043745,88.549835,6.993512,24.88,34.05,21.15,0.0,0.4,0.2,6.0,38.0,47.0,53.0,39.0,12.0,10.0,3.5
2020-07-09,0.0,10.86998,24.15,35.363495,8.89375,2.4649916,36.75,32.2625,0.036916666,26.529167,62.14045,7.0498843,28.04,33.15,19.55,0.0,0.3,0.2,4.0,26.0,32.0,71.0,28.0,11.0,9.0,2.2
2020-07-10,0.0,9.016746,19.845,37.55987,9.608334,2.4215698,22.041666,33.085415,0.0345,28.483332,82.64769,8.2432575,27.74,35.75,20.15,0.0,0.3,0.2,4.0,32.0,38.0,87.0,17.0,8.0,9.0,2.0
2020-07-11,1.0,14.0893755,28.229998,36.69263,10.654166,2.7947567,13.708333,34.183334,0.034,27.224998,97.84557,6.2071333,21.77,32.65,22.55,1.1,0.3,0.2,3.0,19.0,23.0,78.0,25.0,14.0,11.0,1.9
2020-07-12,0.0,10.3446245,26.205,42.256046,12.375,2.175416,57.458332,32.625,0.03525,27.147917,34.89223,7.3961287,26.84,33.7,20.15,0.0,0.2,0.2,2.0,13.0,15.0,65.0,31.0,20.0,9.0,0.8
2020-07-13,0.0,14.319054,28.034998,41.839207,11.66875,2.3320556,14.625,32.5125,0.037041668,26.210417,45.789303,8.393219,27.68,32.95,19.55,0.0,0.3,0.2,4.0,24.0,29.0,70.0,14.0,6.0,10.0,1.7
2020-07-14,0.0,15.05568,30.419998,33.197124,7.2999997,2.4378235,50.708332,32.370834,0.035708334,25.168749,43.009853,7.9142456,28.57,32.2,17.4,0.0,0.3,0.2,3.0,23.0,28.0,81.0,14.0,9.0,9.0,1.3
2020-07-15,1.0,14.217191,28.664999,29.993376,5.554167,2.4152234,26.958334,31.36875,0.036708333,26.877083,44.835495,7.7250476,29.08,34.6,18.55,0.0,0.3,0.2,4.0,25.0,31.0,69.0,16.0,7.0,9.0,1.8
2020-07-16,0.0,11.813647,25.544998,32.533154,8.104167,2.6784258,32.75,33.44167,0.0345,27.933329,24.951136,9.130701,29.56,35.75,20.2,0.0,0.4,0.2,4.0,30.0,36.0,70.0,13.0,5.0,10.0,2.1
2020-07-17,1.0,15.450456,30.794998,25.570244,4.4874997,3.0092695,6.5,33.947918,0.0315,26.943748,35.081425,7.261016,29.64,35.45,17.55,0.0,0.3,0.2,4.0,23.0,28.0,73.0,10.0,5.0,10.0,1.5
2020-07-18,0.0,8.246539,20.385,31.981749,6.5437503,2.795392,0.0,34.089584,0.030999998,28.9,264.75574,8.041116,27.05,36.5,20.3,0.0,0.4,0.2,4.0,25.0,31.0,79.0,15.0,8.0,10.0,1.3
2020-07-19,0.0,10.8653145,22.949999,24.981493,5.9874997,3.2241743,5.25,34.09375,0.030999998,29.766668,231.28752,7.96374,29.48,36.8,21.5,0.0,0.4,0.2,3.0,26.0,30.0,78.0,21.0,12.0,11.0,1.7
2020-07-20,1.0,7.725761,18.195,20.059965,3.40625,3.580539,1.75,34.533333,0.030999998,28.808334,74.87058,6.718327,21.86,34.3,22.35,0.1,0.5,0.3,8.0,43.0,56.0,50.0,46.0,15.0,12.0,2.5
2020-07-21,0.0,11.875809,25.92,37.09881,11.485416,2.643211,44.041668,33.370834,0.033,27.827082,85.900604,6.2976046,24.24,32.75,22.15,0.0,0.4,0.2,7.0,37.0,48.0,58.0,35.0,17.0,11.0,2.5
2020-07-22,0.0,7.236395,20.054998,32.3754,9.091666,2.6565614,49.083332,33.9875,0.03483333,29.152086,264.28946,6.622091,25.3,35.95,21.3,0.0,0.5,0.2,6.0,33.0,42.0,63.0,25.0,12.0,10.0,2.6
2020-07-23,0.0,7.084286,17.58,32.778744,10.210417,2.990979,20.541666,34.935417,0.033125002,30.327082,339.42627,8.010089,26.71,36.45,23.15,0.0,0.5,0.2,6.0,42.0,51.0,71.0,25.0,12.0,11.0,2.7
2020-07-24,0.0,12.522117,25.365,29.499884,8.939584,3.2527587,15.375,35.6875,0.033458333,29.508333,355.32452,9.0293455,28.5,36.95,21.35,0.0,0.5,0.2,5.0,37.0,44.0,76.0,22.0,12.0,12.0,3.5
2020-07-25,0.0,13.9366255,28.349998,27.777292,7.022917,3.3038142,0.0,35.16042,0.033208333,30.929167,283.57745,8.221424,28.79,38.45,22.15,0.0,0.4,0.2,2.0,23.0,27.0,,16.0,9.0,11.0,1.7
2020-07-26,0.0,8.830642,19.92,21.46367,4.8770833,3.8070717,0.0,35.597916,0.034166668,31.691671,202.84373,8.396484,25.72,39.95,22.75,0.0,0.7,0.2,4.0,38.0,44.0,74.0,20.0,13.0,12.0,3.0
2020-07-27,0.0,12.022587,24.555,25.894148,8.354167,3.8065326,10.666667,35.8,0.033,30.816668,233.13,7.336821,23.86,35.3,24.75,0.0,0.7,0.2,6.0,45.0,55.0,70.0,31.0,15.0,12.0,3.4
2020-07-28,0.0,9.571087,20.835,27.679083,9.435416,3.2591877,13.458333,35.497917,0.033,30.55417,93.31769,7.607981,26.43,37.3,23.1,0.0,0.7,0.3,7.0,40.0,51.0,77.0,34.0,16.0,11.0,2.7
2020-07-29,0.0,10.324141,22.92,31.33655,10.160417,3.315795,18.125,36.100002,0.033,31.283335,165.23071,8.441042,23.75,38.35,24.25,0.0,0.6,0.2,5.0,40.0,48.0,79.0,33.0,15.0,12.0,2.9
2020-07-30,1.0,13.480316,29.43,32.38628,10.70625,3.3545973,17.916666,35.627083,0.033,30.877083,234.6615,8.209918,28.22,38.35,21.9,0.0,0.5,0.2,5.0,32.0,39.0,74.0,38.0,18.0,12.0,2.5
2020-07-31,0.0,9.695441,20.609999,23.297346,6.0812497,3.7155917,0.0,35.379166,0.033,31.179169,255.84856,8.883872,28.38,37.65,22.95,0.0,0.7,0.2,6.0,46.0,55.0,67.0,29.0,14.0,12.0,3.4
2020-08-01,0.0,11.832176,24.24,18.694035,3.1479168,3.9056711,1.2916666,35.204166,0.032625,28.497915,348.32895,8.043232,27.43,36.3,20.55,0.0,0.6,0.2,3.0,34.0,39.0,76.0,20.0,11.0,12.0,3.1
2020-08-02,1.0,13.73471,28.199999,36.089916,9.83125,2.748516,43.166668,34.712498,0.032375,26.46875,37.970444,7.899554,27.45,32.95,20.55,0.0,0.5,0.2,2.0,18.0,21.0,72.0,19.0,13.0,11.0,1.6
2020-08-03,0.0,13.36897,27.585,32.109394,7.2999997,2.5138886,65.583336,33.535416,0.032,25.956251,59.594086,7.214808,27.48,32.4,18.45,0.0,0.2,0.1,4.0,18.0,24.0,60.0,7.0,4.0,10.0,1.4
2020-08-04,0.0,10.5957575,23.31,32.40666,7.214583,2.4871511,22.708334,32.8875,0.032,28.124998,51.829185,7.2798624,27.16,35.9,19.55,0.0,0.3,0.2,3.0,22.0,27.0,75.0,14.0,7.0,10.0,1.6
2020-08-05,0.0,9.322047,20.835,31.621328,8.447917,2.917453,14.208333,34.216667,0.032,30.224998,95.03775,7.144276,24.64,37.25,22.75,0.0,0.5,0.2,5.0,34.0,42.0,71.0,21.0,9.0,11.0,2.9
2020-08-06,0.0,10.008743,20.85,31.656744,10.341666,3.2025452,15.333333,35.100002,0.032,31.341667,125.67969,7.5065374,25.21,38.4,24.0,0.0,0.7,0.2,6.0,41.0,50.0,63.0,29.0,15.0,12.0,5.0
2020-08-07,0.0,9.254431,21.029999,29.75786,10.352083,3.47146,16.208334,36.239582,0.031666666,30.510416,209.78731,5.9726815,18.08,36.3,24.1,0.0,0.5,0.2,4.0,32.0,38.0,74.0,26.0,9.0,12.0,2.1
2020-08-08,0.0,8.388728,19.005,26.580462,8.631249,3.2768486,51.625,34.604168,0.031291667,30.933332,236.39873,7.7731447,24.89,37.85,23.35,0.0,0.5,0.2,8.0,38.0,50.0,64.0,29.0,10.0,11.0,3.0
2020-08-09,1.0,9.91788,21.945,25.20759,7.808333,3.5863078,41.166668,35.216667,0.030999998,28.104166,161.53378,6.2957854,20.0,32.4,23.25,0.2,0.6,0.2,3.0,26.0,31.0,69.0,31.0,11.0,12.0,2.8
2020-08-10,0.0,11.329015,26.265,31.684774,9.385417,2.6110294,59.625,32.48125,0.031375002,22.264582,48.538754,3.073072,10.44,27.2,18.45,17.6,0.4,0.2,7.0,34.0,44.0,48.0,32.0,13.0,10.0,2.4
2020-08-11,3.0,10.256706,25.484999,64.67123,14.068749,0.9553189,82.833336,25.547918,0.17275,20.616665,227.94014,4.6889224,23.15,26.45,15.75,4.1,0.3,0.2,5.0,27.0,34.0,24.0,23.0,13.0,8.0,2.6
2020-08-12,0.0,9.203518,20.34,68.468056,14.014584,0.9023998,27.958334,23.93125,0.23120832,22.487501,241.38965,5.2462626,25.97,28.7,16.7,0.0,0.3,0.2,5.0,22.0,30.0,35.0,16.0,9.0,8.0,1.7
2020-08-13,1.0,5.267382,12.36,58.83086,13.410417,1.2860594,15.041667,24.904167,0.17383333,24.220835,237.50937,5.701186,24.61,31.4,16.95,0.0,0.4,0.2,8.0,35.0,47.0,57.0,19.0,11.0,8.0,2.8
2020-08-14,0.0,7.600712,16.109999,47.098995,11.260417,1.7775224,21.083334,25.652084,0.115833335,22.66667,238.19133,7.0907755,26.77,28.5,15.9,0.0,0.4,0.2,5.0,41.0,48.0,72.0,19.0,10.0,8.0,3.2
2020-08-15,0.0,14.535175,27.18,36.081554,5.3875003,1.9097847,4.9166665,25.56875,0.066375,21.497917,254.37192,6.232547,26.12,27.85,14.25,0.0,0.3,0.2,3.0,20.0,25.0,68.0,12.0,7.0,8.0,1.2
2020-08-16,2.0,9.884749,21.195,40.993656,6.6124997,1.6714125,4.5416665,26.38125,0.044375002,22.40833,247.48726,6.2436323,25.54,28.65,14.95,0.0,0.2,0.2,3.0,16.0,20.0,65.0,9.0,5.0,8.0,1.0
2020-08-17,0.0,10.767414,22.349998,43.973225,9.022917,1.6783171,35.125,27.364584,0.03816667,24.722918,253.88937,5.526478,22.05,30.3,18.55,0.0,0.3,0.2,6.0,23.0,32.0,50.0,12.0,7.0,8.0,1.3
2020-08-18,0.0,7.9394326,18.09,46.81885,11.952084,1.8088446,53.416668,29.464584,0.036416665,25.91667,238.70276,7.054623,25.93,32.9,18.25,0.0,0.3,0.2,11.0,26.0,42.0,35.0,13.0,6.0,8.0,2.1
2020-08-19,0.0,10.80688,22.5,36.228012,7.4375,2.3905213,2.8333333,30.079168,0.035749998,26.077085,235.82295,7.620612,25.75,34.25,17.45,0.0,0.5,0.1,11.0,33.0,50.0,36.0,17.0,9.0,9.0,2.4
2020-08-20,2.0,11.605889,23.37,23.787004,2.4083333,2.82103,6.7916665,29.579168,0.037041668,26.025003,242.28351,6.813067,24.62,31.8,19.35,0.0,0.6,0.2,13.0,40.0,60.0,44.0,18.0,8.0,9.0,3.3
2020-08-21,0.0,13.46442,26.94,49.98199,13.654167,1.8589063,3.2916667,30.252083,0.035583332,26.206245,303.2961,6.3078494,25.55,33.05,19.05,0.0,0.4,0.1,8.0,23.0,35.0,28.0,17.0,11.0,9.0,1.9
2020-08-22,0.0,8.428606,18.675,36.82754,7.36875,2.4060714,13.125,31.377083,0.028083334,25.910421,33.274868,6.827862,25.38,32.95,18.2,0.0,0.3,0.1,3.0,20.0,25.0,56.0,11.0,7.0,9.0,2.1
2020-08-23,1.0,12.495364,25.214998,32.332794,5.9666667,2.5324633,0.0,30.94375,0.026625,26.449999,31.91211,6.6601667,23.89,33.5,19.15,0.0,0.3,0.1,1.0,17.0,19.0,82.0,13.0,6.0,9.0,1.4
2020-08-24,0.0,9.96326,22.229998,35.54111,9.164583,2.426701,15.708333,31.856249,0.027666666,27.837502,283.86105,6.6358542,24.67,35.85,18.9,0.0,0.3,0.2,5.0,29.0,36.0,66.0,22.0,12.0,9.0,1.5
2020-08-25,0.0,7.799206,17.595,29.498384,6.9874997,2.9357493,2.875,32.5125,0.027,28.750002,251.09529,6.8466306,24.67,36.65,19.25,0.0,,0.2,7.0,43.0,53.0,63.0,22.0,10.0,10.0,
2020-08-26,1.0,8.007975,17.88,23.926805,4.7770834,3.2774878,0.0,32.591667,0.025,29.17708,283.03586,7.0361648,24.42,36.75,20.7,0.0,0.7,0.2,10.0,57.0,72.0,61.0,31.0,18.0,10.0,5.0
2020-08-27,0.0,8.993393,19.499998,26.781052,6.7062497,3.2444923,0.041666668,33.352085,0.026,27.268751,291.30823,7.236767,23.6,32.7,21.05,0.0,0.6,0.2,8.0,52.0,64.0,52.0,,,10.0,3.5
2020-08-28,0.0,12.563745,25.68,28.576332,6.2479167,2.637172,32.375,31.879166,0.027499998,19.981249,359.94232,6.1864314,22.92,23.9,16.1,0.2,0.5,0.2,5.0,28.0,36.0,55.0,18.0,8.0,9.0,3.5
2020-08-29,0.0,16.393963,32.925,38.392822,4.1375003,1.4513097,20.958334,26.516668,0.032500003,17.56875,31.5771,5.448324,21.88,23.3,11.45,0.0,0.2,0.1,2.0,9.0,12.0,60.0,8.0,4.0,9.0,0.9
2020-08-30,0.0,12.900855,26.13,36.139008,1.0500001,1.396975,18.666666,23.522917,0.0295,18.420832,41.76627,4.9192047,22.01,24.9,11.05,0.0,0.2,0.1,1.0,9.0,11.0,68.0,6.0,3.0,8.0,0.5
2020-08-31,1.0,8.533168,19.335,38.076847,2.4229167,1.4874339,32.291668,24.025,0.031166667,20.366667,94.635414,4.1310883,15.77,27.3,14.45,0.0,0.3,0.1,5.0,26.0,34.0,61.0,11.0,5.0,9.0,1.5
2020-09-01,0.0,6.4904537,14.79,27.569206,0.31041667,1.874998,65.666664,23.922918,0.03,21.847918,44.999897,5.778622,23.66,28.9,14.3,0.0,0.7,0.2,17.0,61.0,87.0,45.0,22.0,7.0,9.0,4.2
2020-09-02,2.0,10.422961,22.305,33.427807,4.1062503,1.93614,0.5833333,26.862501,0.03,23.39583,50.835625,5.6737704,23.4,31.0,14.95,0.0,0.6,0.2,8.0,39.0,52.0,67.0,16.0,5.0,9.0,2.9
2020-09-03,1.0,7.7350574,17.894999,32.958775,5.1166663,2.1564791,5.9583335,28.235418,0.0305,24.71667,126.15082,5.539657,23.02,31.8,16.75,0.0,0.8,0.2,18.0,50.0,77.0,62.0,23.0,10.0,9.0,4.0
2020-09-04,0.0,7.224384,16.38,37.043247,7.445833,2.1847918,0.0,29.13125,0.029,25.341665,92.4366,5.0775785,22.86,32.75,17.05,0.0,0.9,0.2,15.0,51.0,74.0,56.0,23.0,9.0,10.0,6.3
2020-09-05,1.0,5.7247086,14.549999,36.96923,8.239583,2.2921624,1.7083334,29.875,0.029,25.693748,33.52454,6.074942,22.41,32.85,17.5,0.0,0.6,0.1,6.0,43.0,52.0,63.0,17.0,7.0,10.0,2.8
2020-09-06,0.0,10.53273,22.455,34.594387,6.9854164,2.3880439,7.6666665,30.416666,0.029,21.1375,51.76733,6.4829836,22.93,26.8,14.55,0.0,0.5,0.1,2.0,20.0,23.0,83.0,19.0,9.0,10.0,1.9
2020-09-07,0.0,17.252583,32.685,35.427513,3.7604167,1.7020826,14.458333,26.370834,0.029,19.541666,56.687336,5.4109483,22.8,26.4,12.1,0.0,0.3,0.1,4.0,23.0,29.0,56.0,15.0,6.0,9.0,1.3
2020-09-08,2.0,10.88416,23.099998,38.62678,3.9541667,1.5674621,4.375,24.96875,0.03,21.549997,282.09518,4.9760747,21.97,28.45,13.95,0.0,0.3,0.1,5.0,26.0,34.0,59.0,19.0,5.0,9.0,1.3
2020-09-09,0.0,6.6645503,15.36,36.526585,5.2604165,1.8178221,4.2916665,26.647917,0.030999998,23.447916,37.893345,5.629499,21.74,29.85,16.5,0.0,0.6,0.2,3.0,40.0,44.0,56.0,24.0,7.0,9.0,2.6
2020-09-10,2.0,11.196487,23.58,37.934624,7.164583,1.9748944,5.5,27.383333,0.029,24.31875,51.161465,5.8271165,21.64,31.35,16.55,0.0,0.6,0.2,5.0,37.0,45.0,73.0,18.0,8.0,9.0,2.9
2020-09-11,0.0,9.625745,20.4,35.30308,6.99375,2.15992,21.083334,28.564583,0.029,25.064585,44.53042,5.5096745,21.56,32.1,16.95,0.0,0.3,0.2,3.0,44.0,49.0,75.0,21.0,8.0,10.0,1.3
2020-09-12,0.0,8.534287,18.644999,34.24085,6.8729167,2.3250773,23.666666,29.239584,0.029,25.304163,97.07882,5.864508,18.95,32.5,17.8,0.0,0.6,0.2,10.0,38.0,53.0,74.0,22.0,9.0,10.0,2.3
2020-09-13,0.0,11.825024,22.949999,36.850132,8.185416,2.2650533,32.208332,28.579168,0.029,24.887499,126.38978,4.746864,14.03,30.65,18.55,0.0,0.6,0.1,3.0,29.0,35.0,71.0,21.0,8.0,10.0,2.6
2020-09-14,1.0,10.658605,23.19,43.044888,10.364583,1.9081758,64.875,28.333334,0.029125,23.591667,203.587,4.3068657,18.01,28.5,19.6,1.1,0.4,0.2,3.0,33.0,38.0,62.0,24.0,8.0,9.0,1.7
2020-09-15,0.0,7.213541,17.475,53.550095,13.164584,1.4144592,48.791668,26.670832,0.06116667,23.154167,85.980515,4.37719,19.47,29.9,16.7,0.0,0.5,0.3,8.0,40.0,52.0,43.0,30.0,15.0,9.0,2.3
2020-09-16,1.0,7.5039515,16.5,52.190308,12.008334,1.5599746,61.125,25.516668,0.07329167,21.733332,169.305,3.4342973,13.77,25.55,18.35,9.499999,0.6,0.3,9.0,46.0,60.0,48.0,29.0,11.0,9.0,3.4
2020-09-17,0.0,10.104702,24.765,69.42595,15.127083,0.84408194,87.375,23.716667,0.134125,17.706251,196.24573,2.1083677,10.77,21.05,15.3,13.999999,0.5,0.3,12.0,33.0,51.0,28.0,29.0,20.0,9.0,2.4
2020-09-18,0.0,10.056792,27.539999,82.21898,14.15625,0.3829063,94.666664,20.420834,0.31720832,16.866667,221.83704,2.4299445,12.85,19.7,14.9,6.499999,0.4,0.2,9.0,28.0,41.0,14.0,18.0,10.0,9.0,1.7
2020-09-19,0.0,18.724237,36.81,79.531586,13.285417,0.41546345,81.791664,18.581251,0.33937502,17.71875,233.8333,2.5060048,12.93,21.25,14.65,0.7,0.3,0.2,4.0,19.0,26.0,34.0,10.0,5.0,9.0,0.9
2020-09-20,0.0,12.663629,25.169998,79.13667,13.860416,0.44879982,51.25,18.889584,0.281,17.739584,250.89539,3.457032,19.02,22.95,12.85,0.0,0.3,0.2,4.0,17.0,24.0,44.0,11.0,6.0,9.0,0.8
2020-09-21,1.0,6.7932606,14.73,71.898735,12.006249,0.65757006,34.0,19.59375,0.240875,17.647917,248.27144,3.7213757,19.26,23.6,12.55,0.0,0.6,0.3,16.0,37.0,62.0,43.0,13.0,7.0,9.0,3.2
2020-09-22,1.0,7.98799,16.065,66.81649,10.827084,0.77448964,43.791668,19.460417,0.19329166,18.262499,236.92659,3.0157387,14.39,23.05,14.95,1.6,0.6,0.3,11.0,44.0,61.0,43.0,13.0,6.0,9.0,3.0
2020-09-23,0.0,13.282252,26.01,74.12028,13.285417,0.60309875,58.583332,19.702084,0.16466667,17.952084,246.51062,2.7277546,11.66,21.6,15.6,0.9000001,0.5,0.3,9.0,31.0,44.0,38.0,13.0,7.0,9.0,3.3
2020-09-24,0.0,19.270956,34.89,73.18954,12.629167,0.5768592,60.375,19.491667,0.138375,14.539585,303.1302,4.195096,19.16,18.55,11.25,0.0,0.3,0.3,11.0,30.0,47.0,32.0,17.0,13.0,9.0,1.1
2020-09-25,1.0,16.048052,31.185,52.37787,4.0104165,0.8174162,28.125,17.252083,0.113625,13.981248,293.87308,3.47897,17.85,20.7,8.0,0.0,0.4,0.2,5.0,22.0,30.0,57.0,7.0,3.0,9.0,1.8
2020-09-26,0.0,10.659837,20.324999,56.15634,5.1833334,0.79487973,43.666668,16.741667,0.08866667,16.7125,329.71033,4.0445275,18.59,22.2,13.3,0.0,0.4,0.2,5.0,23.0,30.0,49.0,9.0,6.0,9.0,1.3
2020-09-27,32.0,12.239203,25.424997,53.483425,6.085417,0.9555866,30.958334,19.06875,0.06804167,14.46875,56.1695,3.4489298,19.36,22.35,6.95,0.0,0.3,0.2,2.0,14.0,17.0,57.0,7.0,4.0,,0.9
2020-09-28,0.0,5.804195,12.764999,49.855515,3.25,0.9825968,32.25,17.895834,0.052,17.079166,20.882132,3.7170718,18.13,24.85,9.2,0.0,0.7,0.3,21.0,57.0,89.0,29.0,15.0,5.0,,3.3
2020-09-29,5.0,5.8920016,13.724999,38.281734,1.5354166,1.3614774,33.0,20.00625,0.040416665,18.058334,268.50046,4.1249886,18.39,26.6,10.35,0.0,1.1,0.4,19.0,65.0,94.0,36.0,22.0,9.0,10.0,5.5
2020-09-30,1.0,7.9983945,16.65,41.86069,3.6541665,1.4044276,49.458332,20.860416,0.037125003,18.020834,254.94872,4.321806,17.1,23.25,12.45,0.0,1.1,0.5,15.0,61.0,84.0,44.0,20.0,9.0,10.0,5.7
2020-10-01,163.0,14.559308,27.57,50.944897,7.2645836,1.081761,68.166664,21.195833,0.0305,13.406247,260.17734,2.7341912,8.91,16.4,9.65,6.6,0.6,0.3,8.0,39.0,52.0,45.0,18.0,9.0,9.0,2.8
2020-10-02,11.0,26.405935,49.274998,62.999252,5.4187503,0.54970235,57.375,15.84375,0.117374994,11.485417,269.385,3.2583413,15.62,17.35,7.6,0.0,0.3,0.2,7.0,22.0,33.0,45.0,10.0,4.0,9.0,1.3
2020-10-03,0.0,16.766193,30.794998,56.95145,2.8208332,0.6392334,26.041666,13.474999,0.16829167,11.760418,259.2077,2.3530197,10.1,18.15,7.15,0.1,0.3,0.2,4.0,20.0,26.0,51.0,7.0,4.0,10.0,0.9
2020-10-04,0.0,16.251297,29.924997,63.732548,4.6124997,0.5655888,48.166668,12.78125,0.14329167,13.381249,295.51978,3.2817762,16.68,18.7,9.2,0.0,0.4,0.2,4.0,17.0,22.0,48.0,10.0,5.0,10.0,0.9
2020-10-05,1.0,12.03308,22.964998,57.001385,4.5916667,0.72145104,30.166666,14.514584,0.12195834,16.306252,293.00888,3.1480474,16.17,25.35,9.3,0.0,0.5,0.2,5.0,25.0,34.0,43.0,10.0,4.0,10.0,1.7
2020-10-06,2.0,7.0360465,14.685,66.70031,9.897917,0.77152324,22.5,17.070833,0.095458336,17.377083,17.427246,3.1924336,17.26,24.8,9.3,0.0,0.7,0.3,32.0,48.0,97.0,17.0,20.0,9.0,5.0,5.9
2020-10-07,7.0,5.8692183,12.705001,65.8254,10.035417,0.83252597,15.583333,18.74375,0.07091667,17.941668,24.03895,3.0676315,15.77,25.4,11.25,0.0,1.0,0.6,45.0,56.0,124.0,24.0,23.0,10.0,2.0,6.5
2020-10-08,1.0,6.870829,14.775001,62.513805,9.691667,0.9338014,74.25,19.770834,0.050916668,18.287498,324.18878,3.3207805,16.72,26.7,10.8,0.0,0.8,0.7,48.0,63.0,137.0,28.0,27.0,11.0,2.0,5.7
2020-10-09,1.0,6.3066998,13.59,58.38255,8.929167,1.0787299,54.0,20.35,0.04479167,17.9625,36.49701,4.0310216,16.54,24.2,12.8,0.0,0.9,0.5,26.0,62.0,102.0,,31.0,15.0,2.0,6.6
2020-10-10,4.0,16.63219,30.51,57.322987,8.287499,0.97952884,10.125,20.331251,0.0365,13.641666,34.380417,4.184438,17.13,19.5,9.1,0.0,0.6,0.2,3.0,24.0,29.0,,20.0,10.0,1.0,4.0
2020-10-11,0.0,17.69292,33.09,47.270885,1.4125,0.8881075,13.5,17.293749,0.03,12.954169,13.926965,3.2394226,16.66,19.5,7.9,0.0,0.3,0.2,2.0,12.0,15.0,,6.0,3.0,1.0,0.8
2020-10-12,0.0,9.585687,20.085,48.39208,1.44375,0.86699873,9.833333,16.310417,0.022249999,15.974999,278.8965,3.7515404,15.12,24.2,8.6,0.0,0.4,0.2,2.0,17.0,20.0,,5.0,2.0,1.0,0.9
2020-10-13,0.0,11.724347,22.005,46.918194,4.21875,1.1145972,31.583334,17.445833,0.019875,13.779167,326.2892,3.4921649,14.57,18.6,8.55,0.0,0.8,0.4,29.0,51.0,95.0,,22.0,9.0,2.0,5.0
2020-10-14,1.0,11.420539,23.234999,47.002262,1.0104166,0.88074297,24.958334,16.66875,0.013250001,10.877083,6.6611466,2.6819298,12.98,17.1,4.55,0.0,0.5,0.3,7.0,32.0,43.0,,10.0,3.0,2.0,2.4
2020-10-15,0.0,8.731886,17.85,54.3876,1.125,0.6749168,21.375,14.266666,0.011,9.685416,49.55998,2.5790627,16.07,15.75,3.3,0.0,0.7,0.3,15.0,37.0,61.0,,12.0,4.0,2.0,3.7
2020-10-16,0.0,5.523552,13.650001,52.757587,-0.57916665,0.65616834,25.208334,13.631249,0.010416667,10.525,314.2362,2.4754465,14.71,18.55,2.7,0.0,0.6,0.3,13.0,43.0,63.0,43.0,17.0,6.0,2.0,2.3
2020-10-17,0.0,5.100928,11.954999,50.612553,-0.4104167,0.7619212,56.458332,13.533333,0.0145000005,12.7375,36.518524,2.6861932,14.59,20.6,4.95,0.0,0.8,0.4,14.0,48.0,70.0,40.0,22.0,8.0,2.0,2.7
2020-10-18,1.0,6.0473876,12.915,48.370056,1.2770833,0.9000992,78.958336,14.972917,0.028250001,15.393752,109.32642,3.4530659,14.72,25.55,6.8,0.0,1.1,0.5,15.0,46.0,69.0,49.0,18.0,10.0,2.0,3.9
2020-10-19,1.0,9.040412,18.06,45.76897,2.6666667,1.1957536,60.541668,16.581251,0.037833333,16.597918,169.41565,2.2977123,3.59,19.9,12.75,21.199999,,0.4,15.0,52.0,75.0,42.0,32.0,11.0,2.0,
2020-10-20,0.0,17.500898,39.795,65.85795,9.441667,0.68389016,99.666664,16.199999,0.185125,14.639584,197.39145,1.4678429,6.88,17.3,12.3,6.499999,0.6,0.4,22.0,46.0,80.0,31.0,30.0,16.0,2.0,3.7
2020-10-21,0.0,12.890453,31.56,81.862465,11.166667,0.31285924,71.541664,14.879167,0.344375,13.527083,183.46428,0.92102945,5.18,15.75,12.0,9.8,0.3,0.2,7.0,27.0,38.0,44.0,16.0,10.0,1.0,1.4
2020-10-22,0.0,8.698915,23.175001,88.38272,11.583333,0.18663181,81.541664,14.33125,0.34408334,11.647915,241.18301,1.570675,10.87,14.9,9.4,2.5,0.4,0.3,9.0,31.0,44.0,38.0,17.0,11.0,1.0,1.5
2020-10-23,0.0,12.078495,23.25,83.67008,8.54375,0.23707916,36.458332,13.116666,0.34404168,10.502084,242.26036,1.6121205,10.29,15.55,6.95,0.0,0.4,0.3,13.0,37.0,57.0,37.0,10.0,6.0,2.0,1.7
2020-10-24,1.0,8.891953,17.43,82.8037,7.445833,0.25752208,46.541668,12.0125,0.294875,11.106251,221.97652,1.0395544,4.25,15.0,8.15,2.8,0.5,0.3,11.0,31.0,48.0,33.0,12.0,6.0,2.0,1.8
2020-10-25,0.0,19.123013,35.565,83.97733,8.558333,0.22545056,80.166664,11.474999,0.28170833,9.302083,282.74817,2.0626166,11.72,13.15,6.2,0.7,0.3,0.2,4.0,17.0,23.0,51.0,9.0,5.0,2.0,0.7
2020-10-26,0.0,13.603389,24.945,65.14369,2.4645834,0.42910814,31.375,10.408334,0.318375,8.983333,248.66187,1.8249589,11.6,13.95,4.85,1.1,0.4,0.3,10.0,34.0,50.0,44.0,6.0,3.0,2.0,1.5
2020-10-27,3.0,10.891686,20.414999,73.48107,4.43125,0.34290922,52.0,10.052083,0.28666666,10.558333,221.6587,0.75716573,4.46,14.05,7.05,0.1,0.5,0.3,14.0,34.0,56.0,41.0,11.0,5.0,2.0,1.5
2020-10-28,0.0,5.686073,11.055,91.68533,9.381249,0.11684978,79.125,11.412499,0.26916668,11.697917,35.56585,1.3771814,9.2,15.55,8.75,0.0,0.6,0.3,20.0,43.0,74.0,21.0,17.0,8.0,2.0,2.6
2020-10-29,1.0,4.752148,9.945,85.53843,8.914583,0.22337615,48.833332,12.789584,0.25904167,11.102084,25.108667,1.9540788,13.45,18.15,5.6,0.0,0.8,0.5,33.0,52.0,102.0,21.0,25.0,15.0,2.0,3.6
2020-10-30,0.0,5.1385765,10.62,80.47667,7.725,0.3279701,0.25,11.866666,0.24583334,12.689582,323.31757,2.0947857,13.06,21.2,6.7,0.0,0.9,0.5,38.0,56.0,114.0,19.0,26.0,16.0,2.0,4.8
2020-10-31,0.0,6.267324,11.82,78.8501,8.927083,0.4019202,21.833334,12.775001,0.23079167,12.660417,287.80194,1.920868,12.04,19.95,7.05,0.0,0.8,0.5,25.0,50.0,88.0,26.0,24.0,14.0,3.0,3.5
2020-11-01,0.0,4.7529445,10.065,81.6608,9.402083,0.34103072,77.25,13.239583,0.21020834,13.441667,276.64514,1.5534294,9.47,19.2,8.0,0.0,1.0,0.5,20.0,52.0,83.0,26.0,33.0,24.0,2.0,3.9
2020-11-02,0.0,3.7060544,8.400001,83.47128,10.564584,0.30265749,39.875,13.389584,0.19345833,12.508334,30.977629,0.6781702,1.97,14.9,10.25,10.099999,1.2,0.5,16.0,45.0,70.0,22.0,33.0,26.0,2.0,3.4
2020-11-03,0.0,12.415559,21.539999,87.276245,10.0625,0.17560612,97.083336,12.60625,0.25149998,9.302085,41.71463,1.169693,3.78,11.5,7.55,6.6000004,0.6,0.4,22.0,46.0,81.0,18.0,25.0,19.0,2.0,3.4
2020-11-04,1.0,18.126305,33.09,77.997284,5.535417,0.25570828,96.625,10.283334,0.32383332,10.374999,45.626743,0.68717074,2.37,14.45,7.9,22.100002,0.4,0.3,11.0,35.0,51.0,36.0,7.0,3.0,2.0,1.5
2020-11-05,1.0,16.298998,36.42,87.51913,8.577084,0.16301478,90.041664,10.129167,0.36841667,14.0270815,97.90709,1.8393024,9.1,19.95,9.6,0.4,0.4,0.3,17.0,46.0,72.0,25.0,13.0,8.0,2.0,2.2
2020-11-06,3.0,14.349631,29.549997,80.64701,10.79375,0.36878464,92.666664,12.589583,0.3354583,12.477082,202.93494,1.0329224,6.58,14.55,9.05,18.500002,0.4,0.3,12.0,33.0,51.0,33.0,61.0,22.0,2.0,1.7
2020-11-07,1.0,11.345924,23.43,88.044624,9.977083,0.17655592,61.25,12.591667,0.38337502,10.783333,155.93436,1.1333611,7.44,15.0,7.4,0.1,0.3,0.2,6.0,26.0,35.0,44.0,14.0,8.0,2.0,0.9
2020-11-08,0.0,5.903469,11.565,83.92691,8.220834,0.23582399,60.5,11.429166,0.34762502,10.931251,189.46225,1.0921984,7.16,14.75,8.9,4.1,0.5,0.3,7.0,37.0,49.0,35.0,13.0,7.0,2.0,1.5
2020-11-09,4.0,3.5571518,9.405,85.6915,8.397917,0.20121151,59.125,11.664584,0.34558332,9.779167,18.066591,1.5503104,11.57,15.3,5.5,0.0,0.6,0.4,16.0,51.0,75.0,22.0,21.0,14.0,2.0,2.3
2020-11-10,1.0,4.8850465,10.08,83.68191,6.785417,0.23735191,15.666667,10.645833,0.32695833,8.877084,9.293215,1.506288,11.42,14.85,3.85,0.0,0.7,0.4,23.0,53.0,89.0,19.0,18.0,10.0,2.0,3.2
2020-11-11,6.0,5.4137497,11.009999,84.74284,6.3854165,0.20785017,70.708336,10.047916,0.30891666,9.297917,21.518692,1.017282,6.95,14.0,6.3,0.0,0.7,0.5,39.0,56.0,115.0,19.0,23.0,13.0,2.0,3.5
2020-11-12,6.0,5.9368253,10.905,86.47643,6.9791665,0.17857236,95.666664,9.810416,0.29933333,9.460416,33.5628,1.263266,9.17,14.65,5.55,0.0,0.9,0.5,26.0,61.0,101.0,15.0,27.0,17.0,2.0,4.3
2020-11-13,5.0,4.6963534,9.87,83.09833,6.7625003,0.23302175,94.166664,10.433333,0.28820834,10.247916,93.63292,0.4474353,2.26,12.9,8.0,2.8,0.7,0.4,30.0,57.0,103.0,22.0,21.0,13.0,3.0,3.9
2020-11-14,2.0,4.1244664,8.07,92.52188,9.272917,0.09433643,98.958336,10.875,0.29545835,13.141666,227.47496,0.66220653,3.55,16.4,10.8,0.1,0.7,0.4,18.0,53.0,81.0,13.0,27.0,20.0,2.0,3.2
2020-11-15,3.0,11.41975,20.984999,93.396935,12.204166,0.1112471,98.666664,12.75,0.29270834,14.149999,269.72455,1.3273125,8.66,17.95,11.1,0.0,0.5,0.3,8.0,27.0,39.0,22.0,16.0,11.0,2.0,1.7
2020-11-16,73.0,4.9831815,10.935,85.14433,11.179166,0.26547712,78.416664,14.052083,0.28345832,10.427084,58.781826,1.3578552,10.35,15.4,6.2,0.0,0.8,0.5,47.0,49.0,122.0,13.0,19.0,12.0,2.0,4.5
2020-11-17,16.0,5.5647354,10.829999,91.19022,8.98125,0.1257051,9.416667,11.570834,0.272125,9.947916,30.50263,1.030527,7.61,15.6,6.55,0.0,0.8,0.4,51.0,51.0,128.0,12.0,24.0,16.0,2.0,4.9
2020-11-18,50.0,4.591856,9.554999,92.89576,8.729167,0.10744051,40.541668,10.897916,0.26595834,12.341667,29.044878,1.8554554,10.39,20.1,6.45,0.0,1.0,0.6,65.0,56.0,156.0,10.0,31.0,20.0,3.0,6.3
2020-11-19,6.0,9.780594,18.045,76.411446,8.099999,0.42532173,2.375,11.454166,0.25820833,10.322917,45.82859,1.8498473,10.61,16.15,6.05,0.0,1.0,0.6,63.0,49.0,145.0,13.0,25.0,14.0,3.0,8.8
2020-11-20,2.0,10.872764,20.324999,66.98165,3.5770833,0.46024585,18.708334,10.522917,0.240125,7.987501,42.654724,1.7737033,10.68,13.95,3.85,0.0,0.6,0.4,18.0,49.0,76.0,28.0,10.0,5.0,3.0,2.5
2020-11-21,26.0,7.17827,13.68,56.407337,-0.6479167,0.49919036,11.333333,8.314584,0.214,6.472916,27.021502,1.3234946,10.52,12.95,1.25,0.0,0.7,0.4,15.0,47.0,70.0,32.0,12.0,6.0,3.0,2.2
2020-11-22,4.0,5.055069,9.87,77.800835,2.5479167,0.25409645,2.875,7.308333,0.19754167,7.1687503,13.714847,1.3113617,10.22,13.75,1.5,0.0,0.8,0.4,21.0,51.0,84.0,26.0,19.0,11.0,3.0,2.2
2020-11-23,6.0,4.725932,9.044999,74.81887,2.7895832,0.3125691,44.458332,7.1854167,0.188625,5.9125004,120.25641,1.0490016,8.52,11.5,0.35,0.0,1.0,0.5,49.0,66.0,140.0,15.0,26.0,14.0,3.0,4.5
2020-11-24,0.0,5.0356708,9.585,81.02529,2.6729167,0.20413595,63.25,5.991667,0.17966665,7.954167,136.92842,0.8840933,5.02,12.85,4.1,2.7,0.9,0.5,43.0,70.0,135.0,9.0,34.0,19.0,3.0,5.2
2020-11-25,22.0,8.465306,16.26,81.28828,5.039583,0.22826953,81.5,7.63125,0.18020833,9.654167,90.432076,0.6137879,3.25,11.85,7.5,18.199999,1.0,0.5,40.0,66.0,127.0,11.0,34.0,22.0,2.0,6.1
2020-11-26,15.0,11.255456,28.515,87.50726,7.6729164,0.1547267,98.791664,9.158334,0.25670835,8.564585,34.483345,0.5054151,2.09,10.3,6.65,8.5,0.6,0.4,24.0,55.0,92.0,22.0,19.0,12.0,2.0,2.6
2020-11-27,0.0,11.0081835,22.65,87.67539,6.4708333,0.13920844,96.25,8.26875,0.343125,8.39375,34.50859,0.9144231,6.67,11.5,5.95,0.0,0.6,0.4,18.0,57.0,85.0,17.0,11.0,7.0,2.0,2.9
2020-11-28,3.0,7.2186985,14.490001,88.30898,6.4395833,0.14025816,75.541664,9.01875,0.311125,7.5208335,41.857395,1.0085582,8.24,12.15,4.55,0.0,0.5,0.3,15.0,40.0,62.0,26.0,13.0,10.0,2.0,1.8
2020-11-29,1.0,6.6881027,12.704999,88.038246,5.4500003,0.14658077,65.0,8.3375,0.29091665,7.791666,31.607428,1.092341,7.79,13.95,4.1,0.0,0.5,0.3,9.0,36.0,49.0,,14.0,11.0,2.0,1.4
2020-11-30,2.0,8.525832,15.509999,81.609856,4.6958337,0.22334303,72.5,7.772917,0.27670833,7.55625,12.543319,1.3214302,9.81,15.1,2.85,0.0,0.7,0.5,41.0,56.0,118.0,,16.0,9.0,3.0,3.9
2020-12-01,132.0,7.135422,13.38,74.282585,2.9770832,0.317026,25.5,7.4583335,0.26683334,7.033333,29.145159,1.4891679,8.82,9.7,2.9,0.0,0.8,0.4,31.0,53.0,101.0,16.0,12.0,6.0,3.0,3.7
2020-12-02,531.0,11.324779,21.179998,64.69754,0.21041667,0.3626553,51.916668,7.383333,0.251375,3.2375002,246.34494,1.3248094,9.25,8.95,-1.7,0.0,0.5,0.3,10.0,47.0,62.0,28.0,11.0,5.0,3.0,2.9
2020-12-03,148.0,12.15772,21.57,71.83434,-1.4479166,0.25495607,54.0,4.4895835,0.231125,5.433333,254.943,1.3309948,8.22,7.55,1.65,4.3,0.7,0.4,26.0,50.0,90.0,,16.0,9.0,2.0,2.5
2020-12-04,58.0,20.05527,38.039997,74.76624,0.73125,0.23201811,60.083332,5.9791665,0.24558334,3.3854163,267.45648,1.2356076,7.94,7.5,0.5,0.0,0.6,0.3,15.0,40.0,64.0,,8.0,4.0,2.0,1.8
2020-12-05,3.0,15.929512,29.01,69.532814,-1.6729168,0.25422552,63.75,4.1625,0.24049999,4.44375,272.92673,1.3942574,8.59,8.6,1.15,0.0,0.5,0.3,9.0,30.0,43.0,45.0,7.0,4.0,2.0,1.0
2020-12-06,15.0,18.706314,33.329998,72.59869,-0.20416665,0.2500999,42.416668,4.7687497,0.22691667,7.206251,243.83344,0.60950184,3.53,9.8,4.35,1.8000001,0.4,0.3,7.0,26.0,37.0,48.0,6.0,3.0,2.0,0.7
2020-12-07,38.0,24.124054,44.25,90.65131,5.8458333,0.100970566,92.541664,7.24375,0.22833334,6.40625,278.74966,1.441231,8.48,9.2,4.2,2.8,0.3,0.2,6.0,22.0,32.0,50.0,6.0,4.0,2.0,0.7
2020-12-08,2.0,18.27894,34.44,69.08414,0.8125,0.30302572,34.291668,6.602083,0.27608332,4.9020834,275.06085,1.3453833,8.86,9.45,2.1,0.0,0.4,0.3,5.0,25.0,34.0,55.0,4.0,3.0,2.0,0.7
2020-12-09,7.0,13.382848,24.195,70.38361,-0.21458334,0.27435842,28.541666,5.4708333,0.25329167,8.737499,244.82928,0.6493896,3.12,12.95,3.4,1.6,0.6,0.3,14.0,38.0,59.0,41.0,8.0,4.0,2.0,1.8
2020-12-10,10.0,19.854582,34.965,89.17789,7.570833,0.13438444,96.666664,8.202084,0.25837502,12.583335,245.11763,0.5940285,3.67,15.3,10.05,4.2999997,0.5,0.3,15.0,34.0,58.0,32.0,8.0,4.0,2.0,1.6
2020-12-11,78.0,22.355654,40.995,91.459465,11.306251,0.12622117,78.541664,11.556251,0.291625,10.552084,269.64755,1.8698767,8.2,13.8,7.75,0.0,0.4,0.3,13.0,29.0,48.0,34.0,8.0,4.0,2.0,1.4
2020-12-12,221.0,16.723085,30.464998,66.46206,4.03125,0.43219134,30.083334,10.152083,0.2705,7.791666,225.4373,0.9682526,7.79,11.95,3.3,0.0,0.3,0.3,7.0,30.0,42.0,54.0,10.0,4.0,2.0,1.2
2020-12-13,56.0,4.4367657,9.839999,85.26846,5.6083336,0.16885309,71.666664,8.377084,0.24979167,9.572917,181.12328,0.4635011,2.9,11.6,8.4,3.8,0.5,0.3,9.0,36.0,51.0,28.0,15.0,8.0,2.0,1.6
2020-12-14,41.0,6.588684,13.454999,92.76455,8.5625,0.08958292,95.041664,9.627084,0.25225,8.458333,233.6006,0.8985779,6.65,10.65,4.95,1.4,0.6,0.4,23.0,48.0,84.0,14.0,19.0,12.0,2.0,2.4
2020-12-15,21.0,14.061394,26.085,85.571594,5.5812497,0.16334938,62.041668,8.920834,0.30070832,6.9375,152.93294,0.6240398,3.91,11.2,3.25,2.0,0.4,0.3,14.0,40.0,62.0,36.0,9.0,4.0,2.0,1.5
2020-12-16,6.0,7.015592,14.384999,87.17468,5.172917,0.14296947,82.5,7.15,0.28725,8.602083,3.9084575,0.9386495,7.39,12.75,4.25,0.0,0.7,0.4,24.0,57.0,94.0,21.0,17.0,10.0,2.0,3.1
2020-12-17,19.0,5.668113,11.459999,88.38854,6.6229167,0.14856398,51.75,8.822917,0.27745834,6.4020824,245.55568,0.44930872,3.26,9.5,3.9,0.0,0.8,0.4,29.0,58.0,103.0,15.0,20.0,12.0,3.0,3.8
2020-12-18,1.0,4.35628,8.849999,95.10677,5.683333,0.051286306,78.375,7.110417,0.26387498,7.502083,186.85777,0.28829548,1.53,8.6,6.55,10.0,1.0,0.5,41.0,60.0,122.0,6.0,26.0,18.0,3.0,
2020-12-19,1.0,7.00454,13.62,96.13364,6.9125,0.040711842,95.625,7.7479167,0.30308333,6.799999,264.68555,0.8077339,6.6,11.05,4.1,0.3,0.4,0.2,9.0,31.0,45.0,25.0,15.0,12.0,2.0,1.2
2020-12-20,5.0,5.7745247,11.459999,90.660805,5.039583,0.10675924,64.083336,7.68125,0.30233333,7.5020833,209.1922,0.5371837,3.94,10.8,4.25,0.6,0.6,0.4,16.0,39.0,64.0,21.0,14.0,9.0,2.0,1.8
2020-12-21,33.0,4.8468843,9.464999,93.29243,6.5187497,0.07652076,74.041664,7.7937503,0.28820834,7.8416653,67.0459,0.5655385,4.19,10.45,5.45,0.0,0.8,0.4,32.0,50.0,98.0,7.0,22.0,12.0,2.0,3.1
2020-12-22,1.0,4.315128,8.985,94.96346,7.2208333,0.058959752,97.166664,8.779166,0.27329168,7.6770835,227.67188,0.5626756,3.89,10.7,4.95,0.0,,0.5,64.0,54.0,152.0,7.0,24.0,16.0,2.0,
2020-12-23,16.0,6.1120696,12.165,93.48632,6.629167,0.07716137,91.541664,8.029166,0.26608333,8.345834,24.227722,0.56926876,1.8,9.8,6.75,1.6000001,0.9,0.4,52.0,48.0,128.0,6.0,17.0,12.0,2.0,4.1
2020-12-24,93.0,6.40152,13.049999,82.51283,5.1124997,0.1853311,89.041664,8.785417,0.26675,4.454167,30.043806,1.5424044,9.18,8.5,1.0,0.0,0.6,0.3,10.0,32.0,47.0,23.0,17.0,14.0,2.0,2.2
2020-12-25,124.0,14.004353,25.89,61.641315,-3.0041666,0.33138406,4.9166665,5.0333333,0.25970832,2.4229167,352.54196,1.1477404,8.88,8.65,-1.5,0.0,0.4,0.3,3.0,22.0,27.0,50.0,7.0,7.0,3.0,1.0
2020-12-26,23.0,8.7059145,16.605,68.60505,-2.8604167,0.2557141,18.916666,2.875,0.24570833,1.6250001,226.22377,1.0047437,7.77,5.85,-3.15,0.0,0.8,0.4,24.0,47.0,84.0,33.0,13.0,9.0,3.0,1.8
2020-12-27,51.0,15.173827,26.550001,78.88678,-1.6374999,0.16600478,68.583336,1.5895834,0.23,5.7479167,262.39294,1.530473,9.18,8.6,2.25,2.7,1.1,0.4,28.0,43.0,86.0,25.0,14.0,9.0,2.0,2.2
2020-12-28,39.0,23.08242,42.57,70.23558,0.13958335,0.28267428,33.416668,5.264583,0.24054165,3.2354164,263.07623,1.0081342,7.05,7.3,0.5,0.2,0.5,0.3,11.0,32.0,49.0,51.0,7.0,4.0,2.0,1.8
2020-12-29,0.0,17.124182,31.214998,77.85499,-0.55,0.18958853,36.166668,3.8854167,0.23083334,3.1999998,276.8199,1.1289264,7.87,8.65,-0.25,0.0,0.6,0.3,15.0,37.0,59.0,38.0,8.0,4.0,2.0,1.8
2020-12-30,1.0,10.50952,19.679998,70.93583,-1.8770833,0.24769549,33.041668,3.5645835,0.21716666,2.0916665,235.7616,0.88808036,8.37,7.2,-2.3,1.3000001,,,,,,,,,,
2020-12-31,14.0,12.295299,22.62,84.505264,-0.17291667,0.12534256,39.625,2.8687499,0.211625,3.6208336,283.04037,1.18659,8.78,6.4,1.6,3.6,,,,,,,,,,
2021-01-01,4.0,15.826294,29.714998,71.9279,-1.4166666,0.2319795,44.541668,3.9416666,0.24870832,1.65625,297.3074,1.1825953,8.24,5.15,-1.35,0.0,0.4,0.2,4.0,23.0,29.0,51.0,4.0,3.0,2.0,0.6
2021-01-02,5.0,12.315782,22.919998,64.21846,-4.8562503,0.25142145,38.833332,2.6916666,0.23183334,1.3895835,268.6128,1.1236203,8.41,7.35,-2.5,0.0,0.7,0.3,10.0,36.0,51.0,42.0,6.0,4.0,3.0,0.9
2021-01-03,9.0,11.482567,20.82,69.54712,-3.5854168,0.23063569,30.666666,1.75,0.21879166,1.6145835,269.84018,1.0467513,8.72,5.95,-0.75,0.1,0.8,0.4,11.0,42.0,58.0,31.0,9.0,5.0,2.0,1.2
2021-01-04,1.0,10.952872,20.025,71.62162,-3.39375,0.21210831,26.5,2.1666667,0.20679165,-0.3416667,291.96063,0.92968756,9.68,4.65,-4.0,0.0,0.8,0.4,16.0,47.0,73.0,33.0,9.0,5.0,2.0,1.9
2021-01-05,8.0,5.478414,10.3949995,76.55111,-4.2875,0.1576921,0.25,0.79999995,0.200375,-0.5166666,28.308693,1.0431182,9.47,5.8,-4.1,0.0,1.1,0.5,56.0,61.0,147.0,22.0,20.0,12.0,3.0,2.8
2021-01-06,13.0,8.143463,14.445,70.4208,-5.464583,0.20164914,41.875,-0.35208333,0.19604166,-0.41041663,31.560791,0.56075704,3.26,2.45,-2.35,0.29999998,0.9,0.4,9.0,41.0,55.0,31.0,14.0,8.0,3.0,1.5
2021-01-07,281.0,11.249595,20.07,78.16512,-3.8083334,0.12967567,94.25,0.18541665,0.19454168,-0.26249996,33.23863,0.6015366,1.82,1.4,-2.0,0.0,0.9,0.4,15.0,43.0,65.0,27.0,12.0,7.0,2.0,1.5
2021-01-08,36.0,18.73222,31.904999,78.446205,-3.5458333,0.12883602,99.875,-0.15416667,0.19279166,-0.39791667,44.237103,0.3306008,2.69,0.6,-1.35,0.7,0.8,0.3,11.0,35.0,52.0,35.0,11.0,6.0,2.0,1.3
2021-01-09,0.0,16.483725,29.22,93.49438,-1.2395834,0.037821893,98.916664,1.4875001,0.1925,0.95416665,33.92984,0.91424036,9.28,3.7,-1.45,0.1,0.7,0.3,3.0,24.0,29.0,47.0,5.0,4.0,2.0,0.5
2021-01-10,4.0,10.944825,19.785,79.98296,-2.3062499,0.13773856,65.541664,2.1833334,0.20291667,0.4375001,18.300867,1.1770126,9.41,5.8,-3.1,0.0,0.7,0.3,3.0,27.0,32.0,49.0,7.0,6.0,2.0,0.6
2021-01-11,,9.650426,18.539999,67.18879,-5.5604167,0.2270636,28.541666,1.6104168,0.21887499,-2.6729167,220.31396,0.95920235,10.35,4.0,-6.45,0.0,0.8,0.4,11.0,39.0,56.0,,,,,1.0
2021-01-12,,4.297247,9.3,73.152626,-7.160417,0.1578917,5.5,-1.4562501,0.22275001,-2.3104167,14.432084,1.0453646,10.62,5.05,-6.65,0.0,1.3,0.5,28.0,57.0,100.0,,,,,1.8
2021-01-13,,6.367573,10.41,70.99782,-7.3854165,0.17235069,7.7916665,-2.26875,0.22795834,-3.1729164,9.702793,1.0785226,10.88,5.55,-11.05,0.0,,0.6,71.0,69.0,178.0,,,,,
2021-01-14,,8.263378,12.614999,72.698006,-6.975,0.18083942,41.666668,-1.7958332,0.24737501,0.0104166465,336.8515,1.046854,10.48,6.9,-5.65,0.0,,0.8,116.0,76.0,254.0,,,,,
2021-01-15,,5.8180213,9.525,82.37132,-3.5416667,0.13344096,22.833334,-2.1458333,0.2725,-0.18541664,242.85037,1.1438754,11.08,7.85,-4.8,0.0,,0.9,131.0,78.0,279.0,,,,,
2021-01-16,,4.56545,7.6349998,73.16299,-4.5916667,0.19297032,21.0,-1.5187501,0.30033335,-1.7062502,11.8989315,1.1682402,11.42,6.5,-9.6,0.0,,1.1,156.0,82.0,321.0,,,,,
2021-01-17,,6.2416573,9.105,65.66378,-8.125,0.23934732,16.958334,-1.7041668,0.31625,-0.3770833,19.703897,1.1546715,11.1,7.45,-6.35,0.0,,0.9,76.0,68.0,185.0,,,,,
2021-01-18,,7.1444907,10.214999,79.59891,-3.8041668,0.16016988,0.0,-1.3833333,0.33429167,-1.5458332,16.786219,1.0318254,11.03,4.7,-6.3,0.0,,0.7,97.0,83.0,231.0,,,,,
2021-01-19,,7.4387717,10.7699995,88.71762,-3.1875,0.0822938,36.583332,-1.0416666,0.34629166,1.8916665,183.5266,0.37379164,2.99,5.5,-3.95,2.4999998,1.0,0.5,37.0,72.0,128.0,20.0,22.0,17.0,3.0,2.9
2021-01-20,,11.226226,20.535,93.25165,1.69375,0.050887916,95.625,-0.4416667,0.37337503,7.785417,227.58827,0.5573831,3.72,10.6,5.55,0.5,1.2,0.5,34.0,72.0,125.0,17.0,20.0,16.0,2.0,3.3
2021-01-21,,19.80266,35.114998,92.49198,6.9229164,0.08506399,98.833336,4.3020835,0.399375,7.6104164,242.4915,0.7567181,5.84,9.85,3.3,2.3000002,0.4,0.3,10.0,32.0,47.0,42.0,,,2.0,1.4
2021-01-22,,23.281248,47.594997,88.288124,5.266667,0.12065976,52.083332,6.339583,0.39029166,5.85,233.5928,0.39684743,2.01,9.65,2.8,2.0000002,,0.3,11.0,32.0,48.0,48.0,7.0,3.0,2.0,
2021-01-23,,21.745756,39.524998,92.22106,5.2625003,0.076524004,87.75,5.5333333,0.37125,9.081249,259.69092,1.4325271,8.07,11.6,6.75,0.6,0.4,0.2,6.0,20.0,30.0,52.0,6.0,3.0,2.0,0.8
2021-01-24,,17.410261,31.845,75.98579,4.6229167,0.28461653,68.833336,7.808333,0.36720833,9.96875,243.1801,0.5196529,2.78,12.8,6.8,1.5000001,0.4,0.2,4.0,19.0,26.0,58.0,9.0,3.0,2.0,0.8
2021-01-25,104.0,20.937986,37.664997,91.76536,8.922916,0.103607096,87.583336,8.88125,0.35316667,11.302085,254.32191,0.90517974,6.01,15.6,8.1,0.4,0.4,0.3,10.0,28.0,43.0,36.0,5.0,3.0,2.0,1.3
2021-01-26,443.0,10.579705,19.304998,91.37384,10.05,0.13002759,78.708336,10.020833,0.33612502,13.325,274.2285,1.5140249,9.6,18.3,10.85,0.0,0.5,0.3,14.0,30.0,52.0,23.0,8.0,5.0,2.0,
2021-01-27,2665.0,9.162704,17.894999,85.85016,10.679166,0.25453714,85.041664,12.195834,0.3263333,11.125,232.81519,0.8448333,5.57,14.3,8.85,0.2,0.7,0.4,30.0,32.0,78.0,15.0,16.0,9.0,2.0,7.2
2021-01-28,53.0,5.467049,11.849999,92.80817,9.785417,0.10529194,90.625,11.227084,0.31279168,10.066667,233.00462,0.9419911,6.64,14.4,7.05,0.0,0.5,0.3,16.0,25.0,49.0,15.0,12.0,8.0,2.0,3.4
2021-01-29,223.0,8.147466,16.289999,92.6395,8.972917,0.10710859,83.125,10.416667,0.30070832,10.114583,245.81529,1.5023272,9.38,11.6,8.3,4.2999997,0.6,0.3,22.0,27.0,61.0,17.0,14.0,7.0,2.0,2.8
2021-01-30,667.0,20.992527,42.18,78.27746,6.1062503,0.2675003,71.208336,10.254167,0.322875,8.979167,242.92314,1.0306003,5.27,13.2,5.15,0.4,0.4,0.2,4.0,20.0,26.0,46.0,7.0,3.0,2.0,1.4
2021-01-31,310.0,21.455019,38.295,85.631775,6.9270835,0.1654198,86.75,8.958333,0.30824998,10.364584,247.39653,1.5414317,10.25,14.8,7.5,0.0,0.4,0.2,3.0,17.0,21.0,59.0,8.0,4.0,2.0,0.8
2021-02-01,514.0,19.720364,35.145,84.08536,7.2937503,0.224898,36.5,10.306251,0.286125,9.872917,236.59866,0.8171431,4.44,12.65,7.4,0.2,0.4,0.3,8.0,31.0,44.0,44.0,12.0,4.0,2.0,1.7
2021-02-02,11.0,14.101547,25.29,88.00086,8.070833,0.15921398,96.083336,9.935416,0.26970834,9.620833,199.0517,0.65962255,3.46,11.55,7.85,0.6,0.4,0.3,11.0,28.0,45.0,33.0,9.0,4.0,2.0,1.8
2021-02-03,22.0,9.412796,17.85,86.69358,7.5208335,0.16193582,95.333336,9.745833,0.26841667,10.404167,176.9308,1.1547201,7.98,13.75,8.1,0.2,0.4,0.3,14.0,31.0,52.0,24.0,9.0,5.0,2.0,1.8
2021-02-04,122.0,7.5869355,16.26,84.7606,7.7645836,0.20736575,95.625,10.489583,0.26929167,10.716667,59.609016,1.7810092,11.82,16.5,7.1,9.599999,0.5,0.3,13.0,35.0,55.0,30.0,14.0,8.0,2.0,2.1
2021-02-05,394.0,9.980948,22.365,79.205055,6.9479165,0.3170106,67.458336,10.595834,0.294625,8.195834,183.8681,0.9338278,6.72,11.55,5.5,11.500001,0.6,0.3,11.0,37.0,54.0,30.0,35.0,12.0,3.0,4.4
2021-02-06,85.0,8.345424,18.045,89.72122,6.3729167,0.11778182,91.791664,9.545834,0.36424997,7.335417,268.57092,1.5471977,10.41,11.55,4.25,1.0,0.4,0.3,5.0,29.0,37.0,36.0,15.0,7.0,2.0,1.7
2021-02-07,224.0,13.293885,24.615,77.87412,3.26875,0.25011346,71.458336,8.658334,0.33016667,7.672918,241.03445,1.2394724,9.72,10.15,5.6,10.5,0.5,0.3,3.0,20.0,24.0,52.0,6.0,3.0,2.0,0.9
2021-02-08,25.0,20.228504,41.13,83.650505,5.102083,0.17983525,75.666664,8.435416,0.35054168,7.4083333,224.88443,0.65884405,2.87,9.45,5.95,14.2,0.5,0.3,7.0,29.0,40.0,49.0,6.0,2.0,2.0,1.1
2021-02-09,6.0,22.415977,43.62,87.13383,5.4,0.13350813,89.875,7.5520835,0.36658335,8.633334,247.81992,1.867459,12.43,13.15,5.75,3.6,0.4,0.2,6.0,33.0,42.0,51.0,7.0,2.0,2.0,1.2
2021-02-10,12.0,19.098349,36.149998,76.11538,4.2479167,0.30100045,56.708332,8.639584,0.36770833,9.829166,237.49782,0.75180477,4.57,13.5,6.15,0.70000005,0.6,0.3,7.0,35.0,45.0,52.0,12.0,4.0,2.0,1.6
2021-02-11,15.0,10.446442,19.815,90.373024,8.587501,0.12430892,93.5,9.335417,0.34037498,11.016666,265.5964,1.7239676,10.51,14.1,8.25,1.2,0.6,0.3,17.0,34.0,60.0,26.0,13.0,6.0,2.0,3.5
2021-02-12,255.0,15.994702,29.699999,77.53219,6.6708336,0.3108709,59.791668,10.627084,0.339375,8.741668,280.82065,1.7765644,12.01,16.25,3.1,0.0,0.6,0.3,7.0,35.0,45.0,39.0,10.0,5.0,2.0,2.3
2021-02-13,159.0,6.220303,12.84,72.93182,3.658333,0.35808042,43.375,9.333333,0.31270835,8.308333,52.93819,1.9287896,13.83,14.95,2.15,0.0,0.7,0.4,7.0,35.0,46.0,44.0,12.0,6.0,3.0,2.1
2021-02-14,41.0,6.4622884,12.45,74.9177,3.7,0.34335873,51.625,8.845834,0.30395833,8.3875,80.114815,1.6949179,12.28,14.55,4.2,0.0,0.7,0.4,8.0,34.0,46.0,37.0,13.0,7.0,3.0,2.2
2021-02-15,143.0,7.8651614,14.535,81.236916,5.1604166,0.24695729,70.5,9.189584,0.28041667,7.904167,241.53479,1.9203906,13.87,15.05,2.55,0.0,0.6,0.3,5.0,33.0,41.0,46.0,14.0,7.0,3.0,2.5
2021-02-16,199.0,7.8733044,15.299999,80.030556,4.445833,0.26537794,83.416664,8.835417,0.26116666,9.408333,216.52893,1.8771536,13.2,15.95,4.45,0.0,1.0,0.4,14.0,43.0,65.0,32.0,21.0,12.0,3.0,3.4
2021-02-17,42.0,5.1577983,11.355,80.11671,5.9833336,0.28468564,82.958336,9.610416,0.24575,9.233335,225.95795,2.0534322,13.48,15.6,3.7,0.0,1.1,0.6,28.0,52.0,96.0,24.0,26.0,13.0,3.0,4.6
2021-02-18,395.0,8.479032,16.14,74.8078,4.3624997,0.35397574,54.416668,8.837501,0.22324999,9.558333,193.4716,2.3264956,15.08,16.95,4.75,0.0,1.0,0.5,44.0,51.0,118.0,20.0,78.0,23.0,3.0,5.7
2021-02-19,63.0,7.9428563,15.36,68.63673,3.6166668,0.44970152,38.833332,9.175,0.20491666,10.352082,180.63393,2.646993,14.7,18.15,5.45,0.0,0.9,0.5,26.0,49.0,89.0,22.0,82.0,21.0,3.0,4.2
2021-02-20,294.0,11.352234,21.419998,62.21194,2.8,0.5636986,69.833336,9.695833,0.180625,9.604165,159.69833,1.3806314,6.09,11.65,7.25,5.0,0.7,0.3,5.0,32.0,40.0,47.0,35.0,13.0,3.0,2.2
2021-02-21,238.0,13.1946535,25.335,75.256966,5.1604166,0.29878613,99.833336,9.6875,0.17104167,7.3604164,278.96857,1.3222207,6.84,10.95,5.25,1.9000002,0.5,0.3,2.0,18.0,21.0,58.0,53.0,17.0,2.0,0.9
2021-02-22,84.0,13.365451,24.614998,73.38232,2.5604167,0.28963426,75.375,8.233334,0.23616666,7.254166,91.41443,1.845371,13.04,14.15,1.85,0.0,0.6,0.3,6.0,36.0,46.0,48.0,7.0,2.0,3.0,1.6
2021-02-23,8.0,7.5311055,14.94,75.55496,2.8395834,0.3064329,16.375,8.185416,0.22458333,8.420835,112.39353,2.2641711,15.55,16.05,2.6,0.0,0.7,0.4,13.0,44.0,64.0,33.0,11.0,5.0,3.0,2.3
2021-02-24,41.0,10.18138,18.945,76.29778,4.3125,0.33030954,2.8333333,8.845834,0.20137501,8.902083,43.26014,1.7232153,11.25,14.0,4.65,0.0,0.6,0.3,15.0,43.0,67.0,34.0,30.0,12.0,3.0,2.6
2021-02-25,350.0,9.582286,17.91,77.457794,5.0916667,0.2955108,84.666664,9.691667,0.18270834,10.004166,34.422108,2.2258139,14.56,16.25,4.8,0.0,0.7,0.4,11.0,41.0,58.0,32.0,45.0,13.0,3.0,
2021-02-26,108.0,8.051653,15.75,73.01461,4.8958335,0.38869596,93.916664,10.714583,0.16916667,10.866668,38.183617,2.6317663,16.59,18.4,4.85,0.0,0.8,0.4,13.0,45.0,65.0,33.0,45.0,13.0,3.0,
2021-02-27,368.0,8.649382,17.22,64.60648,3.7333333,0.5624835,52.083332,11.264584,0.15145834,8.920835,108.83985,2.3482354,13.31,14.75,2.55,0.1,0.7,0.4,10.0,40.0,56.0,44.0,27.0,11.0,3.0,6.7
2021-02-28,356.0,11.638272,22.47,67.603226,2.7916667,0.42166236,29.541666,10.083333,0.142125,8.043751,63.041267,1.1395026,6.92,11.05,4.7,3.8999999,0.5,0.3,3.0,18.0,23.0,60.0,29.0,11.0,3.0,3.0
2021-03-01,46.0,9.167586,19.995,79.93104,4.8020835,0.22540407,77.25,9.183333,0.14145833,9.558333,87.928246,1.620601,10.05,14.35,5.15,0.1,0.6,0.4,14.0,47.0,68.0,35.0,34.0,13.0,3.0,3.8
2021-03-02,34.0,6.128408,12.66,76.91267,5.4479165,0.3146815,65.208336,10.510417,0.137375,10.335417,62.354095,2.2046342,15.17,15.9,4.95,0.0,0.5,0.3,9.0,40.0,53.0,46.0,42.0,12.0,3.0,2.6
2021-03-03,80.0,5.08201,10.919999,76.04227,5.883333,0.35447097,39.5,11.724999,0.124583334,9.5625,79.49502,2.0123513,13.56,15.4,4.55,0.0,0.7,0.4,20.0,49.0,79.0,30.0,82.0,21.0,3.0,3.8
2021-03-04,148.0,5.6063423,12.315,79.61619,5.7958336,0.30071476,35.833332,11.204166,0.11833333,10.116668,70.0168,1.8967617,11.82,14.95,6.4,0.5,0.7,0.4,24.0,54.0,91.0,14.0,78.0,24.0,3.0,4.0
2021-03-05,119.0,6.85496,14.04,71.71835,4.8958335,0.3897181,82.5,11.4375,0.1105,10.854167,71.368744,2.1995852,12.84,15.35,6.85,0.0,0.7,0.3,10.0,40.0,55.0,35.0,59.0,21.0,3.0,2.9
2021-03-06,141.0,7.8485565,16.125,64.36637,3.91875,0.51274914,63.375,12.297916,0.097833335,9.775001,102.07765,1.9322311,12.63,13.35,6.45,0.3,0.6,0.3,4.0,25.0,31.0,51.0,38.0,15.0,3.0,1.9
2021-03-07,51.0,6.157123,13.32,75.03228,5.085417,0.33247688,74.75,11.933333,0.09183333,7.7083335,42.064228,1.7191743,12.48,11.7,4.8,4.5,0.5,0.3,3.0,22.0,28.0,53.0,22.0,10.0,3.0,1.2
2021-03-08,41.0,8.66653,18.24,82.69337,4.766667,0.1962416,51.958332,10.322917,0.14137499,8.227082,27.404812,2.45428,14.81,12.85,3.6,0.1,0.7,0.4,18.0,45.0,74.0,22.0,20.0,9.0,3.0,2.2
2021-03-09,68.0,11.2697935,22.5,59.32665,0.35000002,0.47422424,46.083332,10.58125,0.124749996,7.3354163,314.01233,2.8280356,18.94,15.55,-0.05,0.0,0.6,0.3,8.0,32.0,44.0,39.0,14.0,7.0,3.0,2.0
2021-03-10,27.0,6.950621,14.91,61.83374,-0.15833333,0.49174,28.291666,10.072917,0.10845833,11.0895815,243.8165,3.0183449,18.38,18.45,4.75,0.0,0.8,0.4,18.0,48.0,75.0,32.0,18.0,10.0,3.0,2.6
2021-03-11,62.0,11.731114,22.08,70.92453,5.7020836,0.46321452,67.125,12.410417,0.088250004,10.525001,285.52414,2.5612814,15.22,14.75,6.65,0.0,0.7,0.4,21.0,41.0,74.0,23.0,19.0,9.0,3.0,3.1
2021-03-12,39.0,11.636319,22.529999,63.521423,2.5249999,0.5167628,31.416666,12.299999,0.07366667,8.679167,300.49973,3.3346908,19.61,15.85,0.8,0.0,0.6,0.4,12.0,35.0,54.0,26.0,13.0,6.0,3.0,2.3
2021-03-13,8.0,8.804193,18.210001,52.63979,-1.4895834,0.6341658,13.125,11.349999,0.059833333,9.389584,20.185877,3.0063078,17.3,15.8,2.95,0.0,0.7,0.3,8.0,39.0,52.0,33.0,14.0,6.0,3.0,2.2
2021-03-14,25.0,8.628114,18.045,59.295574,1.24375,0.5569651,15.916667,12.1125,0.04895833,10.166667,36.712147,3.5413103,19.83,18.25,2.7,0.0,0.6,0.3,4.0,27.0,33.0,,11.0,5.0,3.0,1.5
2021-03-15,20.0,11.665661,23.654999,55.24126,0.64166665,0.68594915,0.29166666,12.952084,0.0485,11.772916,48.839474,4.3348584,19.83,19.05,5.7,0.0,0.5,0.3,6.0,33.0,42.0,,12.0,5.0,3.0,2.0
2021-03-16,95.0,19.537806,35.475,47.898407,0.34375,0.8045712,2.125,14.070834,0.033458333,12.177085,46.59901,4.5769324,20.18,19.55,7.1,0.0,0.4,0.3,6.0,28.0,37.0,60.0,13.0,4.0,3.0,2.6
2021-03-17,49.0,20.858686,38.219997,45.980038,-0.08541665,0.85898083,2.25,14.337501,0.027041666,8.925001,34.19984,3.5469766,14.88,12.25,4.6,0.0,0.4,0.3,6.0,26.0,35.0,57.0,9.0,2.0,3.0,2.3
2021-03-18,27.0,19.933754,36.734997,42.044647,-4.085417,0.68210346,30.0,11.618751,0.022249999,7.254167,3.3932016,2.1737483,9.03,11.95,4.05,0.6,0.5,0.3,6.0,30.0,39.0,61.0,10.0,4.0,3.0,2.1
2021-03-19,38.0,14.307198,28.14,56.85147,-0.92083335,0.4569684,73.458336,9.712501,0.026458332,6.4791665,33.69009,3.8114717,21.37,11.85,2.0,0.0,0.5,0.3,4.0,22.0,28.0,61.0,7.0,3.0,3.0,1.2
2021-03-20,9.0,20.706003,38.085,39.902958,-7.2374997,0.6259141,7.875,9.854167,0.034041665,8.214583,24.697079,3.9349203,20.33,15.95,2.5,0.0,0.4,0.3,3.0,21.0,26.0,72.0,5.0,2.0,3.0,1.1
2021-03-21,8.0,14.782158,28.919998,44.022156,-3.8,0.6935895,20.125,11.516666,0.03358333,9.125,36.4573,3.451555,20.34,17.25,1.3,0.0,0.4,0.3,3.0,22.0,27.0,65.0,9.0,4.0,4.0,0.9
2021-03-22,17.0,7.9589696,17.339998,49.002476,-2.5,0.7325464,23.166666,12.379167,0.030833334,10.954166,29.568207,3.6876826,21.74,19.0,2.25,0.0,0.7,0.4,19.0,47.0,76.0,39.0,20.0,8.0,4.0,5.2
2021-03-23,18.0,5.8684077,14.294999,43.850662,-2.5333333,0.8961451,38.333332,14.59375,0.032083333,12.443751,276.91113,4.1813045,21.79,20.7,3.65,0.0,0.8,0.4,18.0,58.0,87.0,38.0,19.0,7.0,4.0,4.8
2021-03-24,13.0,7.8631516,17.31,40.63949,-1.5895834,1.0091106,5.5833335,15.987499,0.026500002,13.068751,258.18243,4.192963,21.84,21.1,4.5,0.0,0.8,0.4,10.0,50.0,65.0,52.0,24.0,8.0,4.0,4.4
2021-03-25,7.0,7.890245,17.115,47.29155,0.53749996,0.95785123,48.541668,16.7625,0.023,13.689582,244.05421,4.210233,20.05,19.25,7.45,0.0,0.8,0.4,20.0,59.0,90.0,41.0,28.0,11.0,4.0,4.3
2021-03-26,14.0,13.170714,25.275,47.597565,1.8708334,0.9039907,86.833336,16.28125,0.027041666,13.081249,47.765823,3.844304,19.88,19.7,6.45,0.0,0.7,0.3,11.0,43.0,60.0,47.0,38.0,10.0,4.0,2.9
2021-03-27,6.0,11.358211,23.339998,50.99222,2.2854166,0.8470316,43.458332,16.314583,0.035749998,14.1125,91.4372,4.3075886,21.74,22.35,6.3,0.0,0.5,0.3,4.0,25.0,31.0,60.0,27.0,11.0,4.0,1.8
2021-03-28,13.0,10.46728,21.12,53.24583,2.8020833,0.95273536,18.166666,17.0625,0.047791664,14.906249,115.20544,4.723898,18.71,22.7,6.8,0.0,0.5,0.3,3.0,20.0,24.0,71.0,26.0,10.0,3.0,1.2
2021-03-29,28.0,13.435224,26.085,41.296394,0.83750004,1.1308739,58.5,17.341667,0.042291667,15.987502,106.36116,5.0739746,20.99,23.35,8.65,0.0,0.5,0.3,6.0,33.0,43.0,70.0,26.0,7.0,4.0,1.9
2021-03-30,11.0,13.226173,25.275,38.576206,0.83750004,1.2586652,33.375,18.416666,0.032,16.006248,92.86237,5.4514318,22.89,24.65,7.05,0.0,0.5,0.3,6.0,36.0,45.0,65.0,29.0,8.0,4.0,1.9
2021-03-31,12.0,12.228555,23.775,32.77885,-1.5458332,1.3857774,22.791666,18.958334,0.034583334,16.447916,32.699493,5.171078,20.69,23.9,10.15,0.0,0.5,0.3,8.0,37.0,48.0,65.0,28.0,8.0,4.0,2.4
2021-04-01,16.0,12.5575905,25.695,36.439766,0.76875,1.2894197,53.083332,20.2125,0.0315,13.395832,229.62747,2.1338923,12.13,16.05,10.6,3.8999996,0.4,0.3,3.0,23.0,27.0,74.0,30.0,8.0,3.0,1.4
2021-04-02,3.0,7.9245524,17.744999,80.631096,9.683333,0.30924737,73.5,15.79375,0.131,13.010418,22.794407,3.1324732,19.0,19.45,7.65,0.8000001,0.3,0.2,4.0,20.0,26.0,51.0,16.0,11.0,3.0,1.0
2021-04-03,5.0,7.461554,16.74,75.65945,8.272917,0.44884944,49.916668,15.1875,0.2165,12.633332,44.19317,4.208313,23.79,19.55,6.0,0.0,0.4,0.3,6.0,31.0,39.0,42.0,19.0,10.0,3.0,1.6
2021-04-04,22.0,9.567718,20.115,52.4183,2.7875001,0.752084,0.25,14.516666,0.18966667,13.029166,7.3915668,4.162068,23.87,21.0,5.15,0.0,0.4,0.3,4.0,26.0,33.0,70.0,19.0,10.0,3.0,1.7
2021-04-05,4.0,6.5431294,15.315,55.842182,3.7354167,0.780593,0.083333336,15.254167,0.14675,14.177085,340.03558,4.6669254,24.43,22.9,4.95,0.0,0.6,0.3,7.0,36.0,47.0,64.0,18.0,8.0,3.0,2.0
2021-04-06,5.0,8.436034,17.46,45.67595,1.2520833,1.0569756,2.875,16.1875,0.10558333,12.533333,59.145863,4.454183,23.69,19.95,4.6,0.0,,0.4,21.0,52.0,84.0,52.0,16.0,8.0,4.0,3.8
2021-04-07,6.0,12.036611,25.499998,43.702953,-0.8333333,0.928212,78.875,16.204166,0.070875,12.160416,86.84519,2.2052345,12.07,17.3,7.65,0.1,0.5,0.3,6.0,29.0,38.0,67.0,14.0,4.0,3.0,2.3
2021-04-08,4.0,6.7630877,15.509999,66.40049,5.9562497,0.5280256,89.083336,15.522916,0.055000003,11.008332,88.982185,1.4954922,8.88,14.05,8.7,7.0999994,0.5,0.3,6.0,28.0,37.0,56.0,17.0,6.0,3.0,1.6
2021-04-09,0.0,7.266338,15.0599985,76.708206,6.7479167,0.31209788,94.75,13.214583,0.120625,11.952084,118.92632,2.816751,17.97,17.55,8.05,4.9,0.4,0.3,7.0,34.0,44.0,47.0,17.0,8.0,3.0,1.6
2021-04-10,0.0,8.144211,21.255,79.47303,8.433333,0.32543752,76.166664,14.866666,0.162875,12.075001,279.89993,2.5400112,15.03,15.8,9.55,19.100002,0.3,0.2,4.0,20.0,27.0,55.0,21.0,10.0,3.0,1.4
2021-04-11,3.0,11.162239,24.06,76.0265,7.5625,0.35618392,65.083336,14.0625,0.28683332,9.995833,51.05769,3.9050586,25.43,16.2,4.05,0.0,0.3,0.2,3.0,18.0,23.0,49.0,10.0,6.0,3.0,1.0
2021-04-12,1.0,10.077025,20.82,54.820087,0.8791666,0.63342685,45.0,13.04375,0.255,10.279166,29.779041,1.7602848,7.79,13.95,6.15,1.4000001,0.5,0.3,5.0,31.0,39.0,63.0,9.0,4.0,3.0,1.5
2021-04-13,1.0,9.734969,18.179998,65.49716,3.9854167,0.4336702,90.041664,11.575,0.214625,13.054168,53.078835,3.3203328,20.2,19.6,7.55,4.2999997,0.6,0.3,12.0,46.0,64.0,43.0,15.0,7.0,4.0,3.3
2021-04-14,3.0,8.400596,17.88,75.59139,8.84375,0.41552737,88.75,14.625,0.22579168,12.954166,95.71051,2.1752665,12.49,16.95,9.8,0.5,0.4,0.3,8.0,29.0,42.0,53.0,19.0,9.0,4.0,2.1
2021-04-15,2.0,6.8302817,15.18,71.29933,7.3541665,0.45949402,91.291664,14.7375,0.18841666,11.525001,26.38135,3.7328084,20.33,17.25,8.65,0.5,0.4,0.3,6.0,27.0,36.0,59.0,17.0,9.0,3.0,1.3
2021-04-16,14.0,10.538693,21.824999,54.993256,1.35,0.6533732,48.916668,14.195834,0.16870834,9.164584,28.242466,4.570866,25.97,17.25,2.5,0.0,0.5,0.3,6.0,30.0,39.0,66.0,15.0,,4.0,1.4
2021-04-17,3.0,12.326476,25.229998,43.79292,-2.8604167,0.7253776,6.4583335,12.829166,0.13316667,10.558333,45.1512,4.3631864,26.25,18.0,2.85,0.0,0.4,0.3,3.0,22.0,26.0,83.0,13.0,7.0,3.0,1.0
2021-04-18,1.0,7.1903224,17.64,49.97185,0.072916664,0.7415602,35.416668,14.345833,0.098125,13.131248,274.0115,3.9398835,19.98,20.85,5.45,0.2,0.5,0.3,2.0,18.0,22.0,83.0,12.0,7.0,3.0,0.9
2021-04-19,2.0,8.829591,19.26,54.603664,3.2354167,0.808083,80.208336,15.962501,0.06854167,13.370833,271.11893,3.040204,17.56,18.45,8.8,2.6999998,0.7,0.4,10.0,46.0,61.0,50.0,16.0,8.0,3.0,2.3
2021-04-20,4.0,5.5299315,16.155,67.30808,6.929167,0.56274736,63.75,16.652082,0.062208336,12.302082,290.26578,2.6204185,14.29,17.6,8.4,1.7000002,0.4,0.3,13.0,38.0,58.0,45.0,20.0,10.0,3.0,3.0
2021-04-21,3.0,8.417195,19.109999,73.6336,7.2374997,0.4253898,87.958336,15.979167,0.062291667,12.264584,159.66934,2.0642903,12.51,16.35,9.8,19.400002,0.3,0.3,7.0,30.0,41.0,59.0,14.0,6.0,3.0,1.7
2021-04-22,1.0,5.8656387,14.954999,81.37553,8.962501,0.29688165,73.791664,15.099999,0.18316667,13.174999,122.09624,2.6145535,13.49,17.15,8.75,0.2,0.3,0.3,8.0,34.0,46.0,49.0,,9.0,3.0,1.7
2021-04-23,4.0,11.394486,22.589998,70.55544,7.5812497,0.5015972,82.25,14.754167,0.13845833,13.087501,102.28148,3.290144,19.23,18.35,8.55,5.7000003,0.3,0.3,5.0,29.0,38.0,63.0,10.0,5.0,3.0,1.5
2021-04-24,1.0,12.138458,23.909998,71.509575,7.633333,0.48033717,81.458336,15.289584,0.133375,12.287501,52.804905,2.1003437,13.12,15.0,9.8,7.0,0.3,0.2,3.0,22.0,27.0,73.0,13.0,8.0,3.0,1.1
2021-04-25,0.0,7.759707,18.089998,80.90104,8.991667,0.28803816,92.958336,14.289584,0.20487499,13.639584,268.59595,3.542146,22.2,18.7,9.2,4.7,0.3,0.3,3.0,27.0,32.0,55.0,10.0,7.0,3.0,1.0
2021-04-26,0.0,6.042959,15.404999,79.76194,9.78125,0.37898517,73.625,16.020834,0.22916667,13.593751,217.15837,2.6614456,16.44,18.5,8.8,8.6,0.4,0.3,14.0,36.0,57.0,40.0,21.0,14.0,3.0,2.0
2021-04-27,3.0,6.645754,15.195,82.72459,10.520833,0.30721453,84.25,15.6875,0.26299998,13.439584,227.75131,2.758668,17.23,18.3,9.85,8.7,0.5,0.3,20.0,39.0,70.0,38.0,,,3.0,2.8
2021-04-28,1.0,10.159317,22.185,80.7409,9.935416,0.32712168,69.875,15.652083,0.22925,12.683334,230.9336,2.9202893,18.51,15.65,10.5,1.1,0.4,0.3,14.0,34.0,56.0,40.0,,,3.0,2.1
2021-04-29,4.0,15.216388,28.74,74.0908,7.777084,0.39330944,65.583336,14.629167,0.23270833,11.160416,228.44746,3.1381679,18.48,16.3,6.7,0.70000005,0.4,0.3,9.0,28.0,41.0,59.0,14.0,8.0,3.0,1.4
2021-04-30,1.0,8.116591,17.324999,66.97843,4.56875,0.4982529,63.583332,13.479167,0.229375,11.335416,309.55957,3.5106466,21.84,15.75,6.35,0.6,0.4,0.3,10.0,33.0,48.0,57.0,15.0,7.0,3.0,1.7
2021-05-01,1.0,6.963478,16.875,66.02061,4.7479167,0.5185307,51.916668,14.016666,0.198,12.014584,45.743965,3.807483,21.76,16.75,7.5,0.6,0.4,0.3,4.0,24.0,29.0,63.0,11.0,7.0,3.0,1.2
2021-05-02,1.0,10.160816,21.614998,58.83678,3.6604166,0.63377595,72.166664,14.71875,0.169375,12.066666,41.875347,2.7523375,15.39,17.0,8.2,2.3,0.3,0.2,2.0,18.0,21.0,80.0,8.0,5.0,3.0,0.8
2021-05-03,3.0,10.47775,21.315,73.33822,7.304167,0.40977857,65.5,14.591667,0.16745834,14.041667,2.2906725,4.474607,26.44,21.3,6.75,0.0,0.3,0.2,2.0,18.0,21.0,74.0,15.0,8.0,3.0,0.9
2021-05-04,1.0,4.7674317,12.614999,65.185196,6.508333,0.72180486,14.25,17.237501,0.13791667,16.437498,286.32462,5.3047066,28.02,23.9,9.05,0.0,0.4,0.3,7.0,32.0,43.0,64.0,16.0,9.0,4.0,1.8
2021-05-05,14.0,7.0934033,16.065,49.141987,4.6916666,1.1281638,10.875,18.979166,0.095916666,17.891666,269.37314,5.959898,28.02,25.8,9.15,0.0,0.5,0.3,9.0,43.0,56.0,60.0,,,4.0,2.6
2021-05-06,13.0,10.943195,22.32,47.551548,5.3333335,1.2947876,21.958334,21.004168,0.061875,19.972918,256.89722,6.1611943,27.56,27.4,11.65,0.0,0.6,0.3,11.0,42.0,59.0,48.0,20.0,9.0,4.0,3.3
2021-05-07,6.0,8.676793,19.8,43.503292,5.9541664,1.5265869,2.7916667,24.102083,0.0405,21.302084,198.14093,6.777363,26.54,29.2,12.9,0.0,0.6,0.3,10.0,33.0,48.0,46.0,20.0,9.0,4.0,3.7
2021-05-08,0.0,12.112141,24.164999,35.142986,3.54375,1.8799142,68.25,24.660416,0.034416664,16.547915,209.71547,4.063889,15.11,20.65,11.05,7.1,0.5,0.3,3.0,28.0,32.0,55.0,22.0,10.0,4.0,3.2
2021-05-09,0.0,19.02876,43.155,56.009506,6.1416664,0.8612766,72.041664,19.643751,0.069625,11.566666,236.20692,3.7359254,21.73,17.2,7.55,0.70000005,0.3,0.2,2.0,19.0,22.0,59.0,21.0,11.0,4.0,1.1
2021-05-10,0.0,16.812132,32.43,65.369774,4.2479167,0.5418309,44.583332,15.952084,0.083666675,11.481251,255.15125,4.4322042,25.1,17.15,5.95,0.0,0.4,0.3,3.0,26.0,31.0,51.0,8.0,4.0,4.0,1.5
2021-05-11,0.0,16.300432,31.275,53.590656,1.3249999,0.72575164,25.083334,15.789584,0.07225,13.995833,242.82306,4.528392,20.8,20.05,10.15,0.2,0.4,0.3,2.0,28.0,32.0,59.0,7.0,3.0,4.0,1.4
2021-05-12,1.0,19.81226,37.38,55.113728,4.6979165,0.78322035,65.125,17.002083,0.057625,14.375,260.97717,4.4208517,21.07,20.25,8.85,0.0,0.4,0.3,2.0,29.0,32.0,56.0,10.0,4.0,4.0,1.4
2021-05-13,2.0,16.664114,31.739998,57.07944,5.6062503,0.76228184,52.083332,17.783333,0.046416666,16.745832,277.27026,5.6724954,27.13,23.9,11.25,0.0,0.4,0.3,3.0,30.0,36.0,49.0,14.0,7.0,4.0,1.4
2021-05-14,1.0,13.109178,27.015,46.398224,4.1666665,1.1703107,30.083334,21.1625,0.041708335,19.102081,244.92105,6.0714517,26.38,26.75,11.05,0.0,0.4,0.3,2.0,28.0,31.0,59.0,13.0,6.0,4.0,1.8
2021-05-15,17.0,14.3442955,28.32,52.87109,8.6125,1.2238792,77.208336,23.179167,0.0335,19.964582,252.90147,5.5177917,24.28,25.7,13.05,0.4,0.3,0.2,2.0,21.0,25.0,39.0,,,4.0,1.6
2021-05-16,11.0,14.9166565,28.89,57.819656,10.675,1.1213287,46.375,23.872917,0.035291668,19.602083,296.36417,6.01959,28.66,26.45,13.0,0.0,0.3,0.2,3.0,15.0,20.0,22.0,,,4.0,1.2
2021-05-17,2.0,7.543283,19.035,38.47347,3.2437499,1.5774517,56.833332,25.802084,0.0335,20.447916,284.25177,6.4617305,27.16,28.45,11.55,0.0,0.3,0.2,2.0,24.0,27.0,61.0,12.0,4.0,4.0,1.4
2021-05-18,2.0,11.359099,23.385,37.53677,4.6375003,1.6740898,48.666668,25.710417,0.031916667,19.204166,19.613,6.6008835,28.87,25.4,12.3,0.0,0.4,0.3,7.0,32.0,42.0,43.0,16.0,6.0,4.0,3.1
2021-05-19,6.0,13.994718,28.5,38.6095,3.4624999,1.4868612,48.333332,25.231249,0.027,20.218748,34.175293,6.4803114,28.92,28.3,11.15,0.0,0.3,0.2,2.0,24.0,27.0,64.0,10.0,4.0,4.0,1.5
2021-05-20,17.0,8.437147,19.859999,36.445965,4.3645835,1.7259177,52.5,26.53125,0.031000001,22.65417,249.60216,7.0695705,27.45,29.3,14.15,0.0,0.4,0.3,2.0,30.0,33.0,62.0,,,4.0,1.7
2021-05-21,15.0,12.402209,25.485,35.70889,5.108333,1.9347187,79.416664,27.1,0.033000004,18.112503,311.04617,5.5959296,22.05,22.5,14.2,0.0,0.5,0.3,6.0,42.0,51.0,38.0,,,4.0,4.0
2021-05-22,9.0,12.234199,25.365,34.471348,1.1041666,1.372499,97.5,24.0875,0.032125,15.166667,44.72483,4.1952043,17.81,19.55,12.2,1.6,0.3,0.2,2.0,21.0,23.0,69.0,9.0,3.0,4.0,1.1
2021-05-23,8.0,12.296052,25.964998,51.68919,4.6604166,0.8519125,75.208336,20.699999,0.039541665,16.116667,273.27042,4.5115876,20.63,21.5,9.15,0.0,0.2,0.2,1.0,13.0,15.0,62.0,9.0,5.0,4.0,0.7
2021-05-24,1.0,11.044738,22.589998,47.822124,4.8708334,1.0696498,46.291668,20.164583,0.042833332,18.627085,30.508724,6.1236415,29.43,26.1,10.15,0.0,0.3,0.2,3.0,25.0,29.0,51.0,10.0,4.0,4.0,1.7
2021-05-25,0.0,11.705589,24.615,42.716778,4.7833333,1.4111753,6.125,23.816666,0.040875,19.73958,92.6785,5.216346,24.49,26.4,13.45,0.0,0.3,0.2,2.0,26.0,29.0,67.0,15.0,5.0,4.0,2.1
2021-05-26,11.0,8.800134,20.655,52.85742,8.635417,1.2436554,46.041668,25.483332,0.036708333,21.550001,63.904617,5.230884,22.97,27.9,13.7,0.0,0.3,0.2,2.0,26.0,29.0,64.0,21.0,9.0,4.0,1.7
2021-05-27,3.0,8.751884,19.605,46.50247,8.474999,1.6198689,79.625,26.408333,0.032208335,20.716665,114.95147,4.4579196,20.36,25.7,15.85,6.2,0.4,0.2,2.0,30.0,33.0,57.0,21.0,9.0,4.0,2.4
2021-05-28,1.0,5.6088653,15.389999,59.690685,11.672916,1.0862081,78.333336,24.516668,0.08070833,22.747917,35.610928,6.010843,27.9,30.0,14.3,0.0,0.4,0.2,2.0,26.0,29.0,59.0,18.0,10.0,4.0,2.2
2021-05-29,4.0,7.333651,17.505,49.619705,10.102083,1.6871713,22.041666,27.679167,0.04920833,24.160418,13.763969,6.5014505,24.57,31.45,16.65,0.0,0.3,0.2,1.0,23.0,25.0,64.0,15.0,8.0,4.0,1.6
2021-05-30,2.0,12.806193,25.83,44.383472,9.654166,1.9291468,59.708332,28.770834,0.038666666,24.631248,211.73892,6.6440783,24.42,31.9,17.95,0.0,0.3,0.2,1.0,18.0,20.0,71.0,18.0,10.0,4.0,1.3
2021-05-31,3.0,12.413602,26.595,45.048687,10.497916,1.9230475,66.375,29.31875,0.034791667,19.858334,265.36456,4.814211,22.71,23.75,15.8,5.0,0.3,,4.0,23.0,29.0,59.0,23.0,12.0,4.0,1.4
2021-06-01,0.0,11.650893,27.404999,64.09501,11.766666,0.86392754,37.333332,23.725,0.080125,19.483334,213.16095,5.653082,27.48,27.25,12.1,0.0,0.3,,7.0,27.0,39.0,52.0,24.0,14.0,4.0,1.4
2021-06-02,0.0,8.290375,18.765,54.703823,8.877084,1.2591963,39.916668,23.941666,0.066583335,22.222916,155.6506,5.8674903,25.31,28.5,15.1,0.3,0.3,,8.0,32.0,45.0,65.0,21.0,9.0,4.0,1.9
2021-06-03,0.0,9.817422,22.229998,48.940083,9.587501,1.5525233,33.625,26.202082,0.047208335,22.18125,306.46136,6.496203,29.47,28.15,15.25,0.0,0.3,0.2,5.0,30.0,37.0,72.0,22.0,9.0,4.0,1.5
2021-06-04,0.0,11.115947,24.284998,46.455322,7.929167,1.6462485,16.541666,27.94375,0.037875,18.704166,57.46491,3.302541,13.66,21.15,15.35,1.7000002,0.3,0.3,10.0,37.0,53.0,58.0,17.0,7.0,4.0,2.2
2021-06-05,5.0,10.872842,24.315,68.7743,12.677083,0.6831698,87.291664,23.61875,0.044875,20.510416,222.87888,5.488973,26.62,28.85,13.1,0.0,0.2,0.2,3.0,21.0,26.0,50.0,20.0,13.0,4.0,1.3
2021-06-06,6.0,6.303328,15.134999,60.16878,10.641666,1.2747298,35.708332,24.324999,0.08429167,23.6875,342.74893,7.046144,29.4,31.6,15.1,0.0,0.3,0.3,4.0,27.0,33.0,55.0,17.0,13.0,4.0,1.6
2021-06-07,7.0,9.945039,21.615,38.457935,6.5750003,2.1224833,7.8333335,27.739584,0.051375,25.6625,326.6376,7.7043467,29.37,33.8,16.85,0.0,0.3,0.3,7.0,33.0,44.0,60.0,16.0,10.0,5.0,1.7
2021-06-08,,11.4306135,24.63,30.716425,4.7229166,2.6325173,10.0,30.035416,0.037458334,26.883331,281.81494,8.246134,29.71,34.6,17.45,0.0,0.4,0.3,8.0,43.0,56.0,61.0,20.0,9.0,5.0,2.4
2021-06-09,14.0,11.703469,24.765,25.284086,2.4541667,2.9473307,10.666667,31.18125,0.0335,26.8375,354.18997,8.186209,29.58,34.35,18.15,0.0,0.4,0.3,7.0,45.0,56.0,68.0,17.0,,5.0,2.8
2021-06-10,8.0,11.677147,25.589998,34.1673,7.433333,2.649713,16.583334,32.125,0.033000004,25.152079,48.83808,6.691558,24.54,33.5,18.85,0.5,0.3,0.3,5.0,34.0,41.0,77.0,,11.0,5.0,2.3
2021-06-11,6.0,13.316364,27.72,43.0896,10.295834,1.9603677,53.708332,30.497917,0.036875,24.44375,83.06169,7.5740767,28.18,31.7,16.85,0.0,0.3,0.2,5.0,29.0,36.0,72.0,25.0,11.0,5.0,2.0
2021-06-12,4.0,15.187449,29.714998,43.3683,9.514584,2.0253468,33.833332,29.55625,0.039625,25.633333,106.02399,7.3603187,26.85,32.85,18.6,0.1,0.1,0.2,3.0,16.0,20.0,82.0,16.0,7.0,5.0,0.9
2021-06-13,5.0,11.183091,24.224998,35.78133,8.412499,2.2945168,28.0,30.24375,0.040583335,25.914587,50.47047,6.5709,26.48,32.0,18.65,0.0,0.2,0.2,2.0,17.0,20.0,86.0,15.0,8.0,5.0,0.7
2021-06-14,3.0,7.882086,19.769999,39.32719,10.0625,2.1761196,26.458334,31.260416,0.037833333,26.5875,76.93066,7.2459826,23.59,33.2,19.75,0.1,0.3,0.2,4.0,31.0,38.0,83.0,22.0,9.0,5.0,1.8
2021-06-15,6.0,14.065944,29.49,36.231617,8.756249,2.4294548,52.833332,30.831251,0.037875,25.358335,151.54982,6.5743113,24.06,31.95,20.5,0.4,0.2,0.2,5.0,27.0,34.0,70.0,29.0,9.0,5.0,1.4
2021-06-16,8.0,10.339832,25.08,42.089653,10.664583,2.018964,59.916668,30.808334,0.040374998,18.922916,217.18478,3.7290921,19.43,23.8,15.75,3.9,0.2,0.2,5.0,26.0,35.0,69.0,29.0,12.0,5.0,
2021-06-17,1.0,10.954703,23.97,70.01651,12.622917,0.67593104,81.5,22.125,0.13004167,18.858332,182.33252,4.0723085,19.98,24.6,13.85,1.8000001,0.3,0.2,8.0,36.0,49.0,46.0,19.0,13.0,5.0,2.0
2021-06-18,0.0,9.813382,24.99,72.87008,13.210416,0.6792937,73.916664,21.883333,0.15916666,18.614584,223.3334,4.8231645,24.41,24.15,13.55,0.1,0.2,0.2,7.0,26.0,37.0,50.0,17.0,9.0,4.0,1.5
2021-06-19,0.0,8.823319,18.48,60.373615,9.864583,0.96145767,60.791668,21.535416,0.16475,16.712502,232.0793,3.2888083,14.04,19.85,14.55,0.70000005,0.2,0.2,4.0,20.0,25.0,66.0,6.0,3.0,4.0,1.0
2021-06-20,1.0,18.17385,34.094997,68.62884,10.712501,0.61146814,75.166664,19.533333,0.123124994,16.758333,236.79497,4.4712243,21.46,21.55,11.45,0.5,0.1,0.2,4.0,15.0,21.0,58.0,9.0,4.0,4.0,0.7
2021-06-21,0.0,17.189613,32.625,60.84662,8.6375,0.81147605,38.833332,19.902082,0.09758333,17.033333,336.32947,3.6058192,18.85,21.45,12.95,2.3,0.2,0.2,9.0,23.0,36.0,50.0,11.0,4.0,4.0,1.2
2021-06-22,1.0,6.0867486,15.6449995,62.974567,9.558333,0.7599345,52.708332,21.047916,0.079,18.40833,38.179955,4.9484615,22.96,23.9,13.45,0.1,0.3,0.2,8.0,34.0,47.0,40.0,12.0,5.0,5.0,3.0
2021-06-23,1.0,12.674083,25.964998,50.619156,7.039583,1.164894,44.0,22.6875,0.063208334,20.491667,35.027985,6.5535684,29.53,28.4,12.45,0.0,0.2,0.2,4.0,21.0,27.0,61.0,9.0,4.0,4.0,
2021-06-24,0.0,11.059119,23.865,44.350704,6.785417,1.5985521,5.7083335,26.227083,0.041375,23.94375,13.303382,7.1091704,28.69,31.75,15.6,0.0,0.2,0.2,5.0,30.0,38.0,75.0,12.0,6.0,5.0,2.1
2021-06-25,2.0,10.320684,22.800001,39.043858,8.308333,2.0847924,48.0,29.641668,0.030374998,26.116667,243.04973,7.636243,27.2,32.15,18.8,0.0,0.3,0.2,6.0,37.0,47.0,71.0,17.0,8.0,5.0,2.6
2021-06-26,0.0,13.166427,26.714998,33.853306,7.7645836,2.4348235,36.083332,30.439583,0.027500002,24.610415,237.03825,9.127083,29.73,30.05,18.25,0.0,0.3,0.2,4.0,36.0,43.0,71.0,22.0,11.0,5.0,2.6
2021-06-27,0.0,20.358791,38.325,29.430899,4.3458333,2.2662842,39.041668,28.81875,0.0295,21.939583,295.37772,7.1316304,30.72,28.1,14.85,0.0,0.2,0.2,3.0,18.0,23.0,75.0,14.0,6.0,5.0,1.1
2021-06-28,0.0,9.323046,21.659998,30.654444,2.8,1.9406104,4.125,29.0,0.031000001,22.785416,335.95578,6.9715695,30.35,30.05,14.45,0.0,0.3,0.2,4.0,21.0,27.0,67.0,9.0,4.0,5.0,1.2
2021-06-29,,8.178559,19.199999,32.995712,4.577083,2.0953286,0.125,29.362501,0.035666667,24.943748,274.74643,8.115818,30.3,32.8,16.25,0.0,0.3,0.2,4.0,28.0,35.0,76.0,12.0,5.0,5.0,1.7
2021-06-30,1.0,12.76146,25.964998,31.97391,5.141667,2.4339297,7.6666665,30.589584,0.035708334,26.404167,240.8695,8.329049,30.26,33.3,18.15,0.0,0.3,0.2,7.0,36.0,46.0,68.0,17.0,8.0,5.0,2.3
2021-07-01,0.0,11.294529,23.519999,22.668882,2.575,2.8609755,27.083334,30.831251,0.035666667,26.939583,247.06784,8.770808,30.4,34.05,18.55,0.0,0.4,0.3,7.0,43.0,54.0,62.0,21.0,10.0,6.0,2.8
2021-07-02,1.0,12.336925,24.99,20.18949,1.3854166,3.0419433,0.41666666,31.047918,0.034375,26.245834,248.55936,8.154798,27.91,32.6,18.1,0.0,0.4,0.3,7.0,42.0,53.0,57.0,20.0,9.0,6.0,2.8
2021-07-03,0.0,14.192599,28.56,32.413303,7.741667,2.4309447,45.833332,31.039583,0.035583332,25.960417,251.52782,8.215697,29.62,31.9,18.95,0.0,0.2,0.2,5.0,24.0,32.0,52.0,14.0,6.0,5.0,1.3
2021-07-04,1.0,14.445381,28.74,36.312393,8.5625,2.3200018,41.75,31.525002,0.035625,26.514587,244.03494,8.457006,29.83,33.7,18.75,0.0,0.2,0.2,4.0,18.0,24.0,65.0,13.0,7.0,5.0,1.3
2021-07-05,0.0,14.787006,29.505,37.198788,9.791667,2.3812513,7.5,31.512499,0.035375003,21.470833,243.04039,4.063808,10.48,25.5,19.05,0.5,0.2,0.2,7.0,27.0,37.0,53.0,12.0,5.0,5.0,1.8
2021-07-06,0.0,15.222057,30.0,53.34166,10.991666,1.1634126,79.791664,25.345833,0.039708335,20.268751,309.09384,6.507826,29.96,27.55,12.75,0.0,0.3,0.2,10.0,28.0,43.0,31.0,14.0,8.0,4.0,2.2
2021-07-07,1.0,8.334709,20.19,46.676495,6.2374997,1.5193429,4.7916665,26.972916,0.037625,22.268747,41.782074,7.1324277,30.22,29.45,14.5,0.0,0.3,0.2,7.0,27.0,37.0,54.0,12.0,7.0,5.0,2.9
2021-07-08,0.0,12.261632,25.125,36.647854,5.597917,1.9300151,3.8333333,28.314583,0.034625,25.389582,50.729553,6.9939165,29.29,33.35,16.45,0.0,,0.2,5.0,26.0,34.0,61.0,9.0,4.0,5.0,1.8
2021-07-09,1.0,9.016494,20.925,37.33046,8.99375,2.3348136,2.1666667,31.272917,0.033875,28.933336,207.4463,8.037597,29.72,37.2,20.05,0.0,0.3,0.2,9.0,35.0,48.0,66.0,20.0,9.0,5.0,1.8
2021-07-10,1.0,9.698522,21.555,33.369904,8.764584,3.068651,0.0,33.962498,0.034166668,30.61458,254.45544,9.520673,27.15,39.8,20.5,0.0,0.4,0.2,7.0,40.0,50.0,72.0,24.0,11.0,5.0,1.7
2021-07-11,0.0,16.26871,34.575,25.253397,7.191667,3.6827395,21.666666,34.302082,0.034,25.402084,287.13235,8.963594,29.36,30.8,20.85,0.0,0.3,0.2,3.0,28.0,32.0,83.0,59.0,17.0,6.0,1.6
2021-07-12,3.0,18.262957,35.399998,27.946058,3.9791667,2.2903178,9.833333,31.074999,0.034,20.94375,35.137447,6.874192,29.52,27.5,14.45,0.0,0.2,0.2,6.0,22.0,31.0,64.0,18.0,7.0,5.0,1.4
2021-07-13,1.0,10.023715,23.385,33.215572,3.2208335,1.8212281,33.791668,29.139585,0.034,22.452082,38.540207,7.0819616,29.11,29.0,15.1,0.0,0.4,0.2,4.0,17.0,23.0,65.0,12.0,5.0,5.0,1.5
2021-07-14,0.0,12.600812,25.65,35.712753,5.327083,1.9133663,33.875,29.052084,0.035541665,24.195833,43.512188,7.2402782,29.44,31.35,15.9,0.0,0.3,0.2,4.0,22.0,28.0,63.0,14.0,5.0,5.0,1.3
2021-07-15,0.0,11.36482,25.199999,34.095974,5.9375,2.2669008,8.625,30.947916,0.034,27.277086,26.796024,7.3283195,29.35,35.55,18.1,0.0,0.3,0.2,5.0,31.0,39.0,77.0,16.0,5.0,5.0,2.4
2021-07-16,2.0,9.365084,21.72,31.18847,7.241667,2.8535347,0.0,33.4875,0.034,29.70208,16.635216,8.599989,29.49,37.9,20.2,0.0,0.5,0.3,10.0,43.0,58.0,80.0,23.0,10.0,6.0,3.4
2021-07-17,3.0,11.725963,24.96,24.740541,5.85,3.504343,1.2083334,35.064583,0.03358333,29.893753,3.6404,9.06025,29.7,36.5,21.8,0.0,0.3,0.2,3.0,27.0,31.0,95.0,19.0,9.0,7.0,1.7
2021-07-18,1.0,12.755241,26.745,25.93073,5.785417,3.3666773,0.125,35.39375,0.033,28.80625,342.49545,7.998174,29.28,36.5,20.3,0.0,0.2,0.2,1.0,16.0,18.0,104.0,15.0,8.0,7.0,1.0
2021-07-19,0.0,9.340559,21.69,31.362047,8.03125,3.0628517,4.875,34.84375,0.033,29.295832,258.18582,7.7571607,28.28,35.35,21.45,0.0,0.3,0.2,3.0,30.0,35.0,91.0,16.0,7.0,6.0,1.5
2021-07-20,1.0,9.601065,20.865,26.244684,6.6875,3.1915472,6.375,34.414585,0.03266667,29.406248,141.42879,7.384189,29.04,36.55,20.5,0.0,0.4,0.3,6.0,46.0,55.0,78.0,27.0,11.0,6.0,2.7
2021-07-21,0.0,6.9917827,17.339998,23.12394,5.039583,3.4309216,0.0,34.764584,0.031458333,30.318748,214.33334,8.4757,29.31,37.85,22.0,0.0,0.4,0.3,5.0,37.0,44.0,87.0,32.0,15.0,6.0,2.7
2021-07-22,1.0,10.279023,21.93,23.801565,5.508333,3.551121,0.0,35.125,0.031583335,28.060417,237.71623,9.025044,28.92,33.05,21.4,0.0,0.5,0.3,6.0,46.0,55.0,81.0,33.0,14.0,,2.8
2021-07-23,2.0,15.868179,30.06,21.850004,3.2854166,3.0319586,30.333334,32.410416,0.032,25.089586,259.01337,7.542636,28.83,31.5,16.85,0.0,0.5,0.3,10.0,55.0,71.0,62.0,32.0,14.0,7.0,3.3
2021-07-24,1.0,9.721726,21.525,27.891901,3.875,2.4813871,27.625,31.168749,0.032,24.460417,296.85803,6.691593,25.1,30.4,16.8,0.0,0.2,0.2,3.0,19.0,23.0,82.0,14.0,7.0,6.0,1.0
2021-07-25,2.0,9.375329,21.164999,30.012762,5.170833,2.2686508,42.25,30.504166,0.032166667,24.166662,36.087006,5.8438,25.44,29.9,17.9,0.3,0.2,0.2,2.0,17.0,21.0,82.0,11.0,6.0,6.0,0.8
2021-07-26,0.0,7.951227,19.185,46.313435,10.670834,1.8199764,15.0,30.637499,0.035625,26.522917,214.71313,7.264593,27.91,33.1,18.95,0.0,0.2,0.2,3.0,24.0,29.0,72.0,15.0,10.0,5.0,1.1
2021-07-27,2.0,11.171512,23.474998,40.108974,10.41875,2.3419685,2.875,31.577082,0.038541667,27.85,288.13425,7.8298564,28.06,35.35,19.55,0.0,0.3,0.2,5.0,33.0,41.0,71.0,24.0,16.0,6.0,1.7
2021-07-28,0.0,11.66539,24.419998,35.630367,9.814584,2.7007732,0.0,32.654167,0.037375,28.668753,225.36182,7.7522955,27.98,35.1,21.35,0.0,0.3,0.3,5.0,37.0,45.0,70.0,16.0,7.0,7.0,1.8
2021-07-29,0.0,11.159778,23.699999,37.712296,11.372917,2.7051523,0.0,33.51875,0.037291665,28.356249,244.23941,9.067251,28.56,34.05,22.0,0.0,0.3,0.2,5.0,33.0,41.0,69.0,33.0,21.0,7.0,1.6
2021-07-30,0.0,16.100786,30.765,25.379496,5.7520833,2.999819,1.4166666,32.825,0.035749998,22.016665,297.58658,5.835083,21.91,26.9,17.7,3.5000002,0.3,0.2,6.0,35.0,43.0,81.0,15.0,6.0,6.0,1.6
2021-07-31,1.0,14.163899,29.13,47.016644,9.216666,1.3805646,37.25,27.4625,0.04966667,20.279167,4.594154,5.5548143,26.18,27.2,13.75,0.0,0.2,0.2,3.0,16.0,20.0,65.0,11.0,5.0,5.0,0.8
2021-08-01,0.0,7.6270204,18.15,44.204693,6.5416665,1.54179,39.041668,26.677084,0.044208333,22.956251,17.225822,6.1233077,26.52,29.2,15.65,0.0,0.2,0.2,2.0,11.0,14.0,66.0,9.0,5.0,6.0,0.5
2021-08-02,0.0,8.356163,19.574999,35.499268,6.0166664,1.9952917,9.375,28.597916,0.03995833,25.206247,221.15892,7.06551,25.98,32.2,17.25,0.0,0.2,0.2,3.0,21.0,26.0,78.0,13.0,5.0,6.0,0.9
2021-08-03,0.0,11.897877,24.765,39.608925,8.8125,2.2148108,62.583332,30.147917,0.034208335,26.266665,299.80823,7.03931,24.97,31.15,20.8,0.0,0.3,0.2,5.0,30.0,37.0,65.0,19.0,10.0,6.0,1.8
2021-08-04,1.0,10.509619,23.685,34.160564,8.333333,2.3368115,23.833334,31.800001,0.034250002,26.847916,260.82837,7.089382,27.27,34.55,17.6,0.0,0.3,0.2,3.0,20.0,26.0,70.0,14.0,9.0,6.0,1.2
2021-08-05,1.0,8.469449,19.17,29.974192,6.679167,2.764882,1.4166666,31.839584,0.035666667,26.5375,244.4055,8.213292,27.96,33.15,18.8,0.0,0.4,0.2,8.0,34.0,47.0,61.0,15.0,8.0,7.0,2.5
2021-08-06,0.0,14.264018,27.839998,28.14575,4.5270834,2.6791382,10.875,31.143751,0.035083335,24.53125,258.96677,7.432203,27.03,29.65,18.25,0.0,0.3,0.2,7.0,27.0,38.0,62.0,15.0,6.0,6.0,1.6
2021-08-07,0.0,13.222714,26.805,32.01118,5.7999997,2.1912699,27.541666,30.239584,0.0345,23.752083,14.206852,6.589578,27.49,30.8,15.95,0.0,0.3,0.2,3.0,16.0,20.0,76.0,11.0,6.0,6.0,0.8
2021-08-08,0.0,9.539083,21.269999,32.39541,4.477083,2.2232113,7.0416665,29.7875,0.033041667,26.366667,146.97615,6.146827,26.53,33.65,18.75,0.0,0.3,0.2,2.0,19.0,22.0,72.0,13.0,6.0,6.0,0.7
2021-08-09,,8.230338,19.5,50.2422,12.575,2.1316557,5.8333335,32.077084,0.0335,28.814585,127.42306,6.545534,25.29,34.95,21.9,0.0,0.3,0.2,3.0,21.0,26.0,55.0,31.0,20.0,6.0,1.2
2021-08-10,,8.032075,19.095,42.656124,13.8125,2.5066268,5.7916665,33.958332,0.034,30.56042,92.70065,6.645874,23.91,37.95,23.3,0.0,0.2,0.2,4.0,27.0,34.0,63.0,48.0,31.0,7.0,1.3
2021-08-11,0.0,8.050248,19.41,34.32527,11.808333,3.126826,20.666666,34.783333,0.034583334,30.208334,255.90913,8.253737,26.49,37.45,22.75,0.0,0.4,0.2,6.0,40.0,49.0,54.0,68.0,28.0,8.0,
2021-08-12,1.0,13.4398155,26.25,31.649801,9.520833,3.2098596,0.9166667,33.889584,0.0395,31.30208,243.01987,7.934956,24.64,41.5,21.15,0.0,0.4,0.2,4.0,31.0,37.0,73.0,35.0,15.0,,2.3
2021-08-13,2.0,9.880708,21.269999,24.108147,6.558333,3.987692,13.958333,33.931248,0.039125,33.002083,238.13928,8.03356,24.71,40.2,24.4,0.0,0.5,0.3,,,,69.0,,,,5.4
2021-08-14,0.0,10.092223,21.105,25.32403,8.85625,4.040868,16.416666,35.066666,0.04104167,31.985415,249.52063,9.025905,24.65,40.15,22.5,0.0,,,,,,,,,,
2021-08-15,3.0,13.596367,27.404999,22.426355,4.6666665,4.044991,16.833334,34.306248,0.03708333,28.454165,27.948523,8.352211,26.72,36.0,20.15,0.0,,,,,,,,,,
2021-08-16,0.0,15.485797,30.06,29.403059,6.129167,3.0018127,0.0,32.591667,0.037875,25.122917,42.478096,7.6269236,26.28,32.8,16.55,0.0,,,,,,,,,,
2021-08-17,1.0,14.859028,29.775,29.97026,5.0125003,2.47272,0.0,31.220833,0.03275,25.745834,23.962534,7.32533,24.88,33.4,17.1,0.0,,,,,,,,,,
2021-08-18,,12.475094,25.89,32.075665,6.652083,2.4928706,2.0,31.40625,0.033999998,26.518751,330.13596,7.1504936,24.75,33.35,18.65,0.0,0.1,0.2,3.0,23.0,28.0,78.0,23.0,11.0,13.0,0.1
2021-08-19,,10.837022,23.085,32.360325,6.835417,2.5944927,2.9583333,31.435417,0.036125,26.635412,261.40878,6.856495,25.52,33.6,18.9,0.0,0.2,0.2,4.0,28.0,34.0,77.0,24.0,11.0,15.0,0.8
2021-08-20,1.0,10.362929,21.464998,38.43039,8.658334,2.450466,0.0,31.770834,0.028666666,27.310415,245.59232,6.7422886,25.75,34.6,18.65,0.0,0.3,0.2,4.0,28.0,34.0,71.0,23.0,12.0,12.0,1.7
2021-08-21,0.0,7.196051,16.815,20.856604,2.1166666,3.0816019,0.0,31.754166,0.029,28.170835,104.782745,6.82454,24.63,36.2,18.7,0.0,0.5,0.3,3.0,36.0,41.0,67.0,21.0,7.0,9.0,2.6
2021-08-22,0.0,8.152394,17.894999,25.004776,5.4187503,3.1784937,23.916666,32.55625,0.029166667,29.258333,34.716503,7.105022,23.11,36.2,21.45,0.0,0.4,0.2,3.0,31.0,36.0,81.0,24.0,9.0,8.0,1.5
2021-08-23,0.0,11.632188,24.555,31.652082,8.58125,3.0515711,30.583334,33.84375,0.03,26.091661,60.39025,5.269346,18.74,30.35,19.9,0.70000005,0.3,0.2,3.0,27.0,31.0,75.0,25.0,10.0,8.0,1.5
2021-08-24,0.0,9.318522,21.03,41.565796,11.470833,2.0254512,47.708332,30.581251,0.0345,24.545835,199.86708,5.1709566,21.11,30.35,19.05,0.1,0.2,0.2,3.0,23.0,27.0,70.0,26.0,12.0,8.0,1.2
2021-08-25,0.0,9.171823,20.16,55.83006,14.291667,1.5053811,47.0,30.160416,0.036041666,26.477081,186.50554,5.01588,20.95,32.45,20.8,0.0,0.2,0.2,3.0,24.0,29.0,83.0,35.0,20.0,8.0,1.0
2021-08-26,0.0,5.560187,14.19,46.553745,13.077084,2.057741,47.25,31.360418,0.03658333,27.874998,234.85437,6.4021745,23.97,34.3,20.45,0.0,0.3,0.2,4.0,43.0,49.0,74.0,33.0,20.0,8.0,1.8
2021-08-27,0.0,8.308792,18.255,36.064053,9.787499,2.6438553,4.8333335,32.047916,0.0365,26.443748,252.65701,6.92156,24.05,32.1,19.65,0.0,0.3,0.2,5.0,42.0,50.0,78.0,16.0,7.0,8.0,2.0
2021-08-28,0.0,11.304272,22.635,31.05865,7.429167,2.46512,23.833334,30.689583,0.03883333,25.047915,258.6046,6.331092,22.65,30.95,18.8,0.0,0.2,0.2,3.0,27.0,31.0,82.0,17.0,5.0,7.0,1.0
2021-08-29,0.0,10.251235,22.019999,35.00966,8.1375,2.1539295,38.291668,29.816666,0.03975,25.312502,235.30476,6.380946,23.23,29.95,19.55,0.0,0.2,0.2,2.0,17.0,20.0,79.0,11.0,4.0,6.0,0.6
2021-08-30,,11.917484,23.984999,40.49765,10.452084,2.0103037,32.416668,30.020834,0.037333332,25.049997,128.27158,5.258964,21.68,31.3,17.9,0.0,0.2,0.2,5.0,24.0,32.0,65.0,18.0,8.0,6.0,0.7
2021-08-31,,7.3825316,17.55,46.075634,11.572917,1.9066006,50.541668,29.879166,0.03725,20.606249,51.815716,2.6316183,12.43,24.9,17.55,73.89999,0.2,0.2,5.0,31.0,39.0,56.0,29.0,15.0,6.0,1.2
2021-09-01,0.0,8.996922,22.335,79.04052,16.15625,0.52116245,89.666664,24.893751,0.23341666,19.591667,180.0,3.4784634,18.41,24.45,15.4,11.5,0.1,0.2,3.0,27.0,32.0,51.0,40.0,37.0,6.0,1.0
2021-09-02,1.0,4.3564777,13.709999,73.47765,14.177083,0.7056925,39.458332,22.908333,0.223875,21.03125,190.19589,3.9880135,18.55,26.9,15.75,0.0,0.2,0.2,7.0,31.0,42.0,47.0,31.0,27.0,6.0,1.1
2021-09-03,0.0,7.450419,15.255,62.759903,13.197917,1.051228,28.041666,22.84375,0.19495833,22.620832,185.71046,4.7440906,22.73,29.4,15.45,0.0,0.3,0.3,8.0,41.0,52.0,56.0,19.0,15.0,6.0,1.3
2021-09-04,1.0,6.015037,12.989999,55.066624,12.066667,1.4371729,39.125,23.816666,0.14820834,23.620836,93.401634,4.9136786,22.07,31.35,16.6,0.0,0.2,0.2,4.0,35.0,41.0,77.0,10.0,6.0,6.0,0.9
2021-09-05,0.0,7.8335304,15.105,57.66663,13.883334,1.4665502,48.25,25.033333,0.10045833,24.949999,88.48954,4.9426193,15.51,32.4,19.55,0.0,0.2,0.3,7.0,42.0,52.0,66.0,22.0,15.0,6.0,1.2
2021-09-06,0.0,11.798524,22.74,47.331223,12.224999,1.8629122,96.75,25.3375,0.067666665,25.643747,194.76268,5.566401,19.35,31.85,19.45,0.0,0.2,0.2,7.0,45.0,56.0,45.0,23.0,13.0,6.0,1.6
2021-09-07,0.0,10.316042,20.49,41.797436,10.722917,2.0430145,76.916664,26.483332,0.055291668,23.077085,238.14062,5.7045894,21.77,27.75,18.55,0.0,0.2,0.2,9.0,42.0,56.0,56.0,16.0,7.0,6.0,1.4
2021-09-08,1.0,15.717125,29.414999,50.566925,11.400001,1.4747492,30.041666,26.422918,0.040916666,22.095833,254.58852,4.397877,16.5,27.1,17.2,0.2,0.1,0.2,6.0,29.0,39.0,52.0,17.0,12.0,6.0,0.9
2021-09-09,1.0,11.202247,22.515,54.129116,11.827084,1.3145705,55.666668,26.070833,0.039708335,23.020834,250.38953,5.2334065,19.39,27.8,17.95,0.0,0.1,0.2,4.0,31.0,38.0,46.0,15.0,11.0,6.0,0.9
2021-09-10,2.0,11.657226,23.445,46.002396,10.216666,1.6015248,33.583332,26.810417,0.037833333,21.595835,243.54373,4.283718,16.52,27.5,15.2,0.0,0.1,0.2,5.0,30.0,37.0,53.0,9.0,5.0,6.0,0.7
2021-09-11,0.0,7.7160115,17.01,48.45186,9.583333,1.44076,67.166664,24.802084,0.040333334,23.112501,38.949814,4.953157,21.42,30.9,15.05,0.0,0.1,0.2,4.0,31.0,36.0,46.0,10.0,3.0,6.0,0.7
2021-09-12,0.0,7.593218,16.35,44.49027,9.099999,1.840169,38.625,26.522917,0.040291667,22.002083,151.28297,3.4187946,11.02,27.2,18.35,2.6000001,0.2,0.2,7.0,38.0,49.0,48.0,13.0,8.0,6.0,1.0
2021-09-13,3.0,8.705836,21.539999,54.75445,11.3625,1.2609712,96.875,24.229166,0.04825,18.514585,140.86482,1.6283152,7.22,20.2,17.2,12.9,0.2,,11.0,47.0,63.0,32.0,37.0,21.0,6.0,1.5
2021-09-14,0.0,10.124622,25.815,81.44961,15.083333,0.40026236,93.708336,20.35,0.154,18.045832,207.43294,2.5844567,14.12,21.7,14.45,1.9000002,0.1,0.1,6.0,28.0,37.0,26.0,41.0,35.0,6.0,0.6
2021-09-15,0.0,5.3673043,14.97,80.25748,14.266666,0.45839798,53.375,20.008333,0.30108333,18.762499,27.494438,3.299998,17.89,24.15,14.45,0.1,0.2,0.2,8.0,33.0,44.0,37.0,24.0,21.0,5.0,0.8
2021-09-16,0.0,5.8220677,13.2,74.434654,13.79375,0.63804775,27.125,20.966667,0.24308334,19.960417,252.41643,3.7148645,18.16,26.2,15.0,0.1,0.2,0.2,10.0,45.0,61.0,35.0,19.0,13.0,5.0,1.4
2021-09-17,0.0,7.2958703,14.759999,67.76176,13.189583,0.8757611,30.458334,21.324999,0.19383334,19.758333,282.33905,4.1090145,18.89,25.15,14.65,0.0,0.2,0.2,9.0,41.0,55.0,46.0,19.0,10.0,5.0,1.2
2021-09-18,1.0,9.683257,18.75,60.506836,10.9375,0.9962509,14.041667,21.264584,0.14175,17.310415,37.258713,4.010147,20.88,23.85,10.9,0.0,0.1,0.1,6.0,29.0,38.0,53.0,,,5.0,0.7
2021-09-19,0.0,7.919019,16.62,54.694016,7.3416667,1.0223918,5.5416665,19.939583,0.09808334,17.735416,32.12622,4.2671013,16.96,23.75,12.25,0.1,0.2,0.1,3.0,25.0,30.0,61.0,,,6.0,0.4
2021-09-20,2.0,14.861768,28.769999,52.50261,7.210417,1.0542346,34.458332,20.164583,0.06454167,16.014582,44.55786,4.9314604,20.29,22.9,10.4,0.0,0.2,0.1,5.0,27.0,35.0,52.0,10.0,5.0,4.0,0.6
2021-09-21,0.0,19.217157,35.984997,49.600605,4.633333,1.0238296,9.5,19.279167,0.050750002,15.958333,46.75083,3.0304623,13.92,21.35,11.35,4.5,0.2,0.2,5.0,23.0,30.0,52.0,7.0,3.0,2.0,0.5
2021-09-22,1.0,12.13745,25.695,62.459885,8.400001,0.764808,61.083332,19.672916,0.057791665,18.166666,59.507477,3.3349586,15.01,24.3,13.2,1.3000001,0.1,0.2,5.0,28.0,35.0,56.0,10.0,4.0,1.0,0.6
2021-09-23,3.0,13.51593,26.339998,69.429085,11.977084,0.75449204,57.208332,19.550001,0.15245833,18.410418,66.30472,1.9472619,10.22,24.0,16.2,18.0,0.1,0.1,4.0,27.0,34.0,59.0,13.0,6.0,1.0,0.5
2021-09-24,0.0,8.897235,21.81,86.94226,15.964583,0.30461398,88.25,19.793749,0.28154168,16.983332,223.39171,2.7135854,14.97,20.4,14.35,2.3,0.2,0.1,9.0,41.0,55.0,32.0,47.0,36.0,1.0,0.8
2021-09-25,0.0,10.954258,22.169998,77.43035,12.5625,0.47445682,28.041666,18.647917,0.28175,17.222916,241.49355,3.3494244,18.79,23.05,11.95,0.0,0.1,0.1,6.0,32.0,41.0,51.0,25.0,20.0,1.0,0.6
2021-09-26,0.0,6.588419,14.085,74.01427,12.122917,0.6061741,52.291668,19.022917,0.23229165,17.977085,229.20068,3.4302082,19.17,24.9,11.65,0.0,0.1,0.1,3.0,23.0,28.0,64.0,6.0,3.0,1.0,0.4
2021-09-27,0.0,4.7453775,10.68,70.23905,11.927083,0.72716385,60.416668,19.320833,0.19191666,17.497915,289.01575,3.1899092,15.93,24.65,11.3,0.0,0.2,0.1,23.0,61.0,97.0,34.0,14.0,4.0,1.0,2.2
2021-09-28,0.0,7.3145156,14.429999,64.781334,10.258333,0.8414726,43.041668,18.6875,0.15475,17.547915,19.399517,3.655455,18.79,23.8,11.35,0.0,0.2,0.1,13.0,49.0,70.0,45.0,15.0,5.0,1.0,1.5
2021-09-29,4.0,8.36398,16.47,60.008488,8.714583,0.9245867,15.375,19.025,0.11641666,17.841667,37.75815,3.362433,15.67,23.75,12.8,0.0,0.2,0.2,11.0,46.0,64.0,45.0,14.0,5.0,1.0,1.3
2021-09-30,2.0,7.733143,16.545,59.45421,9.368751,0.9164416,39.291668,19.554167,0.08470833,18.285418,355.9859,3.0680954,16.2,25.45,12.15,0.0,0.4,0.3,12.0,44.0,61.0,51.0,20.0,9.0,1.0,2.4
2021-10-01,3.0,5.010667,11.384999,58.954544,9.55,0.990493,73.083336,20.216667,0.063875,18.250002,250.87764,3.5007856,15.52,24.85,11.25,0.2,0.5,0.3,11.0,51.0,69.0,40.0,20.0,9.0,1.0,3.6
2021-10-02,1.0,8.443185,16.875,56.579285,8.6875,1.0628725,59.166668,19.966667,0.05458333,15.566666,243.90758,1.7827876,6.16,18.65,10.75,7.8,0.6,0.3,9.0,47.0,61.0,48.0,23.0,12.0,1.0,2.5
2021-10-03,0.0,13.698166,29.61,72.08347,9.670834,0.47058532,64.541664,16.779167,0.097833335,12.825,308.7655,2.958042,17.31,19.25,7.6,0.0,0.3,0.2,4.0,20.0,27.0,46.0,12.0,10.0,1.0,0.7
2021-10-04,0.0,6.1949935,13.575,58.567722,4.3416667,0.70696115,30.875,15.504167,0.124458335,16.23958,274.5774,3.1551006,14.13,23.65,10.75,0.0,,0.3,10.0,36.0,52.0,41.0,9.0,4.0,1.0,1.8
2021-10-05,0.0,10.737511,20.73,63.82085,9.185416,0.76797754,39.875,17.091667,0.098625004,17.104166,43.995014,3.0388932,17.19,22.85,11.8,0.0,,0.3,18.0,40.0,68.0,32.0,11.0,5.0,1.0,3.3
2021-10-06,2.0,7.4732094,15.524999,66.88339,10.227083,0.7434559,25.125,18.645834,0.07808333,16.670832,9.183836,3.4353137,17.68,25.45,8.95,0.0,0.5,0.3,19.0,45.0,74.0,35.0,14.0,6.0,1.0,3.5
2021-10-07,1.0,5.7655544,13.125,47.535355,4.1041665,1.1845502,9.666667,18.733334,0.057083335,18.054165,22.94582,3.600944,17.25,26.0,10.7,0.0,0.8,0.4,20.0,61.0,91.0,38.0,19.0,7.0,1.0,4.0
2021-10-08,2.0,7.5116444,16.214998,43.910473,4.68125,1.3411022,0.45833334,20.050001,0.040083334,16.9125,43.34773,3.6613762,16.67,24.0,9.55,0.0,0.9,0.4,19.0,55.0,84.0,25.0,22.0,9.0,,4.4
2021-10-09,8.0,8.105536,17.34,44.928864,4.3645835,1.1391997,24.958334,20.206251,0.032541666,16.885418,41.932392,3.1232252,13.28,22.7,11.8,0.0,0.5,0.3,15.0,40.0,63.0,57.0,16.0,4.0,1.0,2.8
2021-10-10,51.0,10.861916,21.269999,58.05301,8.233334,0.87683827,57.333332,19.895834,0.0285,16.997917,43.18703,3.2804866,15.17,23.45,11.3,0.0,0.6,0.3,6.0,30.0,39.0,57.0,16.0,7.0,1.0,1.9
2021-10-11,,9.642426,19.215,57.278194,7.9354167,0.9316663,43.666668,19.93125,0.032,16.750002,44.870003,3.2224407,16.35,23.85,10.65,0.0,0.3,0.3,6.0,38.0,47.0,48.0,15.0,7.0,1.0,2.9
2021-10-12,,7.4257207,15.81,55.276684,7.24375,0.95080996,29.5,19.8125,0.039,17.156252,53.79273,4.457374,16.83,24.9,10.4,0.0,0.3,0.3,5.0,36.0,43.0,55.0,18.0,8.0,1.0,2.3
2021-10-13,3.0,11.042108,20.76,29.404413,-1.875,1.4907942,0.0,18.533333,0.039916668,15.564583,27.050531,3.2704647,16.21,23.45,8.1,0.0,0.9,0.3,27.0,49.0,90.0,51.0,9.0,5.0,2.0,4.2
2021-10-14,68.0,6.605852,14.114999,52.486393,5.179167,0.9588928,24.125,18.329166,0.036708333,16.591665,286.2324,3.0574768,15.84,24.45,9.35,0.0,0.6,0.4,21.0,56.0,88.0,43.0,23.0,7.0,2.0,2.5
2021-10-15,,5.6750236,12.0,53.846054,6.3416667,1.0180559,52.416668,18.875,0.0405,15.7458315,23.141218,2.201606,9.49,21.4,10.2,0.1,0.7,0.4,21.0,62.0,93.0,41.0,28.0,12.0,1.0,3.4
2021-10-16,,5.8188267,12.825,51.156677,5.4520836,0.9545142,86.708336,17.854166,0.038041666,17.258333,306.23248,2.698871,13.68,22.8,11.95,1.7,0.6,0.4,15.0,65.0,88.0,36.0,25.0,10.0,2.0,3.4
2021-10-17,,7.0410743,14.759999,68.32125,10.825,0.69974357,40.375,19.410418,0.054625,17.175001,61.440517,2.2391207,12.51,22.85,11.35,0.0,0.3,0.3,5.0,33.0,40.0,57.0,20.0,13.0,1.0,1.5
2021-10-18,1.0,4.823925,11.13,71.224174,11.431251,0.6707296,86.875,19.675001,0.045958336,17.88542,65.78183,2.6116543,14.55,23.75,12.35,0.0,0.5,0.4,26.0,52.0,91.0,23.0,25.0,13.0,2.0,3.7
2021-10-19,106.0,5.562332,11.835,66.27441,11.041667,0.7785786,48.666668,20.479166,0.043625,17.4125,233.33884,2.8365185,12.42,24.1,11.6,0.0,0.5,0.3,17.0,52.0,79.0,33.0,24.0,13.0,2.0,3.7
2021-10-20,70.0,9.26489,18.164999,63.504368,10.006249,0.82196134,44.625,19.456251,0.0415,16.618752,326.3099,2.4498374,12.68,21.5,11.55,0.2,0.3,0.3,10.0,45.0,60.0,46.0,22.0,9.0,2.0,2.6
2021-10-21,2.0,7.227997,15.239999,60.368374,8.154166,0.8032658,49.375,19.510416,0.036958333,15.191666,39.817314,4.009619,14.38,20.2,11.75,0.0,,0.3,19.0,42.0,70.0,42.0,16.0,6.0,2.0,
2021-10-22,15.0,18.603289,33.27,47.82881,3.2395833,0.95539355,25.75,17.685417,0.0335,12.806249,32.619198,2.6294339,14.91,19.15,6.75,0.0,,0.2,4.0,25.0,31.0,56.0,9.0,3.0,2.0,1.2
2021-10-23,1.0,7.189898,15.134999,56.60626,3.4020834,0.73603415,9.083333,16.322916,0.034958333,12.395832,304.34607,2.6583147,14.67,20.2,4.55,0.0,,0.3,9.0,35.0,48.0,48.0,14.0,4.0,2.0,1.2
2021-10-24,3.0,6.13642,12.405,49.612946,1.0354167,0.8535287,4.375,14.914584,0.036166664,12.825,44.51859,2.4931831,14.25,20.45,5.7,0.0,0.4,0.3,14.0,44.0,66.0,42.0,20.0,7.0,2.0,1.9
2021-10-25,4.0,5.733441,12.12,50.635777,1.9333334,0.86066264,22.416666,14.925,0.039083336,13.866666,37.543,2.763037,14.13,20.05,7.95,0.0,0.7,0.4,28.0,65.0,108.0,27.0,28.0,9.0,3.0,3.6
2021-10-26,103.0,8.456073,16.98,51.448345,3.5604165,0.84508425,3.375,15.868751,0.035,13.139583,162.1496,2.3970647,13.83,20.1,6.15,0.0,,0.3,32.0,56.0,105.0,45.0,,8.0,2.0,5.3
2021-10-27,47.0,5.945759,12.105,63.61102,5.6104164,0.661641,0.5,15.631249,0.029,13.377084,237.96445,2.6852055,13.3,20.4,6.45,0.0,0.8,0.4,28.0,67.0,111.0,29.0,32.0,12.0,2.0,5.5
2021-10-28,20.0,7.5148854,14.595,55.25365,3.7916667,0.80600125,65.083336,15.191667,0.030541666,13.704166,204.45023,1.4268891,5.08,16.05,12.0,5.5000005,0.7,0.3,22.0,61.0,95.0,33.0,27.0,10.0,2.0,4.1
2021-10-29,33.0,12.547559,24.195,75.041435,9.035417,0.39953506,100.0,14.620833,0.07491667,16.327082,229.48769,1.2094895,5.29,19.75,13.3,30.800001,,0.2,9.0,51.0,65.0,34.0,25.0,13.0,2.0,2.5
2021-10-30,2.0,16.089705,33.344997,87.26777,14.295834,0.25412253,100.0,15.879167,0.37229168,16.06875,234.28127,1.0584879,5.63,19.55,13.0,21.800001,,0.2,6.0,24.0,33.0,32.0,,,2.0,0.8
2021-10-31,2.0,19.896296,36.84,90.969795,14.658333,0.17573105,99.333336,15.9875,0.37470832,14.920831,273.96588,2.1112013,11.53,17.3,9.55,12.2,,0.2,5.0,18.0,26.0,28.0,,,2.0,0.6
2021-11-01,22.0,12.746251,24.644999,71.7535,8.870833,0.48088098,58.25,15.381249,0.37270832,10.23125,240.54988,1.6317788,9.77,13.9,6.95,0.5,,0.2,5.0,26.0,33.0,46.0,,,2.0,0.9
2021-11-02,105.0,14.386933,26.01,78.32679,6.6541667,0.29120976,94.333336,12.454166,0.33395836,8.964583,285.46124,1.8784523,11.64,12.05,5.9,5.9999995,,0.2,7.0,28.0,39.0,47.0,,,2.0,1.2
2021-11-03,2.0,13.98286,26.550001,68.754555,2.8729165,0.36490905,25.5,10.564584,0.3585,6.275,322.03955,1.3591702,10.29,10.45,2.5,3.8000002,0.5,0.3,9.0,35.0,49.0,50.0,6.0,4.0,2.0,1.5
2021-11-04,3.0,5.4255576,11.775001,78.222,2.4520833,0.22532924,26.291666,8.783334,0.33854166,6.5375,9.398126,1.7974647,12.02,11.8,1.85,0.2,0.5,0.3,18.0,46.0,74.0,33.0,10.0,7.0,3.0,2.5
2021-11-05,4.0,12.201912,22.515,70.0678,1.2104167,0.3314784,20.833334,8.091666,0.30937502,6.8250003,21.99003,2.1401544,12.79,13.6,2.75,0.0,0.6,0.3,6.0,32.0,41.0,51.0,6.0,4.0,3.0,1.4
2021-11-06,1.0,13.03941,23.61,63.06484,-0.23958333,0.41267732,0.5833333,7.6375003,0.295125,6.3020825,5.9497004,1.7674636,11.71,13.2,-0.15,0.0,0.4,0.3,6.0,33.0,42.0,49.0,8.0,6.0,3.0,1.0
2021-11-07,2.0,6.977396,14.204999,63.44212,-0.21041663,0.39158142,73.458336,7.2604165,0.28241667,9.695833,354.89594,1.9572335,10.04,17.85,4.8,0.0,0.6,0.3,16.0,54.0,78.0,27.0,19.0,12.0,3.0,2.0
2021-11-08,12.0,8.747521,16.859999,63.322216,2.3500001,0.5320995,40.875,8.95,0.26508334,9.14375,38.20852,1.9982169,12.12,16.15,4.4,0.0,0.9,0.4,39.0,58.0,117.0,29.0,17.0,9.0,3.0,3.1
2021-11-09,34.0,8.558249,15.45,63.406796,1.9333334,0.47859898,2.5833333,8.895833,0.256875,7.7250004,10.619582,1.8390692,12.03,14.95,2.4,0.0,0.6,0.3,24.0,58.0,95.0,30.0,18.0,10.0,3.0,3.4
2021-11-10,215.0,7.7560487,14.669999,68.14246,1.7395834,0.39216647,0.0,8.48125,0.24462499,7.4604173,4.8713093,1.5476999,11.7,14.5,2.45,0.0,0.6,0.3,23.0,53.0,88.0,37.0,18.0,9.0,3.0,2.7
2021-11-11,97.0,5.0156007,9.69,71.768135,2.3458333,0.35028443,0.5416667,8.202084,0.23058333,9.441666,23.92923,1.6650066,11.38,17.3,4.5,0.0,1.1,0.4,71.0,83.0,192.0,13.0,32.0,19.0,4.0,6.7
2021-11-12,38.0,7.5627537,14.294999,73.92051,4.9187503,0.36606684,10.25,9.216666,0.22208333,9.485415,23.860218,1.6235514,11.45,16.25,3.9,0.0,0.6,0.2,30.0,60.0,105.0,31.0,22.0,10.0,3.0,3.4
2021-11-13,16.0,6.689099,13.139999,75.42512,4.9958334,0.34854484,18.791666,9.558333,0.20475,9.03125,30.986605,1.7799797,11.51,16.0,2.7,0.0,0.6,0.2,20.0,55.0,85.0,28.0,21.0,12.0,3.0,3.3
2021-11-14,52.0,8.742532,16.515,73.533066,4.31875,0.36693192,11.125,9.514584,0.19004166,10.485415,7.175159,2.082322,10.59,15.25,7.55,0.0,0.5,0.1,10.0,40.0,56.0,35.0,16.0,10.0,3.0,1.5
2021-11-15,109.0,12.706656,24.18,64.56882,3.5729167,0.4787973,29.291666,10.183333,0.17675,7.0770836,28.821722,1.5628294,11.12,13.4,1.5,0.0,,0.1,6.0,33.0,42.0,49.0,6.0,3.0,3.0,1.4
2021-11-16,16.0,7.6964793,14.115001,73.9124,2.3270833,0.31055942,18.125,8.068749,0.16354166,8.491668,42.102478,1.8366522,10.89,14.3,4.75,0.0,0.6,0.1,21.0,51.0,83.0,26.0,14.0,7.0,3.0,
2021-11-17,5.0,14.340632,25.394999,67.91337,2.5041666,0.39665398,1.4583334,8.447917,0.1535,7.7041664,41.976227,1.5743111,9.75,13.75,3.75,0.0,0.5,0.1,10.0,41.0,57.0,42.0,8.0,5.0,3.0,1.8
2021-11-18,4.0,10.982999,20.039999,72.32789,2.8374999,0.32290104,16.833334,8.158334,0.14045833,8.779167,67.309235,1.2306805,5.76,15.7,5.4,0.1,0.6,0.2,19.0,52.0,82.0,32.0,11.0,7.0,3.0,2.3
2021-11-19,2.0,11.948364,20.64,75.60753,4.3416667,0.32991627,53.583332,8.516666,0.13275,9.022918,42.11697,0.56524915,1.86,12.0,6.25,0.8000001,0.4,0.2,11.0,44.0,61.0,33.0,10.0,6.0,3.0,1.9
2021-11-20,5.0,10.247422,17.475,85.00898,6.639583,0.17830522,96.833336,9.03125,0.12954167,9.939585,296.56497,1.0067321,6.87,13.85,6.45,0.3,,0.1,6.0,40.0,49.0,36.0,8.0,5.0,3.0,1.7
2021-11-21,110.0,5.42206,10.65,86.09033,7.5479164,0.1905847,77.041664,10.722917,0.12370834,6.56875,26.83908,0.5453705,3.61,9.2,3.95,13.099999,0.3,0.1,9.0,39.0,53.0,27.0,12.0,8.0,3.0,1.2
2021-11-22,14.0,9.310527,20.31,91.6686,5.110417,0.08520892,92.458336,8.410417,0.18595833,4.045833,100.57349,0.6238283,5.22,5.9,1.65,3.1999998,,0.1,25.0,43.0,82.0,13.0,9.0,7.0,2.0,2.5
2021-11-23,5.0,5.1844826,12.54,88.86093,2.15625,0.09447687,82.0,6.3729167,0.34454167,3.645833,273.8413,0.81645274,7.68,8.4,0.05,0.6,,0.2,13.0,41.0,60.0,23.0,8.0,5.0,2.0,
2021-11-24,3.0,9.28069,17.279999,88.20587,1.9041667,0.102802195,78.875,5.8333335,0.311125,6.047917,284.00195,1.0148765,6.61,9.6,2.85,0.0,0.6,0.4,24.0,38.0,75.0,22.0,10.0,7.0,3.0,2.1
2021-11-25,9.0,8.516301,17.144999,75.48859,1.8270832,0.24452637,78.375,6.5499997,0.28945833,5.025,313.91916,1.0436618,7.65,10.45,1.85,0.4,0.7,0.4,30.0,52.0,99.0,18.0,10.0,6.0,3.0,2.4
2021-11-26,8.0,7.3828654,14.13,76.16924,1.0020833,0.23467724,50.125,5.816667,0.27329168,4.6354165,284.08078,1.3930104,7.49,8.6,2.95,0.2,0.8,0.5,39.0,59.0,118.0,18.0,12.0,8.0,3.0,2.8
2021-11-27,7.0,16.396387,29.039999,64.158165,-1.7416667,0.31047302,60.291668,5.022917,0.25320834,4.99375,283.54428,1.6257138,7.28,8.65,2.35,0.0,0.3,0.3,8.0,33.0,45.0,46.0,6.0,4.0,3.0,0.9
2021-11-28,2.0,17.342436,30.599998,62.114933,-1.5729166,0.34985086,91.5,5.2791667,0.24129166,8.639582,271.38727,1.4323982,6.93,13.55,5.25,0.0,0.2,0.3,6.0,27.0,36.0,54.0,5.0,3.0,3.0,0.5
2021-11-29,3.0,15.388066,27.525,74.0633,4.0520835,0.3129622,62.25,7.9708333,0.22145833,5.981249,330.0014,1.1687257,9.42,12.1,0.9,0.0,0.4,0.3,10.0,38.0,54.0,43.0,6.0,4.0,3.0,1.5
2021-11-30,21.0,6.0278516,10.740001,79.529686,2.2895834,0.22625625,10.958333,6.19375,0.21091668,5.0833335,251.1505,0.9439775,6.43,10.6,-0.15,1.6,0.7,0.4,30.0,64.0,110.0,14.0,14.0,9.0,3.0,3.5
2021-12-01,725.0,11.996661,21.39,85.019035,2.8958333,0.15951641,76.083336,5.275,0.21495833,5.6062503,300.78592,1.0840323,7.96,8.45,2.55,0.5,1.0,0.5,46.0,52.0,123.0,12.0,17.0,13.0,3.0,4.2
2021-12-02,13.0,9.703773,18.42,75.265434,1.0166667,0.23353404,55.666668,6.2208333,0.20516665,6.627083,269.34708,1.3814269,8.69,12.6,1.7,0.0,,0.4,5.0,28.0,36.0,34.0,7.0,5.0,3.0,1.7
2021-12-03,1.0,10.98278,20.01,70.25736,1.6374999,0.3189463,43.083332,6.6666665,0.19175,6.4187493,245.81958,0.7421297,5.4,10.55,3.8,0.3,0.5,0.4,6.0,30.0,39.0,20.0,8.0,5.0,3.0,2.1
2021-12-04,114.0,13.3831,23.595,85.93436,4.297917,0.14268915,55.291668,6.1770835,0.19204168,6.875,263.1766,1.3490518,5.59,10.3,4.05,0.0,0.4,0.3,4.0,23.0,30.0,13.0,8.0,5.0,3.0,1.4
2021-12-05,,17.715935,30.809998,67.858536,1.2645833,0.3323685,65.916664,6.495833,0.18483333,8.59375,261.67288,1.4876976,6.77,12.25,6.5,0.0,0.2,0.2,,,,47.0,4.0,2.0,3.0,0.5
2021-12-06,,13.518852,24.539999,68.14502,2.9729166,0.3734235,89.083336,8.052083,0.17045833,7.3875003,226.83162,0.3854226,2.22,10.25,3.25,0.3,0.3,0.3,3.0,15.0,21.0,47.0,5.0,3.0,3.0,1.0
2021-12-07,,14.30679,24.615,92.09724,6.4187503,0.0868543,83.375,7.366667,0.16662501,7.300001,262.511,1.3642173,7.02,10.45,5.5,3.0,0.4,0.3,3.0,18.0,22.0,19.0,10.0,7.0,3.0,1.7
2021-12-08,,19.438517,36.0,70.72605,1.7083334,0.29016486,71.333336,7.4562497,0.21333332,6.952082,246.7155,0.95711195,2.99,9.85,4.4,0.0,0.3,0.2,2.0,12.0,14.0,55.0,4.0,3.0,3.0,0.8
2021-12-09,,18.967028,33.149998,77.8708,3.5416667,0.22624248,90.25,7.0187497,0.21458334,9.608334,260.01822,1.2806901,4.4,14.15,6.65,0.6,0.5,0.3,2.0,17.0,20.0,47.0,6.0,3.0,3.0,1.1
2021-12-10,,20.366549,35.774998,75.06606,5.4083333,0.318774,97.291664,8.849999,0.20258333,10.397916,294.02646,1.4566923,7.71,15.7,6.75,0.0,0.6,0.3,2.0,17.0,20.0,43.0,7.0,5.0,3.0,1.2
2021-12-11,,8.060611,15.764999,72.57553,5.2625003,0.37270084,52.916668,9.477083,0.19083333,7.5708337,14.620885,1.0529997,8.63,13.0,3.35,0.0,0.4,0.3,2.0,20.0,23.0,34.0,9.0,6.0,3.0,1.4
2021-12-12,,5.497824,9.884999,84.87101,4.860417,0.19040625,58.5,7.504167,0.18420833,5.847916,27.13308,1.0438637,9.1,12.1,0.85,0.0,0.7,0.5,2.0,20.0,23.0,13.0,12.0,9.0,3.0,2.4
2021-12-13,4.0,5.78814,10.7699995,86.24041,3.5354166,0.15759398,26.291666,5.8875003,0.17991666,6.504166,26.020306,1.285574,9.06,15.5,1.15,0.0,0.6,0.4,2.0,19.0,22.0,14.0,14.0,9.0,4.0,3.0
2021-12-14,40.0,7.9612794,13.424999,77.39487,2.4208333,0.2862995,0.0,5.55625,0.17604166,7.191667,24.842371,1.3832121,9.08,15.65,1.25,0.0,0.4,,56.0,50.0,135.0,15.0,15.0,9.0,5.0,6.3
2021-12-15,91.0,7.2595496,12.704999,64.62989,0.08958334,0.45011106,25.083334,5.683333,0.17025,4.8625,34.18831,1.193131,9.02,12.1,0.3,0.0,0.9,0.5,64.0,69.0,168.0,18.0,15.0,8.0,5.0,5.2
2021-12-16,62.0,6.908585,12.375,71.71265,-0.14166667,0.27881834,14.0,4.8541665,0.160375,4.370833,39.141754,1.1457485,9.01,11.6,-1.15,0.0,0.7,0.4,40.0,58.0,120.0,16.0,16.0,11.0,4.0,3.5
2021-12-17,,7.706406,13.454999,73.85467,-0.1416667,0.25850388,21.083334,4.3458333,0.15529166,4.5104165,45.000103,0.6136831,4.19,10.0,-0.3,0.1,0.6,0.4,34.0,58.0,111.0,16.0,15.0,10.0,4.0,2.7
2021-12-18,,8.120109,14.099999,83.46465,1.9979167,0.16296394,78.041664,4.289583,0.14920834,6.7124996,51.29613,0.682998,4.42,11.8,3.95,0.6,0.5,0.4,14.0,50.0,72.0,20.0,13.0,11.0,4.0,1.6
2021-12-19,,7.3228536,12.764999,84.659874,4.0750003,0.17032461,76.125,6.0791664,0.153625,4.5520835,28.121122,0.73855835,6.63,9.3,0.75,0.7,0.4,0.4,7.0,40.0,51.0,30.0,10.0,7.0,3.0,1.1
2021-12-20,3.0,5.6517997,10.29,91.24433,3.3374999,0.088252224,96.625,4.860417,0.15666667,7.8729167,25.46329,0.82817125,6.12,13.05,3.3,0.2,0.6,0.4,30.0,61.0,107.0,9.0,17.0,12.0,4.0,3.0
2021-12-21,10.0,4.8288093,9.285,90.57206,6.347917,0.11922288,94.708336,7.1437497,0.14575,8.816667,141.30453,0.9290128,6.74,14.05,4.95,0.0,0.8,0.5,49.0,58.0,134.0,9.0,26.0,18.0,4.0,4.4
2021-12-22,23.0,7.8071046,13.32,89.39631,7.089583,0.14519073,66.916664,8.443749,0.16720833,7.8458343,157.86037,0.43745556,2.5,11.65,4.6,3.2,0.5,0.4,24.0,46.0,84.0,14.0,18.0,13.0,3.0,3.4
2021-12-23,3.0,7.1685824,12.63,93.93573,7.097917,0.07661486,89.625,8.045834,0.18416667,10.066668,201.35683,0.5638332,3.6,12.3,8.8,5.7,0.4,0.4,24.0,52.0,89.0,14.0,13.0,10.0,3.0,2.8
2021-12-24,20.0,8.696453,17.625,93.8664,9.058333,0.07920268,97.916664,9.735417,0.23066668,9.05,184.94893,0.3101947,1.42,10.25,7.9,6.0999994,0.2,0.3,10.0,36.0,50.0,17.0,8.0,7.0,3.0,1.3
2021-12-25,2.0,7.5812345,14.759999,94.17941,8.104167,0.06823642,100.0,9.13125,0.27904168,8.858333,238.33928,0.29534727,1.41,10.7,6.85,7.7,0.2,0.2,4.0,23.0,29.0,38.0,4.0,3.0,3.0,0.5
2021-12-26,1.0,10.656354,19.619999,95.38834,8.39375,0.055408794,100.0,8.64375,0.32958332,12.033333,239.08533,1.2524598,7.78,14.35,9.4,0.1,0.2,0.3,6.0,28.0,38.0,30.0,5.0,5.0,3.0,0.6
2021-12-27,436.0,21.087885,36.975,83.99284,9.160417,0.22926427,76.125,11.118751,0.3195,10.237499,241.17763,1.0279224,7.22,13.05,7.65,0.0,0.2,0.2,9.0,24.0,38.0,45.0,6.0,3.0,3.0,0.7
2021-12-28,1952.0,15.501151,27.479998,86.722694,7.839583,0.17562611,52.291668,10.304167,0.28920832,7.84375,117.82396,0.6760337,5.16,11.65,5.5,0.0,0.2,0.3,11.0,31.0,48.0,40.0,7.0,3.0,3.0,1.1
2021-12-29,54.0,5.453404,10.709999,93.42921,6.5916667,0.08040803,67.5,9.097917,0.2735,6.5708337,21.39482,1.0764751,9.1,13.5,1.7,0.0,0.4,0.4,28.0,45.0,88.0,19.0,15.0,10.0,3.0,2.6
2021-12-30,,5.5847545,9.749999,90.78521,5.0583334,0.11673322,7.3333335,6.875,0.26179168,6.689583,14.630283,1.1520653,9.21,14.05,1.15,0.0,0.8,0.6,57.0,58.0,146.0,10.0,14.0,10.0,4.0,6.3
2021-12-31,,5.8375816,9.825,84.04484,3.9541667,0.19840796,1.875,6.1083336,0.25029168,7.777084,14.922451,1.2075738,9.04,16.25,2.1,0.0,0.7,0.5,43.0,51.0,116.0,13.0,15.0,12.0,4.0,3.8
2022-01-01,,6.251344,10.08,70.3244,2.2729166,0.403103,56.083332,5.8229165,0.23666666,6.631251,0.88818896,1.0485089,7.85,14.2,1.35,0.0,1.0,0.6,57.0,60.0,146.0,20.03,16.0,13.0,5.0,1.3
2022-01-02,,4.8373227,8.31,78.06455,2.9395835,0.25144422,73.0,5.5875,0.23233335,6.577083,281.04092,1.1069257,8.74,13.8,1.3,0.0,0.6,0.5,40.0,53.0,115.0,15.01,15.0,12.0,4.0,1.4
2022-01-03,,6.3124156,11.099999,86.08496,4.2062497,0.17038222,56.833332,6.1124997,0.223875,7.125,239.76546,1.1779811,7.73,13.1,3.65,7.4999995,,0.4,46.0,56.0,127.0,8.04,22.0,18.0,4.0,3.1
2022-01-04,,13.836167,24.659998,84.25259,4.5291667,0.1832091,78.75,6.3020835,0.24620833,6.208334,282.37396,1.108702,5.81,9.95,4.5,5.2,0.4,0.3,29.0,43.0,88.0,21.74,14.0,10.0,3.0,2.4
2022-01-05,,13.09626,24.345,76.469154,2.1208334,0.23261054,83.0,6.491667,0.27287498,4.1874995,78.61857,0.9742371,9.03,7.95,1.4,0.0,0.6,0.3,9.0,31.0,45.0,44.72,5.0,4.0,3.0,1.1
2022-01-06,,5.353393,10.679999,79.190346,0.47708333,0.18374844,45.0,5.0875,0.2795,4.4208326,7.329658,1.1674514,8.87,10.7,-0.3,0.0,0.3,0.3,10.0,35.0,51.0,34.9,8.0,6.0,3.0,0.9
2022-01-07,,6.517189,12.6449995,71.65058,-0.4416667,0.26369795,21.541666,4.1854167,0.26595834,2.8770835,255.34865,1.0318904,8.74,9.75,-2.5,0.0,0.7,0.4,30.0,51.0,97.0,25.21,11.0,9.0,4.0,3.1
2022-01-08,,7.161451,13.634999,81.1347,0.004166656,0.1679639,70.375,3.0958335,0.25495833,7.46875,261.49707,1.224238,6.14,12.95,3.1,0.0,0.6,0.4,29.0,52.0,96.0,16.76,16.0,14.0,4.0,2.0
2022-01-09,,16.520008,29.324999,78.23642,4.3083334,0.25873575,99.166664,6.0958333,0.24183333,10.985417,297.98734,1.3634857,8.33,15.15,8.5,0.2,0.5,0.3,7.0,28.0,39.0,46.62,7.0,6.0,3.0,0.6
2022-01-10,,10.650979,20.205,78.69573,7.1666665,0.2925375,71.791664,9.662499,0.22908334,9.945834,24.610828,1.5722669,9.02,16.0,6.05,0.0,0.4,0.4,32.0,41.0,90.0,29.79,8.0,5.0,4.0,1.8
2022-01-11,,10.5890045,20.175,73.65072,4.9979167,0.3700801,44.791668,8.539583,0.225375,6.866668,32.43902,1.5349175,10.2,11.8,2.85,0.0,0.8,0.5,52.0,55.0,134.0,21.57,12.0,7.0,4.0,3.7
2022-01-12,,8.99848,16.41,63.44942,-1.0854167,0.40781048,1.5833334,6.4,0.20854168,3.0333338,48.47787,1.1366845,8.24,9.45,-2.15,0.0,0.9,0.4,29.0,50.0,95.0,30.05,8.0,4.0,4.0,2.5
2022-01-13,,7.1715984,13.214999,70.661736,-2.1895833,0.25049916,22.625,3.7395833,0.19633333,1.7520834,45.000103,1.1925126,10.35,8.1,-2.8,0.0,0.5,0.3,15.0,48.0,72.0,31.12,8.0,5.0,4.0,2.3
2022-01-14,,7.60681,13.304999,75.090195,-2.7145834,0.20926297,0.75,2.7041667,0.18775,1.1375002,16.927603,1.0876843,10.31,7.6,-3.3,0.0,0.4,0.3,14.0,45.0,66.0,36.27,9.0,6.0,4.0,1.4
2022-01-15,,5.363547,10.094999,78.807396,-2.25,0.1629457,2.0833333,2.2979167,0.18537499,1.5124999,33.6901,1.1191095,10.41,8.4,-3.0,0.0,0.5,0.4,22.0,50.0,84.0,35.16,14.0,11.0,4.0,1.5
2022-01-16,,5.10424,9.839999,78.808235,-1.9604167,0.17056175,2.625,1.6479167,0.17616667,2.5166667,28.954132,1.1904964,10.45,9.8,-2.35,0.0,0.7,0.4,20.0,56.0,87.0,25.56,22.0,18.0,4.0,1.6
2022-01-17,,5.65422,10.935,73.0488,-2.2,0.24543695,29.583334,2.3458333,0.17241667,2.5895834,16.177662,1.294504,10.8,11.2,-2.45,0.0,0.9,0.5,41.0,70.0,132.0,19.91,21.0,15.0,5.0,3.4
2022-01-18,,5.284497,9.96,67.761505,-3.3854167,0.3009097,15.333333,2.29375,0.16533333,2.3270833,13.604552,1.3779074,10.94,11.0,-3.5,0.0,0.6,0.4,59.0,71.0,161.0,23.11,19.0,11.0,6.0,2.9
2022-01-19,,6.107819,11.085,62.585888,-4.4625,0.32278767,4.2083335,2.1854167,0.15541667,4.116667,36.0613,1.6100821,10.63,12.4,-1.6,0.0,0.9,0.5,50.0,70.0,146.0,21.57,19.0,12.0,5.0,4.5
2022-01-20,,10.112603,18.839998,66.72096,-1.7333335,0.3314207,4.625,3.3874998,0.144125,3.3687496,34.15714,1.5142299,10.61,9.45,-1.15,0.0,0.6,0.4,23.0,52.0,87.0,31.45,11.0,6.0,4.0,2.7
2022-01-21,,10.513165,19.74,67.391525,-2.9979165,0.2934281,3.3333333,3.66875,0.13562499,2.4375,30.243465,1.2537042,8.36,8.85,-2.1,0.0,0.5,0.3,13.0,41.0,61.0,37.99,7.0,4.0,4.0,2.0
2022-01-22,,9.14034,16.89,71.43958,-2.3187501,0.22437291,31.583334,3.0708332,0.125625,2.9854167,27.040462,0.99500626,8.19,9.75,-1.35,0.0,0.4,0.3,9.0,39.0,53.0,44.96,9.0,7.0,4.0,1.0
2022-01-23,,8.751621,15.945,81.52116,-0.13125001,0.17459305,37.25,3.1229165,0.12329167,4.1020837,55.05574,1.0978878,8.03,10.65,-0.25,0.0,0.4,0.3,7.0,39.0,50.0,41.41,9.0,7.0,4.0,0.9
2022-01-24,,7.623339,14.235,75.3273,-0.13541666,0.2432785,47.458332,4.34375,0.11895833,5.460417,56.309914,1.0687567,6.65,11.1,1.4,0.2,0.4,0.3,10.0,46.0,62.0,34.08,9.0,7.0,4.0,1.8
2022-01-25,,8.473302,15.195,73.115166,0.78749996,0.27239218,61.0,5.525,0.10508334,4.010417,43.653942,1.3536668,10.11,11.35,-1.55,0.0,0.4,0.3,8.0,47.0,60.0,34.93,9.0,6.0,4.0,1.6
2022-01-26,,9.96232,18.074999,72.41781,-0.87083334,0.27282467,11.166667,4.6041665,0.09933334,4.7999997,35.83773,1.6967375,11.65,13.25,-1.35,0.0,0.4,0.3,11.0,46.0,63.0,33.6,11.0,8.0,4.0,1.9
2022-01-27,,8.802257,15.69,62.072495,-2.5854166,0.3966323,0.0,5.1291666,0.092083335,4.8895836,29.323576,2.1512086,12.25,14.3,-1.4,0.0,,0.4,26.0,51.0,91.0,33.78,15.0,7.0,5.0,
2022-01-28,,10.108637,17.91,46.566895,-6.65625,0.5509303,0.0,4.6145835,0.08275,4.9979167,26.56504,2.248759,12.32,15.25,-1.95,0.0,,0.4,27.0,54.0,95.0,36.21,14.0,8.0,4.0,
2022-01-29,,8.755586,15.554999,42.22895,-7.7645836,0.59772784,0.0,4.375,0.072875,5.6937504,13.392544,2.0457711,12.44,15.4,-1.55,0.0,0.9,0.5,36.0,55.0,110.0,38.93,12.0,7.0,5.0,3.7
2022-01-30,,6.353676,11.639999,39.371704,-8.254167,0.6653716,0.0,4.702083,0.063875,5.3854165,39.305542,1.9488993,12.47,15.05,-3.35,0.0,0.9,0.5,33.0,55.0,105.0,38.06,16.0,9.0,5.0,3.2
2022-01-31,,6.881979,13.62,46.761612,-5.75,0.55984455,5.8333335,4.485417,0.061125,9.325,30.787819,2.6650472,11.69,16.6,4.9,0.0,0.9,0.4,37.0,64.0,121.0,24.0,19.0,11.0,5.0,4.2
2022-02-01,,16.841888,31.515,58.279522,1.0895833,0.56609154,30.583334,9.520833,0.031708334,9.814584,32.047195,2.0638201,12.78,19.1,3.0,0.0,,0.3,4.0,30.0,37.0,58.74,7.0,3.0,4.0,1.1
2022-02-02,,6.7223706,13.23,58.62566,0.7791667,0.62289566,3.0,9.577084,0.025,8.339583,282.1549,2.1393845,12.06,18.05,0.15,0.0,,0.6,55.0,65.0,149.0,21.25,19.0,9.0,5.0,6.0
2022-02-03,,7.27178,13.995,57.200092,-0.060416657,0.577189,86.041664,8.635417,0.025,9.591667,251.09915,1.3925344,8.82,14.8,4.15,0.0,1.0,0.6,63.0,71.0,167.0,14.68,24.0,15.0,5.0,7.1
2022-02-04,,4.4986305,10.485,68.656876,3.3208332,0.43062994,98.166664,10.591666,0.024708332,9.910417,40.37642,2.3160477,10.82,15.4,6.0,0.0,,0.4,30.0,57.0,103.0,17.11,27.0,18.0,4.0,4.2
2022-02-05,147.0,14.965457,27.089998,57.95332,1.3520833,0.562348,78.708336,11.025001,0.015958333,7.227083,30.250229,2.4783742,13.14,14.45,0.8,0.0,,0.3,7.0,32.0,43.0,46.91,14.0,10.0,4.0,1.4
2022-02-06,184.0,9.494487,18.78,42.19312,-5.5520835,0.641923,18.375,9.110416,0.015000001,7.816666,32.308437,2.6833518,13.25,17.35,0.35,0.0,0.4,0.3,8.0,35.0,48.0,55.46,10.0,5.0,4.0,1.0
2022-02-07,88.0,10.660151,20.07,46.81738,-3.6812499,0.6834483,17.916666,8.691667,0.0195,9.139585,50.703953,2.2929466,13.29,16.85,2.3,0.0,0.6,0.4,26.0,50.0,90.0,37.33,12.0,7.0,4.0,2.6
2022-02-08,406.0,9.299342,17.625,59.15752,0.65833336,0.5765242,0.0,10.297916,0.015000001,8.116666,46.5377,2.0016668,13.5,15.25,1.2,0.0,,0.3,13.0,46.0,67.0,44.87,10.0,5.0,4.0,2.4
2022-02-09,99.0,6.3099227,12.614999,62.996445,0.74375004,0.47988328,0.0,9.635417,0.011999999,8.341667,230.71056,2.1244328,13.47,16.65,-0.45,0.0,0.5,0.4,19.0,56.0,85.0,35.49,18.0,9.0,4.0,3.0
2022-02-10,26.0,6.044314,11.565,59.47639,0.29791665,0.5547938,44.125,9.404166,0.0205,9.789584,19.861511,2.3185112,13.1,17.6,2.65,0.0,0.8,0.5,39.0,77.0,137.0,16.12,27.0,17.0,5.0,5.1
2022-02-11,570.0,8.113549,15.389999,58.872086,1.1541666,0.6038575,35.625,10.993751,0.027416667,8.922916,36.339478,1.8711826,11.7,15.2,2.75,0.0,0.7,0.5,49.0,69.0,144.0,19.63,33.0,19.0,5.0,
2022-02-12,379.0,6.0790915,12.6449995,62.286636,1.2645833,0.514697,77.5,10.724999,0.03175,9.525,228.20605,1.6963351,6.72,14.8,5.05,0.7,0.3,0.3,7.0,42.0,53.0,38.43,23.0,10.0,4.0,1.7
2022-02-13,316.0,14.459899,25.394999,75.16995,4.6124997,0.34909344,78.916664,10.547916,0.027125001,8.479167,277.0961,2.4623375,14.18,12.65,3.85,0.90000004,0.2,0.3,6.0,29.0,39.0,50.2,21.0,11.0,4.0,1.2
2022-02-14,108.0,15.5418215,28.74,60.52107,0.21250002,0.47049364,27.541666,10.4375,0.042125,6.4791665,268.78888,2.279866,13.99,13.8,-0.25,0.0,0.2,0.3,9.0,30.0,43.0,54.72,6.0,4.0,4.0,1.0
2022-02-15,18.0,9.318687,17.835,60.299816,-1.4729166,0.4651269,68.166664,8.7625,0.043041665,9.06875,295.0168,2.230154,13.08,15.55,3.9,0.0,0.4,0.3,18.0,41.0,69.0,43.34,9.0,6.0,4.0,1.7
2022-02-16,72.0,8.982495,17.894999,63.36862,2.3500001,0.46876743,89.708336,10.370833,0.039,9.375,308.6599,2.1987164,14.68,17.5,2.2,0.0,,0.4,21.0,48.0,81.0,34.75,9.0,5.0,,
2022-02-17,175.0,4.8443475,10.965,71.21211,3.83125,0.44524828,13.791667,11.53125,0.03725,10.483333,291.6747,2.4417965,14.74,18.8,2.05,0.0,,0.5,38.0,67.0,126.0,15.95,20.0,12.0,,
2022-02-18,207.0,6.798748,13.11,68.65738,4.266667,0.51544046,36.083332,11.568749,0.040666666,9.302084,35.504486,2.1194885,5.87,13.05,7.05,0.3,0.6,0.5,47.0,64.0,135.0,22.99,22.0,14.0,4.0,4.9
2022-02-19,390.0,18.94248,34.155,54.353527,-0.18333332,0.5406225,70.583336,10.577084,0.035125,6.8812504,36.10609,2.3442194,15.36,15.35,-1.4,0.0,0.4,0.3,5.0,26.0,34.0,51.93,7.0,4.0,3.0,0.7
2022-02-20,64.0,6.372029,13.53,57.46761,-1.8729167,0.53379893,16.291666,9.04375,0.033333335,9.664583,24.393738,2.8613462,15.63,18.4,2.6,0.0,0.3,0.3,6.0,32.0,41.0,52.98,8.0,5.0,3.0,0.7
2022-02-21,115.0,7.9149575,16.199999,53.938282,-0.41666666,0.69026566,33.708332,11.33125,0.035208333,10.689583,38.0682,3.533795,16.15,20.45,1.95,0.0,0.5,0.4,21.0,48.0,80.0,38.68,10.0,7.0,4.0,2.1
2022-02-22,257.0,10.252339,19.335,33.6021,-6.7020836,1.017452,3.5833333,12.014584,0.034166668,10.508332,39.57188,2.768531,14.21,18.65,2.85,0.0,,0.3,12.0,47.0,66.0,45.15,8.0,5.0,3.0,1.8
2022-02-23,198.0,7.8972793,15.81,41.29372,-3.4833333,0.8722234,50.333332,11.385417,0.042375002,9.985416,39.357765,2.5237556,13.53,17.75,2.15,0.0,,0.4,18.0,53.0,81.0,39.79,14.0,8.0,4.0,4.4
2022-02-24,316.0,7.407862,14.655,45.741833,-1.5479165,0.7641453,85.083336,10.804166,0.049083333,8.727083,38.727654,1.1219318,2.99,11.65,6.75,4.1,0.5,0.4,16.0,59.0,84.0,29.75,13.0,7.0,4.0,3.2
2022-02-25,136.0,15.547226,27.24,77.37655,4.6979165,0.2543619,100.0,9.758333,0.089208335,8.062499,76.09058,0.8176431,3.92,9.8,5.95,1.4000001,0.3,0.3,9.0,41.0,55.0,35.64,9.0,6.0,3.0,1.5
2022-02-26,18.0,11.660977,21.675001,82.00291,5.102083,0.19699483,95.125,8.933333,0.126,9.277083,70.490425,1.5332762,10.27,13.35,7.1,0.6,0.2,0.3,6.0,36.0,45.0,36.82,7.0,5.0,3.0,0.9
2022-02-27,12.0,5.58658,12.285,76.12006,4.8875003,0.30746964,67.666664,10.414583,0.13687499,9.604167,346.21826,2.5621521,16.69,16.85,3.75,0.0,0.2,0.3,5.0,28.0,36.0,55.84,11.0,7.0,3.0,0.5
2022-02-28,47.0,6.8494735,13.98,71.41337,4.1854167,0.42979637,6.5416665,10.820834,0.124625,9.8125,244.33481,2.7025788,16.35,17.8,1.85,0.0,0.3,0.3,15.0,48.0,70.0,28.91,14.0,9.0,3.0,1.9
2022-03-01,253.0,7.910675,15.48,65.98792,3.3020833,0.51927394,53.25,10.870833,0.105958335,11.704166,271.57043,2.8393857,15.22,17.05,7.55,0.4,0.5,0.4,23.0,50.0,86.0,33.56,17.0,10.0,3.0,3.1
2022-03-02,206.0,12.61922,23.474998,64.6093,4.1124997,0.5500356,50.666668,12.570834,0.086875,7.7062507,284.03625,0.88639826,5.22,10.55,3.15,14.400002,0.4,0.3,10.0,34.0,49.0,51.71,10.0,5.0,3.0,1.7
2022-03-03,28.0,8.930211,17.324999,82.40468,4.65625,0.18952553,86.333336,8.689584,0.125625,8.364583,17.155186,2.4057002,10.48,13.25,5.25,2.1999998,0.5,0.4,28.0,50.0,93.0,26.38,11.0,8.0,3.0,3.3
2022-03-04,91.0,18.384321,34.035,59.759266,0.6020833,0.47090563,71.791664,9.014584,0.255625,6.2124996,44.78856,1.9740831,13.51,10.6,0.8,0.0,0.4,0.3,5.0,29.0,37.0,65.82,4.0,2.0,,1.5
2022-03-05,9.0,6.7677193,14.204999,63.384705,-0.7520833,0.38854137,61.291668,8.122916,0.22095834,6.629167,43.830936,2.104401,13.05,11.1,1.5,0.0,0.4,0.3,5.0,29.0,37.0,62.73,4.0,3.0,4.0,1.1
2022-03-06,20.0,11.086263,21.285,63.78328,0.041666668,0.38860342,61.166668,7.883333,0.19445832,6.6749997,118.93212,1.0258914,6.96,11.45,4.75,16.500002,0.3,0.2,3.0,18.0,23.0,71.8,5.0,4.0,4.0,0.5
2022-03-07,9.0,9.802391,19.199999,86.2073,4.3166666,0.14734578,92.916664,8.091666,0.28079167,7.5375,227.01836,1.8879652,12.75,12.4,3.6,0.9,0.3,0.3,7.0,28.0,40.0,53.05,6.0,5.0,3.0,1.0
2022-03-08,,11.388745,21.824999,72.30311,2.6208334,0.3176049,60.75,8.658334,0.2616667,8.14375,200.15584,1.8328887,11.99,13.8,2.55,0.1,0.3,0.3,9.0,30.0,43.0,57.85,5.0,3.0,3.0,1.1
2022-03-09,28.0,6.349053,13.11,73.332504,3.5125,0.34960547,92.041664,8.756249,0.23045833,9.170834,209.55357,1.9352723,12.86,14.4,3.75,3.6,0.5,0.3,16.0,49.0,74.0,34.83,11.0,6.0,4.0,2.6
2022-03-10,80.0,8.445441,16.98,75.60738,4.7416663,0.31412464,79.833336,9.8,0.24404167,9.547917,216.60556,1.4100353,8.09,13.8,7.15,8.8,0.4,0.3,11.0,41.0,57.0,43.85,13.0,8.0,4.0,1.8
2022-03-11,54.0,14.565988,27.255,80.72291,6.3312497,0.24351646,99.708336,9.566667,0.28895834,8.41875,247.80016,2.1955695,15.05,13.2,3.25,1.8000001,0.3,0.3,9.0,36.0,50.0,49.0,8.0,5.0,3.0,1.7
2022-03-12,29.0,14.347599,27.089998,74.19952,3.825,0.31889972,80.541664,9.420834,0.31383333,9.443751,232.19914,2.7787464,19.28,13.55,4.85,9.500001,0.2,0.3,6.0,24.0,33.0,60.13,6.0,3.0,3.0,0.7
2022-03-13,7.0,11.072067,22.14,67.16457,3.0645835,0.42126247,75.083336,10.537499,0.33766666,7.808334,51.47504,0.75291157,2.87,12.45,5.3,13.400002,0.2,0.2,4.0,21.0,27.0,70.78,5.0,3.0,3.0,0.5
2022-03-14,33.0,15.077937,28.544998,81.82131,4.9104166,0.19795424,99.583336,7.9854164,0.34329167,12.452084,46.78837,2.3342836,10.83,19.0,7.95,0.6,0.2,0.3,7.0,39.0,49.0,48.06,36.0,11.0,4.0,1.1
2022-03-15,10.0,13.524095,26.339998,68.25007,6.6749997,0.53648585,99.041664,11.077084,0.3263333,12.718749,38.336502,2.4748857,12.83,16.25,9.5,0.70000005,0.4,0.4,13.0,51.0,71.0,29.26,227.0,65.0,4.0,2.5
2022-03-16,29.0,12.015106,22.199999,65.77971,6.3770833,0.5167238,99.541664,12.441667,0.29470834,11.002083,37.126152,2.5775847,10.94,13.55,8.5,1.7000002,0.3,0.3,10.0,42.0,57.0,37.73,81.0,25.0,3.0,2.7
2022-03-17,28.0,21.974188,38.445,63.591915,3.9041665,0.47891617,90.166664,11.125,0.280875,9.966665,45.145805,2.3503075,13.14,14.15,6.4,0.0,0.2,0.3,6.0,29.0,37.0,54.63,16.0,4.0,3.0,1.1
2022-03-18,6.0,12.679587,23.654999,67.18285,4.0333333,0.42557535,61.625,10.3875,0.26075,9.077084,61.990936,1.8133616,11.64,12.95,5.5,0.0,0.3,0.3,7.0,32.0,43.0,46.06,9.0,4.0,4.0,1.7
2022-03-19,13.0,8.901741,17.699999,76.372665,5.0187497,0.29590824,54.583332,10.431251,0.242,9.89375,113.35411,1.8857242,9.34,14.15,6.0,0.7,0.3,0.3,5.0,26.0,34.0,50.93,13.0,7.0,3.0,1.1
2022-03-20,9.0,14.390507,25.529999,72.857475,5.0645833,0.37030017,80.166664,10.0625,0.23183334,10.1875,126.77619,1.5615182,8.94,15.15,8.5,12.7,0.2,0.3,4.0,19.0,25.0,70.95,11.0,5.0,3.0,0.5
2022-03-21,8.0,13.927293,26.955,81.442986,7.039583,0.24333946,99.541664,10.416667,0.319625,9.914583,134.38895,1.6235293,9.3,13.0,8.1,27.699999,0.3,0.4,8.0,33.0,45.0,55.07,5.0,3.0,3.0,0.7
2022-03-22,3.0,16.93623,31.32,77.53835,5.9249997,0.28304252,99.291664,10.14375,0.40345833,8.658334,73.29398,1.4326103,7.69,11.95,6.65,4.1,0.3,0.3,5.0,22.0,30.0,67.91,4.0,3.0,3.0,0.7
2022-03-23,1.0,13.728848,24.945,77.72078,4.9187503,0.26457894,100.0,9.4875,0.37483335,8.702083,35.100388,1.3618654,7.82,13.0,6.35,6.6,0.3,0.3,7.0,34.0,45.0,53.45,7.0,5.0,4.0,1.2
2022-03-24,5.0,16.567703,31.109999,82.86916,5.9979167,0.19438928,99.5,9.345834,0.3705,10.077083,38.967476,1.4208287,8.6,14.2,7.85,6.2,0.4,0.3,10.0,41.0,56.0,39.5,8.0,5.0,3.0,1.8
2022-03-25,7.0,14.2487,26.474998,83.38831,7.3312497,0.22098255,99.333336,10.460417,0.37475002,9.625001,34.43163,1.5120348,9.24,13.85,7.1,1.9000001,0.4,0.3,7.0,34.0,46.0,35.12,13.0,7.0,4.0,1.5
2022-03-26,5.0,11.04824,21.195,82.68093,6.75625,0.22142927,92.375,10.458333,0.371375,10.822918,97.12492,2.10519,12.93,15.3,7.3,0.2,0.2,0.3,5.0,26.0,33.0,49.53,10.0,6.0,4.0,0.8
2022-03-27,3.0,8.5113125,16.74,75.895485,6.397917,0.34377757,81.833336,11.599999,0.34745833,10.25,75.74597,2.7180226,17.59,17.05,4.65,0.1,0.2,0.3,4.0,24.0,30.0,45.79,16.0,8.0,4.0,0.6
2022-03-28,19.0,8.607246,16.875,74.50324,5.727083,0.37787342,97.75,11.287499,0.31933334,11.441666,4.803349,2.179439,13.99,15.5,7.75,7.8000007,0.3,0.3,10.0,34.0,49.0,43.11,28.0,14.0,4.0,1.5
2022-03-29,25.0,6.483129,14.28,77.8006,7.38125,0.33170286,96.708336,12.364583,0.341625,10.345832,23.221977,1.5592363,9.53,12.7,8.5,3.6999993,0.3,0.3,10.0,36.0,51.0,32.05,41.0,17.0,4.0,1.8
2022-03-30,14.0,9.684207,18.6,76.67324,6.0833335,0.301936,88.5,11.3125,0.37333333,8.895833,300.09583,2.7101989,17.33,14.3,4.7,0.4,0.2,0.3,7.0,33.0,44.0,18.36,15.0,7.0,4.0,1.6
2022-03-31,12.0,10.804803,20.82,65.16932,2.1625001,0.441344,61.625,10.470834,0.33383334,6.602083,357.78714,3.001319,20.85,10.25,3.0,0.2,0.3,0.3,8.0,37.0,49.0,29.14,10.0,6.0,4.0,2.7
2022-04-01,12.0,14.446942,26.37,54.14372,-2.9645834,0.4632511,31.0,8.989583,0.30125,4.4437504,10.276639,3.0682592,22.89,10.35,-1.3,0.0,0.3,0.3,5.0,24.0,31.0,,6.0,4.0,4.0,1.2
2022-04-02,2.0,11.491845,22.125,54.858135,-4.445833,0.42308918,14.75,7.366667,0.27541664,4.3958335,42.99182,3.1712422,22.64,10.25,-1.6,0.0,0.3,0.2,3.0,18.0,22.0,,4.0,3.0,4.0,0.8
2022-04-03,3.0,15.871995,28.664999,53.04169,-5.016667,0.4454123,18.583334,6.7395835,0.2475,5.0895834,40.86448,3.0814698,17.71,11.7,-1.2,0.0,0.2,0.2,3.0,18.0,23.0,,4.0,3.0,4.0,0.4
2022-04-04,1.0,18.589668,33.555,52.034138,-4.2791667,0.48033443,89.333336,6.75,0.223875,5.1437497,15.45761,1.8197683,9.27,8.5,1.8,0.2,0.3,0.3,5.0,25.0,33.0,,9.0,5.0,4.0,0.9
2022-04-05,1.0,10.508847,20.58,62.686695,-1.5812501,0.34066,100.0,6.7374997,0.21425001,8.693749,229.1052,3.304411,22.63,15.7,3.45,0.0,0.4,0.3,7.0,33.0,44.0,66.12,12.0,7.0,4.0,1.5
2022-04-06,8.0,10.314479,19.785,73.14452,3.9145832,0.38419256,48.75,10.454166,0.19983333,12.097917,245.59842,4.1051164,23.81,18.95,5.5,0.0,0.3,0.3,9.0,31.0,45.0,65.05,12.0,7.0,4.0,2.0
2022-04-07,23.0,15.194012,27.855001,64.5412,5.1375003,0.5933137,35.5,12.595833,0.16787499,10.712501,243.48114,2.8957262,18.35,15.65,5.95,0.0,0.3,0.3,16.0,34.0,59.0,54.37,13.0,7.0,4.0,2.2
2022-04-08,2.0,16.965775,30.375,73.38117,5.8312497,0.39335796,96.625,12.458333,0.14429167,12.537499,238.29341,2.6313322,15.99,16.95,9.15,0.4,0.2,0.3,10.0,24.0,40.0,52.32,9.0,4.0,4.0,1.3
2022-04-09,3.0,12.028811,22.964998,79.405876,8.816667,0.33290693,84.416664,13.712501,0.13029167,15.0666685,143.05794,3.937925,19.48,22.2,8.6,0.3,0.1,0.2,7.0,19.0,30.0,51.93,11.0,5.0,4.0,0.9
2022-04-10,5.0,12.972964,24.045,69.26037,8.779166,0.6786677,73.75,15.318749,0.12391666,14.635418,168.50212,4.2384586,20.97,21.9,7.45,0.8,0.1,0.2,5.0,20.0,28.0,46.29,11.0,5.0,4.0,0.9
2022-04-11,9.0,13.998902,27.63,63.609974,6.6625,0.7360243,67.458336,15.914584,0.105958335,11.485415,217.03429,3.0001156,19.36,16.6,6.45,3.9000003,0.1,0.2,8.0,23.0,35.0,62.4,21.0,7.0,4.0,0.8
2022-04-12,1.0,9.269136,19.185,73.62139,6.2291665,0.40801284,61.916668,14.179166,0.16654167,12.158333,7.645636,3.5686858,19.02,18.75,4.7,0.1,0.2,0.2,7.0,28.0,39.0,57.5,5.0,3.0,4.0,1.0
2022-04-13,,9.704051,19.065,62.559467,4.5354166,0.6606635,51.208332,14.104167,0.14179166,14.8875,37.58954,4.2974744,23.52,21.0,8.6,0.0,0.2,0.3,10.0,32.0,46.0,47.18,9.0,6.0,4.0,1.9
2022-04-14,,10.303561,20.07,58.90863,6.2833333,0.8043387,19.166666,15.993751,0.1165,16.05625,23.883945,4.402052,24.52,23.5,8.65,0.0,0.1,0.2,3.0,15.0,20.0,73.76,7.0,3.0,4.0,0.6
2022-04-15,,6.039324,14.384999,60.078827,7.472917,0.88737625,1.5416666,18.210417,0.08804166,17.9125,359.1394,5.018033,23.76,26.9,9.8,0.0,0.1,0.2,4.0,22.0,28.0,66.35,14.0,6.0,4.0,0.7
2022-04-16,,8.038265,17.775,49.03935,5.7791667,1.2628087,9.958333,20.362501,0.06041667,18.047916,7.6296263,4.7967324,23.4,26.5,9.3,0.0,0.2,0.3,5.0,25.0,33.0,67.16,11.0,6.0,4.0,1.0
2022-04-17,,6.4794574,14.7,44.109604,4.1,1.3826809,61.791668,21.558334,0.04354167,18.864582,6.2633834,5.8095665,25.03,26.0,11.35,0.0,0.1,0.2,4.0,26.0,32.0,75.29,15.0,6.0,4.0,1.1
2022-04-18,,11.269282,23.37,41.489033,4.4083333,1.4201865,38.583332,22.800001,0.03825,13.98125,6.0274415,3.8190253,19.92,19.1,8.5,1.2,0.2,0.3,5.0,28.0,37.0,70.28,14.0,6.0,4.0,1.1
2022-04-19,,15.863738,31.185,57.468616,4.897917,0.68420035,66.708336,19.222918,0.04375,8.20625,7.6053243,2.4288552,12.86,13.35,3.0,19.3,0.1,0.2,6.0,24.0,33.0,57.8,11.0,6.0,4.0,1.4
2022-04-20,2.0,20.538773,39.075,68.03275,2.1916666,0.38196835,85.041664,10.95625,0.31491667,10.381251,238.18785,3.4809163,20.76,16.3,5.25,0.0,0.2,0.2,5.0,21.0,28.0,73.18,5.0,3.0,4.0,0.8
2022-04-21,0.0,8.781396,17.955,58.16637,2.16875,0.59224576,60.5,12.414584,0.273875,8.914582,204.11932,1.2121286,6.29,10.55,7.05,19.9,0.2,0.3,10.0,29.0,44.0,70.08,6.0,3.0,4.0,1.1
2022-04-22,0.0,15.680842,30.419998,82.82052,5.9270835,0.19753952,100.0,10.114583,0.31179166,8.160417,238.73991,2.4779634,19.12,11.95,5.1,2.9999998,0.1,0.2,8.0,27.0,38.0,57.34,5.0,3.0,4.0,0.7
2022-04-23,3.0,22.054304,40.245,74.063934,3.6270835,0.30723307,78.958336,9.822917,0.34712502,10.48125,238.62701,4.0664515,26.65,17.3,3.95,0.0,0.1,0.2,6.0,19.0,29.0,67.67,3.0,2.0,4.0,0.3
2022-04-24,1.0,8.965773,18.135,63.590195,3.3520832,0.5476112,25.083334,11.868751,0.29829165,12.452084,78.20656,4.246913,26.75,19.35,5.15,0.0,0.1,0.2,4.0,21.0,27.0,68.04,8.0,5.0,4.0,0.5
2022-04-25,2.0,6.0569153,13.215,61.398014,4.68125,0.6810077,14.708333,13.8625,0.24929166,14.2,120.96369,3.8358257,21.37,20.85,8.45,0.4,0.2,0.3,9.0,35.0,48.0,58.75,8.0,5.0,4.0,1.2
2022-04-26,4.0,6.9291115,15.299999,67.42885,7.9708333,0.6064046,85.333336,15.877083,0.20441668,12.683333,218.94585,2.4019072,15.27,16.05,10.35,10.099998,0.2,0.3,8.0,43.0,55.0,53.72,15.0,10.0,4.0,2.6
2022-04-27,3.0,5.885964,14.655,80.71017,9.104167,0.30020973,96.0,14.908333,0.28775,12.150001,30.579157,2.6555154,17.6,15.75,8.9,1.6000001,0.2,0.3,8.0,35.0,48.0,46.06,9.0,6.0,4.0,1.5
2022-04-28,6.0,10.634285,21.06,77.052734,8.058333,0.35911593,71.125,13.666667,0.327875,14.966668,27.670397,4.250995,24.52,22.45,8.55,0.0,0.2,0.3,11.0,39.0,56.0,35.63,9.0,6.0,4.0,1.8
2022-04-29,8.0,7.4058347,15.899999,65.226875,7.7437496,0.7388907,31.583334,15.835416,0.28425,16.15625,346.13895,3.9623535,21.25,23.25,9.2,0.3,0.2,0.3,6.0,28.0,37.0,71.95,14.0,7.0,4.0,1.4
2022-04-30,5.0,5.62425,11.82,66.5503,9.25,0.75121903,90.25,17.018751,0.24062501,17.43125,256.89362,4.9788814,25.2,24.3,10.35,0.3,0.3,0.3,9.0,44.0,58.0,44.65,27.0,14.0,4.0,2.4
2022-05-01,64.0,9.575473,18.855,59.539494,8.639584,0.95192975,37.833332,18.372917,0.19916667,13.927082,15.547153,3.3717442,20.47,17.6,10.7,4.5,0.2,0.3,6.0,27.0,36.0,58.63,29.0,14.0,4.0,1.4
2022-05-02,1.0,10.973269,23.055,72.93827,8.670834,0.44438663,73.541664,17.177084,0.18295832,12.799999,43.71115,2.8776438,16.95,17.45,9.6,6.4,0.1,0.2,3.0,17.0,23.0,64.52,13.0,8.0,5.0,0.8
2022-05-03,6.0,17.212475,31.484999,75.085396,8.210417,0.4003663,85.333336,14.672916,0.26045832,14.349999,44.497143,4.4187512,24.08,20.1,9.2,0.1,0.1,0.2,4.0,22.0,29.0,67.31,9.0,5.0,4.0,1.1
2022-05-04,0.0,15.670387,28.695,61.043396,6.414583,0.72184753,20.416666,15.708333,0.22087501,15.337501,28.315372,4.839778,26.97,22.75,8.4,0.0,0.1,0.2,4.0,21.0,28.0,70.59,11.0,6.0,4.0,1.3
2022-05-05,,9.189741,18.359999,56.078964,5.610417,0.9175369,6.7916665,17.018751,0.18025,15.577084,30.148281,5.563345,28.22,23.5,7.75,0.0,0.2,0.3,6.0,26.0,34.0,72.89,16.0,10.0,4.0,1.5
2022-05-06,19.0,10.911819,21.81,50.381023,3.8583333,1.0529929,17.458334,17.591667,0.13770834,16.585419,45.874573,5.6258845,28.2,23.85,9.4,0.0,0.1,0.2,5.0,22.0,29.0,79.27,10.0,5.0,4.0,1.1
2022-05-07,9.0,11.148524,22.32,47.896835,4.641667,1.1378695,19.5,18.918749,0.09804166,18.3,31.68301,5.6816144,27.99,26.25,10.35,0.0,0.2,0.2,4.0,20.0,26.0,80.81,10.0,5.0,4.0,0.6
2022-05-08,18.0,8.450558,18.06,45.486988,5.0416665,1.3586465,15.083333,21.074999,0.069458336,19.5375,67.24898,5.644727,27.24,27.2,11.05,0.0,0.1,0.2,3.0,17.0,22.0,81.21,11.0,6.0,4.0,0.7
2022-05-09,27.0,7.032057,16.695,44.13062,6.0104165,1.4789338,15.958333,23.022917,0.052,20.670834,53.29702,5.5133343,27.23,28.4,12.0,0.0,0.1,0.2,6.0,30.0,40.0,77.77,16.0,7.0,4.0,1.3
2022-05-10,35.0,6.4339023,15.554999,46.937775,7.61875,1.5491446,20.833334,24.8125,0.045708332,22.327082,101.30988,5.9721756,25.96,29.8,14.2,0.0,0.2,0.3,6.0,32.0,41.0,83.52,19.0,8.0,5.0,1.5
2022-05-11,13.0,8.872442,18.945,41.19076,7.6979165,1.7670298,51.375,26.262499,0.041583333,21.683332,104.52248,5.755599,23.83,27.55,14.9,0.0,0.2,0.3,7.0,39.0,50.0,72.07,24.0,11.0,5.0,1.8
2022-05-12,15.0,8.7615385,19.019999,40.43341,6.8250003,1.6479205,90.208336,25.949999,0.044666667,22.068748,236.00346,6.2097287,28.05,29.8,13.55,0.0,0.2,0.3,6.0,33.0,42.0,78.95,24.0,10.0,5.0,1.4
2022-05-13,9.0,7.3754544,16.335,40.68103,6.647917,1.815451,22.041666,26.041666,0.046833333,21.758333,39.569923,5.1880074,23.37,28.8,16.0,0.8,0.2,0.3,7.0,39.0,50.0,71.26,19.0,8.0,5.0,1.9
2022-05-14,4.0,6.979042,17.355,46.199234,9.077084,1.5075465,73.416664,25.75625,0.046875,19.562498,231.24379,5.200899,24.55,24.2,14.85,0.2,0.2,0.3,5.0,30.0,38.0,69.69,30.0,18.0,5.0,1.4
2022-05-15,4.0,12.422736,24.15,55.2299,9.618751,1.0568054,50.041668,21.804167,0.11895833,19.268751,244.64012,5.5850244,27.51,25.5,12.85,0.0,0.1,0.2,4.0,17.0,24.0,64.13,18.0,9.0,4.0,0.6
2022-05-16,1.0,9.44012,19.109999,53.505856,9.047916,1.1743857,35.583332,22.047918,0.08870833,21.0125,239.17876,6.016444,27.82,28.05,13.8,0.0,0.1,0.2,5.0,23.0,31.0,53.51,17.0,8.0,4.0,1.0
2022-05-17,9.0,9.518868,19.095,50.898117,9.489583,1.420393,52.5,23.456251,0.06729167,23.329165,296.95868,6.4834557,27.78,31.8,13.95,0.0,0.1,0.2,9.0,29.0,43.0,42.5,14.0,6.0,5.0,0.7
2022-05-18,7.0,8.273825,17.894999,43.714096,8.816667,1.9534227,93.333336,25.887499,0.053458333,25.799997,129.62029,7.2625246,26.3,34.85,16.4,0.0,0.2,0.3,9.0,42.0,55.0,48.61,22.0,10.0,5.0,2.0
2022-05-19,13.0,11.922309,24.51,36.79325,7.7333336,2.4703233,74.291664,28.339584,0.043708336,25.656252,89.4854,7.0093803,23.36,33.15,17.65,0.0,0.2,0.2,7.0,32.0,43.0,67.76,37.0,16.0,5.0,1.6
2022-05-20,5.0,11.112817,22.5,33.68182,7.59375,2.4027116,99.75,27.820833,0.047125,25.983335,73.72212,6.874652,25.52,34.2,16.55,0.0,0.1,0.2,6.0,32.0,40.0,66.84,27.0,12.0,5.0,1.4
2022-05-21,12.0,9.426853,19.65,34.62511,7.597917,2.4564283,87.083336,27.852083,0.052791666,22.616663,236.23468,6.3028297,25.01,28.25,18.35,0.0,0.1,0.2,5.0,27.0,35.0,78.0,27.0,13.0,5.0,1.2
2022-05-22,5.0,15.614816,30.75,47.18008,9.889584,1.4777416,54.583332,26.808334,0.04075,21.008333,258.90237,6.158402,26.07,27.75,14.95,0.0,0.1,0.2,5.0,22.0,29.0,69.76,33.0,16.0,5.0,0.9
2022-05-23,6.0,12.729829,24.75,49.566425,9.306251,1.4131551,60.166668,25.800001,0.044041667,17.620832,338.05,4.527102,18.48,23.1,13.25,0.0,0.1,0.2,6.0,24.0,33.0,67.9,17.0,9.0,5.0,1.2
2022-05-24,20.0,13.850593,27.135,50.46248,6.254167,1.0213537,58.333332,22.283333,0.04633333,15.825,17.00085,5.95219,27.09,22.55,9.3,0.0,0.1,0.2,5.0,20.0,28.0,57.32,12.0,5.0,5.0,1.2
2022-05-25,,16.847395,31.695,42.89012,2.2916667,1.1705581,13.75,20.977083,0.044958334,18.541666,52.290375,6.7112274,29.37,26.9,10.05,0.0,0.1,0.2,4.0,15.0,21.0,75.21,8.0,4.0,5.0,1.0
2022-05-26,2.0,14.284898,28.275,41.37954,4.2937503,1.4920856,0.0,23.525,0.041125,22.94375,48.76354,7.607983,29.73,31.2,13.85,0.0,0.1,0.2,4.0,18.0,24.0,72.74,11.0,5.0,5.0,1.4
2022-05-27,3.0,12.664413,24.9,32.10775,3.5729167,2.1952126,0.0,26.902084,0.038291667,24.33333,16.352514,7.5392737,29.43,32.45,15.3,0.0,0.2,0.2,6.0,27.0,35.0,53.46,9.0,4.0,5.0,1.2
2022-05-28,14.0,10.085616,21.449999,33.525387,5.2541666,2.3332875,1.7083334,28.983332,0.037958335,24.047918,254.7766,7.2028637,27.21,30.45,16.75,0.0,0.2,0.2,4.0,25.0,31.0,76.01,15.0,7.0,5.0,1.1
2022-05-29,15.0,12.786088,24.585,33.291058,5.8333335,2.1364439,50.833332,28.541666,0.037750002,20.24375,239.76958,6.519953,25.54,23.05,15.65,0.0,0.2,0.3,5.0,32.0,40.0,65.98,29.0,15.0,5.0,1.6
2022-05-30,2.0,18.583921,34.74,44.80881,7.1229167,1.3290015,85.541664,25.352083,0.037916664,21.887499,221.8574,6.496335,29.25,30.1,13.75,0.0,0.1,0.2,8.0,23.0,35.0,70.61,22.0,11.0,5.0,1.0
2022-05-31,2.0,7.3193994,18.179998,41.65704,6.370833,1.8456398,21.166666,27.116667,0.040791668,23.21875,235.5047,7.3262153,28.16,29.3,17.45,0.0,0.2,0.2,9.0,30.0,45.0,58.63,23.0,10.0,5.0,1.8
2022-06-01,1.0,13.600747,26.94,36.3757,6.90625,1.868156,9.5,27.514582,0.040166665,22.127083,227.86246,6.064977,26.46,27.6,15.9,0.0,0.2,0.2,11.0,29.0,45.0,48.42,20.0,8.0,5.0,1.5
2022-06-02,0.0,10.486083,21.33,47.02847,9.416667,1.5225458,36.458332,27.191666,0.037958335,22.485415,234.85776,6.574478,26.28,28.0,17.2,0.0,0.1,0.2,8.0,27.0,38.0,54.39,25.0,12.0,5.0,1.2
2022-06-03,0.0,11.81075,24.63,36.62377,6.3541665,1.8181459,33.166668,26.862501,0.04475,20.914583,247.9398,6.674751,29.08,26.3,15.2,0.0,0.1,0.2,10.0,33.0,48.0,53.36,22.0,9.0,5.0,1.5
2022-06-04,0.0,12.691398,25.08,41.0258,6.477083,1.5494814,3.7916667,25.897917,0.040958334,21.629168,254.19737,6.816578,30.08,28.7,13.45,0.0,0.1,0.2,6.0,27.0,36.0,56.41,19.0,9.0,5.0,1.1
2022-06-05,0.0,8.485334,18.795,36.14907,4.8479166,1.8692211,1.5833334,27.564583,0.03770833,23.7875,248.71579,7.291702,28.35,30.85,15.25,0.0,0.1,0.2,4.0,19.0,25.0,70.62,17.0,7.0,5.0,0.5
2022-06-06,6.0,11.052497,22.47,36.02491,6.2374997,2.1373315,44.708332,28.241667,0.03675,25.262499,253.80406,7.612475,29.38,32.05,16.9,0.0,0.2,0.3,13.0,36.0,57.0,55.45,24.0,11.0,6.0,1.6
2022-06-07,13.0,11.11324,22.679998,34.635143,7.777083,2.305228,30.25,30.070833,0.035666667,24.727083,301.96497,7.211576,25.56,29.15,18.7,0.0,0.2,0.2,8.0,32.0,45.0,51.02,22.0,11.0,6.0,1.8
2022-06-08,17.0,14.254214,28.095,39.197914,9.48125,1.9500352,84.041664,29.324999,0.03375,25.883337,23.971426,7.415698,29.16,32.95,18.55,0.0,0.1,0.2,9.0,24.0,37.0,40.1,29.0,16.0,5.0,2.3
2022-06-09,10.0,12.498656,24.675001,40.646404,10.347917,2.240103,8.291667,31.108332,0.036041666,27.516668,46.54431,7.5933695,29.28,35.25,18.65,0.0,0.1,0.2,6.0,19.0,27.0,46.21,25.0,16.0,6.0,1.3
2022-06-10,3.0,8.890623,20.039999,27.46953,4.8729167,3.0615206,32.041668,32.820835,0.03533333,28.345833,76.16819,6.6230164,23.58,34.15,20.95,0.0,0.2,0.3,12.0,36.0,55.0,61.35,19.0,10.0,6.0,1.6
2022-06-11,4.0,9.22211,20.655,34.328865,10.04375,2.6543038,34.625,32.5125,0.036458332,28.12292,49.085705,7.685586,26.7,35.95,20.8,0.0,0.3,0.3,12.0,30.0,48.0,68.04,45.0,28.0,6.0,3.2
2022-06-12,6.0,11.016681,24.525,29.374365,7.472917,2.8887596,49.458332,32.649998,0.038541667,29.781248,7.230129,7.839725,28.81,37.8,20.7,0.0,0.1,0.2,4.0,26.0,32.0,80.44,28.0,13.0,6.0,1.0
2022-06-13,1.0,7.8826337,18.6,22.469582,4.78125,3.5925426,24.25,33.908333,0.039125,31.291664,255.74994,8.970388,27.9,40.1,21.55,0.0,0.1,0.2,8.0,39.0,50.0,64.92,35.0,17.0,6.0,1.4
2022-06-14,2.0,11.939663,24.914999,24.0262,5.4479165,3.878581,56.791668,33.649998,0.041708335,30.685417,78.22362,8.18086,26.32,38.8,22.0,0.0,0.2,0.3,13.0,54.0,74.0,43.27,64.0,30.0,6.0,3.6
2022-06-15,1.0,11.478889,23.685,27.475061,7.316667,3.5324485,63.333332,34.489582,0.036041666,29.529167,98.35071,8.031526,25.36,37.15,22.2,0.4,0.1,0.2,6.0,36.0,46.0,55.36,87.0,41.0,6.0,1.8
2022-06-16,1.0,12.238533,27.855001,33.18402,9.922916,3.0407019,86.458336,34.506252,0.037166666,30.264582,65.62554,8.28698,27.32,39.2,21.05,0.0,0.2,0.2,8.0,34.0,46.0,62.87,76.0,40.0,6.0,
2022-06-17,1.0,11.483967,23.654999,28.238031,7.5520835,3.547291,81.541664,33.385418,0.047541667,30.993753,178.35985,9.428859,26.98,39.75,21.35,0.0,0.1,0.2,6.0,28.0,37.0,59.71,55.0,33.0,6.0,1.5
2022-06-18,4.0,15.225853,29.64,21.651419,4.5583334,3.8458154,28.583334,33.814583,0.036875,23.83333,235.4232,7.777644,26.02,30.2,18.1,0.0,0.1,0.2,5.0,29.0,36.0,68.89,54.0,26.0,6.0,1.5
2022-06-19,1.0,18.458258,35.7,40.414307,8.197917,1.791248,22.041666,29.735418,0.035208333,22.470835,230.96056,6.464236,24.61,27.3,17.5,0.0,0.1,0.2,4.0,14.0,20.0,68.6,36.0,18.0,5.0,0.4
2022-06-20,0.0,14.451038,27.945,41.857655,7.9166665,1.6667508,54.041668,27.770834,0.036625,21.439583,223.97704,7.007877,27.78,27.65,14.4,0.0,0.1,0.2,7.0,23.0,34.0,59.67,34.0,20.0,5.0,0.8
2022-06-21,0.0,12.770274,25.769999,32.19674,3.3416665,1.8397212,41.791668,27.206251,0.037875,19.164583,238.22983,5.4934874,20.12,22.8,14.35,0.2,0.1,0.2,6.0,23.0,31.0,72.06,18.0,9.0,5.0,0.8
2022-06-22,0.0,16.955147,31.214998,45.659878,6.6416664,1.251534,52.25,24.760416,0.034791667,19.199999,235.82867,5.5053067,24.36,23.75,14.85,1.8,0.1,0.2,7.0,19.0,30.0,61.33,18.0,8.0,5.0,0.7
2022-06-23,1.0,16.020777,31.38,54.276855,9.272917,1.0785137,50.541668,24.275,0.047374997,20.347916,241.58556,6.5427127,27.83,26.55,13.55,0.1,0.1,0.2,7.0,23.0,34.0,61.69,35.0,21.0,5.0,1.3
2022-06-24,1.0,13.445901,26.534998,44.424072,6.85,1.4849094,12.291667,26.245834,0.039708335,21.360415,241.45079,6.900337,25.81,27.95,15.25,0.0,0.1,0.2,6.0,22.0,32.0,63.55,24.0,14.0,6.0,0.9
2022-06-25,0.0,15.618648,30.044998,39.29002,6.1895833,1.6545116,38.916668,26.433334,0.035,21.597914,250.48714,7.258791,30.33,27.25,14.45,0.0,0.1,0.2,5.0,17.0,25.0,59.17,23.0,11.0,5.0,0.6
2022-06-26,0.0,12.200768,24.24,30.954924,2.0416667,1.925909,29.291666,27.545832,0.03354167,21.935417,23.857117,7.1601567,29.15,28.65,15.65,0.0,0.1,0.2,4.0,18.0,24.0,73.28,21.0,10.0,5.0,0.5
2022-06-27,1.0,13.485827,27.644999,35.19544,4.866667,1.835349,15.375,28.670832,0.0335,23.108335,12.619339,7.3851643,30.31,30.75,14.5,0.0,0.1,0.2,3.0,17.0,21.0,77.23,17.0,8.0,5.0,0.7
2022-06-28,2.0,10.145817,22.005,34.90922,4.5812497,2.1413403,0.0,29.418749,0.03883333,25.064583,252.66664,8.265283,30.4,31.75,16.7,0.0,0.1,0.2,4.0,20.0,26.0,81.16,25.0,12.0,6.0,0.7
2022-06-29,0.0,12.667377,24.914999,25.582193,2.8333333,2.557628,2.625,30.041666,0.0365,24.208336,274.4827,7.6239753,28.76,30.2,18.05,0.0,0.1,0.3,7.0,37.0,48.0,69.9,27.0,13.0,6.0,1.7
2022-06-30,1.0,12.853206,25.83,31.604265,5.0604167,2.1672294,58.583332,29.864584,0.035208333,24.043749,45.132664,7.2819624,29.93,32.35,15.1,0.0,0.1,0.2,6.0,22.0,31.0,64.45,18.0,8.0,6.0,1.0
2022-07-01,1.0,10.654045,23.279999,35.49666,6.9520836,2.2629945,3.25,30.539583,0.035749998,27.61042,100.75362,6.810392,28.01,34.45,19.9,0.0,0.1,0.2,4.0,23.0,29.0,77.92,,,6.0,0.8
2022-07-02,0.0,9.347722,20.744999,44.115078,12.1125,2.4251015,37.916668,33.181248,0.036291666,28.50625,223.25952,7.7244854,26.58,34.1,21.85,0.0,0.1,0.2,4.0,19.0,25.0,69.14,,,6.0,0.5
2022-07-03,0.0,12.0125885,24.734999,36.39499,10.697917,2.6365578,21.666666,33.297916,0.034958333,28.191666,252.24162,8.175345,30.01,34.35,21.2,0.0,0.1,0.2,3.0,17.0,22.0,71.76,,,6.0,0.5
2022-07-04,3.0,10.029141,20.865,26.843315,6.3916664,2.9599578,1.2083334,33.589584,0.03533333,28.595835,232.72957,8.830817,30.37,36.75,19.2,0.0,0.1,0.2,6.0,34.0,43.0,65.27,,,6.0,1.3
2022-07-05,1.0,11.853145,23.729998,23.906675,2.78125,3.360633,0.20833333,33.118748,0.036375,25.462502,39.466953,6.151341,24.83,29.4,19.5,6.0,0.1,0.2,5.0,34.0,42.0,71.11,,,6.0,1.5
2022-07-06,1.0,11.807094,25.32,47.301514,12.400001,1.7620306,18.166666,30.579168,0.066,25.116669,43.273445,8.255184,30.23,32.55,17.7,0.0,0.1,0.2,4.0,23.0,30.0,69.43,,,6.0,1.0
2022-07-07,1.0,16.149546,31.185,33.513622,5.0333333,2.4441483,0.25,31.324999,0.0365,26.710413,54.935883,7.740269,30.01,35.05,18.05,0.0,0.1,0.2,3.0,20.0,25.0,86.65,,,6.0,0.6
2022-07-08,2.0,10.429585,22.5,29.836699,6.241667,2.8060129,0.0,32.870834,0.035625,29.164583,63.35521,7.9471054,29.52,36.9,20.2,0.0,0.1,0.2,5.0,29.0,37.0,88.09,,,6.0,0.8
2022-07-09,1.0,9.498751,20.865,29.75595,7.9937496,3.2218735,1.25,35.002083,0.034958333,30.59167,350.38556,8.528748,29.78,38.55,21.2,0.0,0.1,0.2,5.0,30.0,37.0,97.16,,,6.0,1.2
2022-07-10,0.0,9.972038,21.435,24.106606,5.9541664,3.6394498,0.041666668,35.677082,0.036291666,30.599998,66.8245,7.581765,26.98,37.45,22.25,0.0,0.1,0.2,4.0,29.0,36.0,93.48,,,6.0,0.7
2022-07-11,0.0,9.73591,21.449999,24.093206,6.179167,3.589058,17.416666,35.666668,0.0335,30.977083,86.786285,8.060816,28.98,38.15,22.5,0.0,0.1,0.2,4.0,35.0,41.0,83.19,,,6.0,1.1
2022-07-12,1.0,8.570346,19.019999,24.08059,6.514583,3.7201746,13.166667,36.318752,0.035083335,32.3625,107.24158,7.3515368,28.16,39.9,23.2,0.0,0.1,0.2,4.0,32.0,38.0,97.79,,,6.0,1.0
2022-07-13,1.0,6.2724147,15.119999,20.674667,6.1145835,4.196342,24.5,37.45625,0.034125004,33.749996,45.85986,9.605096,28.99,41.3,24.5,0.0,0.1,0.3,7.0,50.0,61.0,94.68,,,6.0,1.7
2022-07-14,0.0,12.843102,25.980001,16.032816,2.64375,4.696033,2.125,37.945835,0.03375,32.756245,90.88001,9.815139,29.52,40.1,23.5,0.0,0.1,0.2,3.0,34.0,39.0,102.08,,,7.0,1.8
2022-07-15,0.0,12.385312,24.255,15.225234,1.7687501,4.452578,0.7083333,37.347916,0.032541666,32.54375,98.21267,8.850116,29.18,39.7,23.85,0.0,0.1,0.2,4.0,36.0,41.0,90.56,,,7.0,1.3
2022-07-16,1.0,10.060829,21.495,21.289885,6.2000003,4.1255646,2.375,37.727085,0.033,32.75,126.21271,8.770562,29.13,39.9,24.5,0.0,0.1,0.2,3.0,23.0,28.0,98.88,,,7.0,0.7
2022-07-17,0.0,10.333327,21.119999,19.479292,5.2833333,4.251269,0.75,37.545834,0.033,32.212498,168.27698,9.205339,27.77,40.3,24.05,0.0,0.1,0.2,3.0,25.0,29.0,94.19,,,7.0,1.4
2022-07-18,0.0,12.61303,26.61,21.977577,6.652083,4.0215797,8.583333,37.1375,0.03266667,29.445833,234.3584,9.415036,29.57,33.9,23.15,0.0,0.1,0.2,4.0,26.0,32.0,96.25,,,7.0,0.7
2022-07-19,1.0,15.421428,29.789999,24.250267,5.1,3.1564634,0.33333334,35.0625,0.032625,29.116669,34.172558,7.5349793,29.57,36.5,20.2,0.0,0.1,0.2,5.0,25.0,32.0,73.33,,,3.0,0.6
2022-07-20,0.0,7.4266458,16.949999,19.380316,1.7750001,3.5710504,0.0,34.818752,0.032625,30.327082,111.96387,7.941128,28.66,37.9,22.15,0.0,0.1,0.3,3.0,31.0,36.0,92.44,,,1.0,1.0
2022-07-21,0.0,9.911113,21.06,30.4582,8.927083,3.3798492,2.75,35.935417,0.032333333,31.13542,235.93272,8.678696,28.03,37.85,23.6,0.0,0.1,0.3,5.0,36.0,44.0,77.58,,,1.0,1.2
2022-07-22,0.0,11.944339,24.51,25.677925,7.633333,3.5605247,35.333332,36.079166,0.032,30.35208,257.3097,8.838789,29.39,38.55,20.7,0.0,0.1,0.2,5.0,33.0,40.0,75.4,,,1.0,1.0
2022-07-23,2.0,11.532027,23.055,24.116241,2.1104167,3.7589102,0.0,35.191666,0.032,31.116669,240.88686,9.777914,28.31,39.65,22.3,0.0,0.1,0.2,3.0,30.0,35.0,88.62,,,1.0,0.8
2022-07-24,1.0,14.262473,27.794998,16.064579,1.9729166,4.074747,19.916666,34.8625,0.032,30.925001,265.94452,9.291123,28.98,37.45,23.0,0.0,0.1,0.2,4.0,29.0,35.0,67.45,,,1.0,1.0
2022-07-25,0.0,12.275711,24.989998,20.133734,3.4624999,3.7459195,9.291667,34.358334,0.040958334,28.827087,345.41806,8.007011,27.76,36.05,20.7,0.0,0.1,0.2,3.0,22.0,27.0,76.42,,,1.0,0.5
2022-07-26,1.0,12.286317,25.544998,32.83797,9.010417,2.9556208,6.0833335,34.572918,0.034541667,28.702082,2.4261973,8.407103,27.93,35.5,20.95,0.0,0.1,0.2,4.0,24.0,30.0,67.38,,,1.0,0.8
2022-07-27,1.0,13.024739,26.445,32.147182,9.625,2.903433,2.2083333,35.056248,0.034,29.387499,266.8337,8.39659,28.33,35.75,21.95,0.0,0.1,0.2,4.0,22.0,28.0,71.88,,,1.0,0.5
2022-07-28,0.0,11.515298,23.64,25.171816,6.3562503,3.2508202,0.083333336,34.852085,0.03466667,29.889582,255.85762,8.465962,28.23,36.6,22.05,0.0,0.1,0.2,5.0,32.0,41.0,64.39,,,1.0,0.9
2022-07-29,,11.912006,24.224998,28.76985,7.69375,3.2802668,0.0,35.072918,0.034,29.097916,55.1274,7.438602,23.89,36.95,21.7,0.0,0.1,0.2,5.0,32.0,40.0,59.14,,,1.0,1.0
2022-07-30,1.0,11.916812,25.949999,33.867577,9.70625,2.9302177,14.958333,34.577084,0.033708334,29.791666,58.027485,6.5021667,25.59,36.05,23.2,0.0,0.1,0.2,3.0,15.0,19.0,61.68,,,1.0,0.3
2022-07-31,0.0,7.616196,17.595,41.47162,14.214583,2.7339413,15.541667,35.73125,0.03525,31.668753,52.54933,6.724897,25.24,38.3,24.0,0.0,0.1,0.2,3.0,21.0,25.0,77.05,,,1.0,1.6
2022-08-01,1.0,7.4221096,16.995,29.288864,10.1375,3.5624828,24.0,36.993748,0.036791667,30.366667,65.88134,6.174012,22.58,34.85,24.25,1.0,0.1,0.2,3.0,27.0,31.0,84.96,,,1.0,0.7
2022-08-02,0.0,7.437195,18.33,36.75179,12.98125,2.862855,36.583332,35.745834,0.035625,30.760416,51.04415,7.3480186,26.4,38.35,22.65,1.0,0.1,0.2,3.0,22.0,27.0,86.54,,,1.0,0.7
2022-08-03,1.0,9.303316,20.339998,30.486284,8.054167,3.455285,15.083333,36.514584,0.038833335,30.210417,94.25886,7.3339915,26.79,37.1,22.05,0.0,0.1,0.2,4.0,31.0,37.0,95.81,,,1.0,0.7
2022-08-04,,8.37452,19.17,26.444895,6.81875,3.4507933,8.875,35.720833,0.033625003,30.058334,164.61148,7.5460668,26.87,36.8,22.7,0.0,0.1,0.2,6.0,34.0,43.0,79.19,,,1.0,0.9
2022-08-05,,9.118657,20.175,27.658295,8.131249,3.29616,8.0,35.489582,0.033291668,29.983335,90.00002,7.4834995,26.44,36.6,22.8,0.0,0.1,0.2,4.0,32.0,38.0,84.44,,,1.0,0.9
2022-08-06,,9.858569,20.984999,28.201569,8.533334,3.260636,9.5,35.802082,0.033,30.06875,99.57986,7.5486393,27.04,36.45,22.75,0.0,0.1,0.2,3.0,27.0,32.0,85.59,,,1.0,0.8
2022-08-07,,8.696843,19.74,25.35482,6.2166667,3.4048226,2.0416667,35.797916,0.033,29.433334,160.34604,7.117065,26.26,36.65,21.05,0.0,0.1,0.2,3.0,20.0,25.0,82.66,,,1.0,0.4
2022-08-08,,7.8778973,18.135,27.178406,7.0499997,3.2639685,2.3333333,34.864582,0.032708336,30.289583,94.69482,7.4259825,25.87,37.5,22.45,0.0,0.1,0.2,4.0,33.0,40.0,73.75,,,1.0,0.7
2022-08-09,0.0,10.074977,21.045,27.323374,7.8770833,3.426441,22.25,35.625,0.032541666,30.183332,86.40336,7.441894,22.67,36.75,24.1,0.0,0.1,0.2,4.0,29.0,36.0,76.54,,,1.0,0.8
2022-08-10,4.0,12.2499075,25.979998,32.066288,10.458333,3.0442803,39.666668,35.56667,0.032500003,29.458336,76.19645,6.3890758,22.21,35.5,23.45,0.0,0.1,0.2,3.0,20.0,24.0,86.08,,,1.0,0.5
2022-08-11,0.0,8.160723,19.905,34.626278,11.575,2.8823974,18.416666,35.29375,0.030999998,30.239584,210.08083,7.1320276,25.61,36.95,22.5,0.0,0.1,0.2,4.0,25.0,31.0,81.43,,,1.0,0.5
2022-08-12,0.0,9.020724,19.335,30.590767,9.974999,3.2065246,8.875,35.21875,0.033999998,26.185417,188.02916,4.306186,7.82,29.95,22.25,3.1999998,0.1,0.2,5.0,32.0,40.0,67.15,,,1.0,0.8
2022-08-13,0.0,13.425719,26.295,41.427624,10.96875,1.9661617,69.291664,28.754166,0.035416666,24.9625,231.63486,7.284144,26.67,31.85,17.9,0.0,0.1,0.2,8.0,32.0,45.0,45.35,,,1.0,1.2
2022-08-14,0.0,12.888397,24.885,35.00981,5.7479167,2.326536,4.6666665,29.143751,0.040875,24.700003,241.89645,7.0911913,26.32,31.2,16.4,0.0,0.1,0.1,3.0,19.0,24.0,66.23,,,1.0,0.4
2022-08-15,2.0,10.368032,20.88,25.037338,2.8583333,2.5052598,2.4166667,29.9125,0.035166666,24.60833,240.7182,7.566639,25.32,29.3,18.9,0.0,0.1,0.2,3.0,19.0,23.0,85.33,,,1.0,0.4
2022-08-16,,15.699876,30.195,28.987717,4.9020834,2.2379782,23.166666,29.227083,0.033208333,21.627083,336.51306,5.453738,22.5,27.65,15.85,1.4,0.1,0.2,4.0,21.0,26.0,85.68,,,1.0,0.5
2022-08-17,,8.452584,19.44,40.211037,6.8854165,1.6053543,20.0,27.666666,0.039375,21.5625,34.19021,6.048723,25.43,29.35,14.55,0.0,0.1,0.1,3.0,17.0,21.0,62.9,6.0,4.0,1.0,0.8
2022-08-18,,11.114852,23.265,42.344303,6.9625,1.6838297,5.375,27.306252,0.043666665,23.441666,69.227646,6.0896053,25.89,30.95,15.6,0.0,0.1,0.1,3.0,15.0,19.0,73.33,5.0,4.0,1.0,1.3
2022-08-19,,7.61902,17.58,38.55961,7.05625,2.047347,0.0,29.143751,0.03658333,26.177084,352.17096,6.839429,25.45,34.3,17.35,0.0,0.1,0.2,3.0,24.0,29.0,82.24,8.0,5.0,1.0,1.1
2022-08-20,,9.809506,20.144999,31.953384,6.4979167,2.6430357,0.0,31.114584,0.033000004,28.591667,295.57523,7.3159385,25.2,36.65,18.6,0.0,0.2,0.2,4.0,27.0,33.0,78.65,11.0,7.0,1.0,1.7
2022-08-21,,9.589532,20.355,24.07728,4.8562503,3.250368,12.375,32.433334,0.033833336,28.304169,47.074173,7.230777,24.03,35.85,20.65,0.0,0.2,0.2,9.0,37.0,50.0,67.05,15.0,11.0,1.0,2.7
2022-08-22,,12.788207,25.574999,34.087532,9.935416,2.7496758,23.916666,32.902084,0.034625,28.47083,37.3667,6.9829516,23.42,36.7,20.4,0.0,0.1,0.1,4.0,22.0,27.0,53.83,11.0,7.0,1.0,1.1
2022-08-23,,11.269153,23.099998,37.806587,11.15625,2.7529228,15.041667,33.535416,0.0345,29.0875,112.8046,6.6338773,22.99,36.2,22.1,0.0,0.1,0.1,5.0,24.0,32.0,58.94,16.0,11.0,1.0,1.0
2022-08-24,,8.438988,19.275,30.511885,8.604167,2.9939203,55.25,33.422916,0.032500003,27.806246,7.759728,6.478051,22.67,33.95,20.9,0.0,0.2,0.2,8.0,37.0,49.0,56.8,25.0,16.0,1.0,3.6
2022-08-25,,11.801513,24.674997,37.061428,10.497916,2.5454118,20.875,33.295834,0.033708334,25.458334,38.876564,6.1337204,21.42,31.0,19.55,0.1,0.1,0.1,4.0,25.0,31.0,71.36,23.0,14.0,1.0,2.2
2022-08-26,,13.32206,26.685,47.156387,12.341667,1.8441602,40.0,30.891668,0.036374997,25.014582,64.2714,5.0412483,21.58,30.55,18.55,0.1,0.1,0.1,3.0,16.0,20.0,72.88,16.0,13.0,1.0,0.9
2022-08-27,,6.629539,16.574999,45.63264,11.389584,1.9150343,35.333332,30.520834,0.037499998,27.050001,94.398636,6.3192587,22.24,34.25,19.6,0.0,0.1,0.1,3.0,23.0,28.0,70.34,20.0,13.0,1.0,1.3
2022-08-28,,13.044724,24.72,44.697144,12.310417,2.309765,22.958334,31.704168,0.03595833,26.235413,218.87305,5.8476233,18.37,32.15,20.9,6.4999995,0.1,0.1,2.0,16.0,19.0,77.87,22.0,15.0,1.0,0.8
2022-08-29,1.0,12.794599,26.550001,48.236073,13.172916,1.9294943,43.791668,30.929167,0.046875,27.485415,230.50702,7.1081104,23.86,34.45,20.4,0.0,0.1,0.1,4.0,24.0,30.0,60.8,30.0,19.0,1.0,1.1
2022-08-30,1.0,11.599636,22.605001,29.084024,6.9833336,2.7838154,26.708334,31.527084,0.035083335,26.2875,233.69148,7.623083,24.0,31.2,20.0,0.0,0.1,0.1,9.0,40.0,53.0,57.05,22.0,9.0,1.0,3.0
2022-08-31,1.0,14.535446,27.705,27.217703,4.7833333,2.553301,2.0833333,30.939583,0.03175,24.80625,255.52087,6.661651,23.88,31.8,17.05,0.0,0.1,0.1,5.0,25.0,32.0,81.58,15.0,6.0,1.0,1.1
2022-09-01,0.0,10.550807,21.269999,29.686316,4.63125,2.423913,35.041668,29.610418,0.033375,24.05625,239.11255,6.8354316,22.63,29.5,17.5,0.0,0.1,0.2,5.0,37.0,45.0,64.19,17.0,9.0,1.0,2.3
2022-09-02,0.0,14.003762,26.61,34.040344,6.1124997,2.0682085,53.541668,28.418749,0.035583332,22.902082,237.74866,6.173538,22.48,28.15,16.95,0.0,0.1,0.3,6.0,25.0,35.0,63.79,13.0,7.0,1.0,2.3
2022-09-03,1.0,12.560557,24.705,39.097797,7.56875,1.7914696,37.208332,27.935417,0.0345,22.454165,242.05766,6.2272925,23.08,28.5,15.0,0.0,0.1,0.2,4.0,18.0,23.0,68.78,12.0,6.0,1.0,0.9
2022-09-04,0.0,11.22774,22.68,32.7751,4.4479165,1.9313859,34.625,26.772917,0.03754167,21.975,239.92807,6.08986,23.11,28.3,15.0,0.0,0.1,0.3,4.0,23.0,29.0,67.51,14.0,7.0,1.0,0.7
2022-09-05,0.0,12.066909,23.205,36.724113,5.8125,1.8056847,7.4583335,26.014582,0.03708333,22.164583,240.75551,6.043938,22.64,28.4,15.8,0.0,0.1,0.3,10.0,32.0,48.0,53.54,17.0,9.0,1.0,1.5
2022-09-06,0.0,14.209472,26.849998,45.97816,9.114583,1.5800434,3.5833333,26.379166,0.033666667,21.183336,251.09431,5.505536,20.92,26.6,14.15,0.2,0.1,0.3,9.0,26.0,40.0,49.5,12.0,5.0,1.0,1.3
2022-09-07,0.0,11.0508995,22.199999,37.962097,5.4812503,1.6679815,69.791664,25.289583,0.035666667,22.527082,245.8776,4.783425,18.19,29.05,17.05,2.5,0.1,0.3,8.0,28.0,39.0,60.47,15.0,6.0,1.0,1.3
2022-09-08,0.0,9.979757,21.285,53.284557,11.841667,1.44701,79.666664,27.072916,0.031041667,24.666664,258.60004,5.1971393,21.7,31.4,18.05,0.0,0.1,0.3,6.0,24.0,34.0,50.68,14.0,8.0,1.0,1.4
2022-09-09,0.0,7.792769,17.115,48.051563,11.693749,1.8345653,30.541666,29.4625,0.011708333,26.191668,344.00632,6.1423764,21.79,33.35,18.55,0.0,0.1,0.3,8.0,28.0,39.0,47.08,13.0,7.0,1.0,1.3
2022-09-10,0.0,9.76789,19.635,34.40418,8.681251,2.4491763,2.0833333,30.279167,0.011,27.639582,197.14288,6.1864357,21.76,34.8,19.5,0.0,0.1,0.3,6.0,27.0,37.0,56.36,12.0,5.0,1.0,1.0
2022-09-11,0.0,8.903858,19.019999,31.483969,7.960417,2.808256,25.458334,31.072916,0.01,26.14583,169.06775,4.680469,13.44,30.0,21.9,2.1,0.3,0.4,17.0,43.0,69.0,47.75,27.0,14.0,1.0,2.3
2022-09-12,0.0,11.082934,25.365,39.991093,10.977084,2.060603,98.125,29.285416,0.023333333,22.183332,194.86487,4.9395556,13.46,27.2,17.75,5.5999994,0.1,0.3,9.0,35.0,49.0,44.92,32.0,16.0,1.0,1.7
2022-09-13,0.0,20.040108,39.495,57.944935,12.1375,1.1631838,80.25,25.4125,0.06358334,18.664583,232.65414,2.8904347,13.38,22.15,15.8,0.8,0.1,0.2,7.0,20.0,30.0,50.36,22.0,15.0,1.0,0.7
2022-09-14,0.0,10.664981,20.955,70.86489,12.837501,0.68760395,81.666664,22.237501,0.106916666,18.695831,231.2888,2.7399929,14.64,23.3,15.9,26.9,0.1,0.3,8.0,28.0,41.0,48.28,10.0,8.0,1.0,1.0
2022-09-15,0.0,5.634863,14.61,81.11143,15.21875,0.44674313,73.791664,22.0875,0.24129166,20.110418,13.038644,3.684832,19.78,25.8,15.0,0.0,0.1,0.3,7.0,29.0,40.0,45.85,12.0,10.0,1.0,1.3
2022-09-16,0.0,6.347284,13.41,69.12301,13.741666,0.8608292,6.8333335,22.68125,0.13745834,21.024998,40.314034,4.481587,20.61,27.4,14.75,0.0,0.1,0.3,9.0,33.0,46.0,45.37,10.0,7.0,1.0,1.7
2022-09-17,1.0,9.5048275,19.214998,49.84165,9.33125,1.3822193,35.708332,23.289583,0.09391666,22.170832,58.70339,4.326007,16.82,28.8,16.55,0.1,0.1,0.3,4.0,28.0,33.0,64.91,3.0,2.0,1.0,1.2
2022-09-18,0.0,9.943665,19.289999,53.143543,11.85625,1.3839003,87.333336,25.041666,0.055166665,20.8125,47.50636,2.8102129,14.08,25.45,16.85,7.4,0.1,0.2,3.0,20.0,25.0,67.1,20.0,17.0,1.0,0.5
2022-09-19,1.0,5.336099,13.619999,72.45425,15.235416,0.72829866,77.541664,23.90625,0.08079167,21.86875,73.412605,4.008999,19.25,27.95,16.75,14.0,0.1,0.3,3.0,23.0,28.0,64.75,36.0,33.0,1.0,1.1
2022-09-20,0.0,6.695795,14.91,62.440674,13.533333,1.1437166,34.333332,26.00625,0.11820834,21.443748,315.3793,4.0693297,18.24,28.55,15.35,1.6,0.2,0.3,5.0,34.0,42.0,61.7,19.0,15.0,1.0,1.9
2022-09-21,1.0,8.1000395,17.355,53.132107,10.889584,1.2851179,8.583333,25.387499,0.047916666,21.766668,264.92795,4.472153,18.03,28.25,14.75,0.0,0.2,0.3,7.0,41.0,52.0,54.41,16.0,10.0,1.0,3.5
2022-09-22,0.0,8.806481,18.045,50.928814,10.335417,1.4589189,24.166666,26.339584,0.036,22.143751,236.02673,4.8692746,18.4,27.6,16.0,0.0,0.1,0.3,6.0,40.0,50.0,54.6,14.0,9.0,1.0,2.6
2022-09-23,0.0,10.163901,20.01,44.356503,7.933333,1.6223668,73.0,26.008333,0.03375,20.539583,313.4568,4.8468804,18.08,25.85,15.75,0.0,0.1,0.3,5.0,32.0,39.0,59.59,12.0,9.0,1.0,1.1
2022-09-24,4.0,11.770156,23.13,42.27805,6.616667,1.4444628,56.375,25.145834,0.023999998,16.670834,39.01291,4.546318,16.45,22.1,11.1,0.0,0.1,0.3,3.0,28.0,33.0,59.98,9.0,5.0,1.0,1.1
2022-09-25,1.0,16.526407,31.034998,44.12071,3.3500001,1.1452724,56.375,21.139584,0.02,16.664585,18.590454,4.695652,18.84,23.6,10.4,0.1,0.1,0.2,1.0,9.0,11.0,62.98,3.0,2.0,1.0,0.2
2022-09-26,1.0,11.984769,24.449999,40.883213,2.3,1.2233323,23.416666,21.591667,0.017083334,16.870832,306.8334,4.030072,19.12,24.6,9.5,0.0,0.1,0.2,3.0,19.0,23.0,65.14,7.0,4.0,1.0,0.6
2022-09-27,0.0,6.317143,15.389999,41.724712,3.2416668,1.2579645,19.208334,21.481249,0.021499999,17.781252,300.1071,3.9805346,16.01,23.65,10.7,0.0,0.2,0.3,17.0,38.0,64.0,37.94,13.0,7.0,1.0,2.4
2022-09-28,2.0,10.843036,21.045,46.70325,5.629167,1.1794757,59.291668,20.772917,0.0115,14.939583,270.54733,2.4523506,8.17,17.95,12.8,2.1,0.1,0.3,17.0,36.0,62.0,37.09,12.0,5.0,1.0,3.0
2022-09-29,0.0,14.24474,26.79,62.29678,7.2708335,0.6372745,73.5,17.68125,0.0082083335,14.006249,9.95633,3.5104463,17.72,20.75,7.3,0.0,0.1,0.3,6.0,26.0,34.0,47.98,8.0,4.0,1.0,1.1
2022-09-30,0.0,8.93467,18.675,56.22162,4.09375,0.8411226,25.625,17.008333,0.05183333,15.943751,129.66776,3.298049,18.31,23.4,7.8,0.0,0.1,0.3,8.0,25.0,38.0,49.37,7.0,4.0,1.0,1.5
2022-10-01,1.0,4.5014515,10.86,47.494446,3.8458335,1.1352137,28.833334,19.145834,0.042250004,18.845835,38.76395,4.23635,18.72,28.15,9.65,0.0,0.2,0.4,17.0,47.0,73.0,36.53,13.0,7.0,1.0,2.1
2022-10-02,0.0,7.684252,15.704999,36.67064,1.2708334,1.6484398,19.125,21.514582,0.03,19.585417,322.125,4.0550866,14.44,28.7,12.1,0.0,0.4,0.4,21.0,47.0,79.0,47.41,16.0,10.0,1.0,2.1
2022-10-03,1.0,8.6846695,17.115,33.772297,2.6395833,1.6680502,68.833336,22.302084,0.023,21.962503,9.352883,4.0413594,17.77,30.35,14.05,0.0,0.2,0.4,13.0,56.0,76.0,39.21,21.0,10.0,1.0,2.8
2022-10-04,2.0,5.231011,12.345,31.31471,3.3604167,2.0041683,6.875,24.722916,0.012625,21.00625,58.25287,3.9372723,17.48,27.9,13.3,0.0,0.4,0.6,49.0,80.0,155.0,25.22,47.0,22.0,1.0,
2022-10-05,1.0,6.900322,14.82,42.757854,7.2708335,1.5627977,1.375,24.389582,0.008125001,20.893751,80.42585,3.8114815,16.96,26.7,14.8,0.0,0.2,0.4,19.0,55.0,84.0,37.08,51.0,23.0,1.0,3.3
2022-10-06,2.0,8.813838,19.14,53.557724,9.708333,1.2889282,25.166666,24.889582,0.0049166665,19.15,90.34515,2.815973,14.95,23.95,13.35,0.0,0.1,0.3,6.0,32.0,42.0,46.97,24.0,12.0,1.0,2.3
2022-10-07,1.0,4.125051,10.32,57.757023,9.849999,1.0324625,62.291668,22.99375,0.0065,19.195833,28.939898,3.5455096,15.7,25.4,12.65,0.0,0.2,0.4,19.0,46.0,75.0,42.85,23.0,11.0,1.0,3.0
2022-10-08,2.0,8.130974,16.5,54.176327,8.710417,1.1632663,21.208334,22.908333,0.0025000002,18.983332,67.05106,2.9267652,15.26,23.8,14.0,0.0,0.1,0.3,5.0,30.0,37.0,44.86,23.0,11.0,1.0,1.6
2022-10-09,1.0,6.871922,14.864999,62.88155,11.072917,0.91721267,45.625,23.074999,0.0015000001,17.183332,77.66092,2.1153946,10.11,21.15,14.15,0.7,0.1,0.2,4.0,22.0,28.0,58.24,23.0,11.0,1.0,0.7
2022-10-10,2.0,7.306934,15.75,71.05692,11.429166,0.5943735,94.791664,20.095833,0.012499999,16.758333,45.719048,2.3451328,13.53,21.3,14.0,4.3,0.1,0.3,7.0,38.0,49.0,32.81,23.0,16.0,1.0,1.8
2022-10-11,0.0,8.258979,16.995,80.24699,13.056251,0.4141933,71.0,20.71875,0.033375,16.822918,39.081894,2.7016861,15.36,22.55,11.95,0.1,0.1,0.3,5.0,30.0,37.0,38.8,19.0,15.0,1.0,1.4
2022-10-12,0.0,6.132831,12.735,73.314476,11.566667,0.6086159,15.0,19.55625,0.118708335,17.368752,356.26874,2.7880213,15.32,23.75,11.45,0.0,0.1,0.2,3.0,23.0,27.0,44.79,12.0,7.0,1.0,0.8
2022-10-13,4.0,5.464812,12.375,66.91452,10.629167,0.759902,50.333332,19.497915,0.1,18.079166,295.0674,3.0570238,15.75,26.15,11.15,0.0,0.1,0.3,10.0,42.0,58.0,33.15,14.0,7.0,1.0,2.1
2022-10-14,0.0,5.383884,11.325,60.70586,9.766666,0.98870087,20.375,19.620832,0.07625,18.99375,251.09909,3.4520884,15.51,26.55,10.55,0.0,0.2,0.4,25.0,59.0,98.0,23.69,22.0,13.0,1.0,4.0
2022-10-15,0.0,7.263916,14.264999,52.9507,8.0625,1.2059911,5.75,19.802084,0.05525,19.010418,197.15929,2.9987001,13.18,25.85,12.4,0.0,0.2,0.4,16.0,46.0,71.0,38.76,19.0,11.0,1.0,2.8
2022-10-16,0.0,7.5639286,16.484999,52.444412,8.572917,1.1740066,71.291664,20.175001,0.045208335,18.999998,164.6907,2.9631028,13.44,25.65,12.6,1.4000001,0.2,0.3,10.0,43.0,58.0,40.1,24.0,12.0,1.0,1.8
2022-10-17,0.0,6.944465,15.105,66.97529,11.677083,0.8512276,34.166668,20.833334,0.055916667,20.314585,166.87537,3.1492984,13.94,28.35,14.0,0.0,0.1,0.3,7.0,37.0,48.0,28.28,23.0,15.0,1.0,2.0
2022-10-18,3.0,7.497848,15.509999,58.740818,11.189583,1.1812712,60.958332,21.302084,0.048875,19.989582,201.05096,3.511713,9.03,25.75,15.85,1.0,0.2,0.4,14.0,46.0,67.0,24.54,29.0,14.0,1.0,3.9
2022-10-19,2.0,15.73745,31.664999,53.571163,9.533334,1.1463654,96.958336,20.464582,0.046,17.162502,190.67174,2.3812127,5.39,21.5,13.85,7.0999994,0.2,0.4,21.0,41.0,72.0,26.44,39.0,18.0,1.0,3.4
2022-10-20,0.0,18.124603,34.335,68.630775,10.76875,0.63976425,99.958336,18.21875,0.074875,15.15625,213.48776,1.2623955,6.15,17.85,13.6,2.9,0.1,0.2,5.0,28.0,36.0,40.49,14.0,9.0,1.0,0.9
2022-10-21,0.0,14.112781,27.585,85.639305,12.662499,0.25658473,98.916664,16.835417,0.11145833,15.527083,201.4478,1.726402,9.62,21.55,11.7,9.8,0.1,0.2,7.0,28.0,38.0,34.49,13.0,11.0,1.0,0.7
2022-10-22,0.0,10.483057,23.099998,85.90908,13.114583,0.28719214,76.791664,17.039583,0.22770834,15.697915,214.28691,1.7096704,8.74,17.65,14.05,6.0,0.1,0.2,4.0,19.0,25.0,41.29,11.0,9.0,1.0,0.4
2022-10-23,0.0,16.994814,32.55,81.37121,12.349999,0.33886948,97.375,16.341667,0.28125,14.422916,228.86081,1.4928442,8.43,18.55,10.55,0.0,0.1,0.2,3.0,16.0,20.0,41.9,12.0,11.0,1.0,0.3
2022-10-24,0.0,7.1295547,13.95,82.455246,11.204166,0.32245338,91.75,15.722917,0.27475,16.377083,252.3634,2.5506716,12.1,24.0,11.75,0.0,0.1,0.3,13.0,36.0,56.0,23.24,9.0,6.0,1.0,1.8
2022-10-25,0.0,8.158473,16.32,72.04637,10.712501,0.642402,85.916664,16.383333,0.23900001,16.377085,158.0394,1.9580607,11.23,21.35,12.45,0.4,0.1,0.3,12.0,42.0,61.0,23.39,12.0,5.0,1.0,2.6
2022-10-26,1.0,5.054484,11.235,73.261955,11.204166,0.5478726,68.416664,16.770834,0.20529167,17.83125,59.90834,2.4727626,11.13,25.15,12.9,0.0,0.2,0.4,34.0,59.0,111.0,12.1,24.0,14.0,1.0,4.9
2022-10-27,2.0,6.8767905,13.185,60.637432,9.837501,0.9010008,98.375,17.4125,0.16900001,17.614584,66.75896,2.173794,9.32,23.85,12.9,0.0,0.2,0.4,28.0,53.0,95.0,14.08,26.0,15.0,1.0,
2022-10-28,2.0,7.0969625,11.985,57.95428,9.068749,0.905426,97.833336,16.958334,0.13808332,17.395832,83.015785,2.6140938,12.23,24.5,12.55,0.0,0.2,0.5,25.0,56.0,95.0,19.36,30.0,17.0,1.0,6.0
2022-10-29,7.0,7.197333,13.23,57.892746,8.5125,0.9139569,98.791664,17.129168,0.117000006,15.327085,181.30197,1.7744374,8.7,19.7,11.7,0.0,0.1,0.3,3.0,36.0,40.0,48.13,20.0,12.0,1.0,1.6
2022-10-30,1.0,5.5708747,11.37,69.82348,9.260417,0.5487973,68.666664,15.933333,0.100375,13.089584,243.11313,0.778664,3.5,16.7,10.15,0.90000004,0.1,0.3,5.0,35.0,43.0,31.68,21.0,14.0,1.0,1.2
2022-10-31,2.0,6.4389653,11.82,84.37746,10.510417,0.25455132,85.125,13.514584,0.09683334,14.020833,268.9358,1.3819671,8.05,19.15,10.2,0.4,0.1,0.3,8.0,39.0,51.0,17.06,21.0,15.0,1.0,1.6
2022-11-01,0.0,6.009065,12.2699995,85.06845,11.21875,0.27662805,51.291668,15.170834,0.26558334,13.470833,358.1672,2.003486,12.4,20.5,8.2,0.0,0.1,0.3,7.0,34.0,45.0,28.46,12.0,9.0,1.0,1.0
2022-11-02,3.0,5.7573566,11.145,77.679924,9.464583,0.42610964,72.041664,14.65625,0.23620833,13.714584,233.74277,1.4273815,5.21,16.35,12.35,2.6,0.2,0.4,15.0,41.0,64.0,28.33,12.0,7.0,1.0,2.1
2022-11-03,1.0,14.747212,25.949999,77.671326,9.54375,0.36792275,96.291664,13.997917,0.237875,11.608333,315.14655,1.8055674,11.54,15.9,7.45,0.0,0.1,0.3,23.0,44.0,79.0,26.96,12.0,8.0,1.0,
2022-11-04,3.0,6.927834,13.665,67.623566,4.914583,0.4759729,77.791664,12.90625,0.23345834,9.304167,5.0131583,1.8648995,12.74,15.9,3.5,0.0,0.1,0.3,9.0,35.0,49.0,34.29,5.0,3.0,1.0,1.4
2022-11-05,1.0,4.7289796,9.675,68.74633,3.5354166,0.42470255,0.5,10.7375,0.21158333,10.358334,242.75832,1.9632345,12.38,18.5,4.4,0.0,0.2,0.4,23.0,45.0,80.0,29.33,13.0,8.0,2.0,1.8
2022-11-06,21.0,5.1209874,9.749999,68.87588,4.4354167,0.47258508,37.416668,10.287499,0.197125,10.993751,272.2724,1.8077896,11.84,18.1,5.5,0.0,0.1,0.4,12.0,41.0,60.0,25.66,17.0,11.0,2.0,1.6
2022-11-07,8.0,5.351806,10.799999,78.03663,7.1687503,0.34846735,81.791664,11.679166,0.17420833,12.218751,214.47115,1.0899979,5.58,16.25,7.95,0.6,0.2,0.5,26.0,56.0,96.0,12.05,19.0,13.0,2.0,3.2
2022-11-08,0.0,10.343133,19.08,83.686745,9.525001,0.25541246,88.625,12.15625,0.166125,12.814584,236.94801,1.0198177,6.04,16.15,9.5,4.8999996,0.1,0.4,22.0,53.0,86.0,11.46,18.0,11.0,2.0,2.9
2022-11-09,0.0,9.438184,17.804998,87.012856,10.2625,0.2040997,56.916668,13.51875,0.19595833,10.668751,27.043741,1.7616799,11.74,16.7,5.4,0.0,0.1,0.3,11.0,32.0,49.0,29.36,8.0,6.0,1.0,1.0
2022-11-10,0.0,6.6041393,12.240001,76.44155,6.254167,0.36997247,2.625,11.58125,0.20458333,10.05,43.14416,1.2302201,7.57,15.75,5.8,2.1000001,0.2,0.5,28.0,50.0,93.0,17.53,12.0,8.0,2.0,2.7
2022-11-11,2.0,10.357188,20.07,81.423805,6.960417,0.25301144,52.541668,10.764584,0.20133333,12.368752,54.07409,1.4441997,8.36,20.9,9.45,8.200001,0.1,0.3,9.0,36.0,49.0,27.06,9.0,6.0,1.0,1.5
2022-11-12,3.0,11.370992,25.964998,83.89332,9.558333,0.27636626,76.041664,12.59375,0.27604166,12.304166,20.508152,1.3077095,8.25,17.9,8.5,0.1,0.1,0.2,4.0,31.0,37.0,41.86,12.0,7.0,1.0,0.6
2022-11-13,1.0,6.10697,11.985,83.70601,9.39375,0.2684519,71.958336,13.056251,0.25083333,11.627083,228.30591,0.84753585,4.49,15.65,8.3,0.3,0.1,0.3,12.0,39.0,57.0,32.32,15.0,9.0,1.0,1.1
2022-11-14,1.0,12.683087,22.019999,88.66677,9.993751,0.1729864,86.0,11.814583,0.23729168,13.524998,231.21979,1.0648824,5.21,15.9,12.2,2.0,0.1,0.3,22.0,43.0,76.0,17.71,19.0,12.0,1.0,1.9
2022-11-15,0.0,20.508614,36.66,86.67294,11.3625,0.21711612,99.875,13.533333,0.23766667,12.452085,239.42757,0.81614196,5.28,13.8,10.95,2.6000001,0.1,0.2,8.0,25.0,37.0,40.39,10.0,5.0,1.0,0.6
2022-11-16,2.0,20.080675,35.175,90.6316,10.877083,0.13700773,99.708336,13.064583,0.294125,14.243749,239.32959,1.1007926,6.22,17.75,12.15,0.70000005,0.1,0.2,9.0,26.0,40.0,37.7,8.0,4.0,1.0,0.6
2022-11-17,3.0,21.59704,38.28,88.975716,12.235416,0.1928004,76.833336,14.097917,0.294875,10.447917,280.20258,1.4829067,8.05,13.15,7.7,0.6,0.1,0.2,9.0,23.0,37.0,37.58,13.0,9.0,1.0,0.5
2022-11-18,18.0,14.624633,26.549997,75.429504,5.6124997,0.31316543,58.416668,11.8125,0.27004167,7.737499,287.65018,1.6455302,8.15,11.15,5.15,0.0,0.1,0.3,8.0,29.0,41.0,41.37,11.0,4.0,1.0,0.8
2022-11-19,3.0,14.160346,25.38,65.45685,1.4854168,0.38142475,79.125,9.193749,0.24354166,10.093751,257.77795,1.378047,7.43,15.0,6.65,0.0,0.1,0.2,3.0,23.0,28.0,54.19,9.0,5.0,1.0,0.3
2022-11-20,2.0,14.922539,26.324999,79.62635,6.9249997,0.2674933,88.75,10.566667,0.22000001,11.452083,246.27078,0.7452091,2.46,13.3,7.55,7.4,0.1,0.2,5.0,24.0,31.0,39.7,9.0,4.0,1.0,0.3
2022-11-21,0.0,23.136215,42.795,84.3006,8.354167,0.19211328,80.583336,11.402083,0.26558334,7.566667,242.84521,0.7988238,2.25,11.8,4.35,3.4,0.1,0.2,7.0,21.0,31.0,45.89,7.0,3.0,1.0,0.8
2022-11-22,9.0,20.020384,34.71,82.25311,5.2208333,0.18291222,95.958336,8.685416,0.2785,13.204165,241.47928,0.70775473,4.58,15.3,11.05,1.2,0.1,0.2,9.0,27.0,41.0,46.77,7.0,4.0,1.0,1.0
2022-11-23,15.0,20.498728,36.69,93.13434,12.035417,0.10840685,81.583336,12.522916,0.27733335,12.345833,226.36789,0.7386966,4.15,15.45,9.8,0.70000005,0.1,0.2,8.0,24.0,37.0,34.84,14.0,7.0,1.0,0.5
2022-11-24,2.0,14.883021,27.045,90.17166,10.827084,0.15060556,93.0,12.241666,0.27283335,11.241666,295.2828,1.403647,8.61,13.65,5.95,0.1,0.1,0.3,11.0,33.0,49.0,30.36,15.0,6.0,2.0,1.0
2022-11-25,47.0,10.293916,19.125,73.30813,5.620833,0.35588124,56.125,11.741666,0.26158333,6.945833,47.65217,1.2961874,10.1,12.55,3.35,0.0,0.1,0.3,5.0,35.0,43.0,40.12,9.0,4.0,2.0,1.2
2022-11-26,2.0,5.827926,10.65,75.315895,2.6666667,0.27627286,77.166664,8.349999,0.244,6.522917,345.06845,1.1734539,8.99,12.95,1.6,1.3,0.1,0.4,24.0,49.0,87.0,20.98,19.0,10.0,2.0,1.4
2022-11-27,1.0,6.4615903,12.0,79.2824,3.20625,0.24270384,97.25,7.4166665,0.23641665,8.374999,285.64005,1.563943,8.67,12.45,5.4,1.4000001,0.1,0.3,12.0,41.0,60.0,21.19,21.0,14.0,2.0,0.9
2022-11-28,4.0,15.007712,26.789999,69.72234,2.5958333,0.35293397,46.833332,8.474999,0.28591666,6.266667,341.0487,1.1712648,9.61,11.65,2.25,0.0,0.1,0.3,9.0,36.0,50.0,37.67,11.0,5.0,1.0,1.4
2022-11-29,6.0,5.601219,10.634999,77.95875,2.4604166,0.23916386,84.541664,7.15,0.25791666,6.9562497,72.34986,1.069755,8.63,10.9,1.95,0.0,0.2,0.5,48.0,58.0,132.0,18.25,25.0,11.0,2.0,2.5
2022-11-30,5.0,3.7740746,7.9199996,75.83925,2.875,0.26294696,79.75,7.402083,0.24533333,7.1583333,34.497334,1.4627441,9.81,12.25,3.4,0.0,0.2,0.5,54.0,67.0,150.0,7.86,30.0,16.0,2.0,3.2
2022-12-01,0.0,12.485675,21.854998,71.07485,1.7791667,0.32212088,15.375,7.570833,0.22866666,5.1958337,29.520136,1.0383608,7.35,9.55,2.6,0.0,0.1,0.3,9.0,44.0,58.0,23.71,15.0,8.0,2.0,2.9
2022-12-02,1.0,7.7886543,14.73,74.91125,1.025,0.23757249,59.0,6.558333,0.21287501,4.9374995,247.97684,0.9294645,7.56,10.15,0.95,2.7000003,0.2,0.4,21.0,43.0,75.0,25.41,18.0,11.0,2.0,2.4
2022-12-03,8.0,5.4560065,10.875,83.6816,2.3583333,0.16474779,67.041664,5.875,0.21008332,5.0770836,14.93148,0.43002757,3.1,7.5,2.5,6.4,0.3,0.5,33.0,54.0,105.0,6.75,26.0,19.0,2.0,4.6
2022-12-04,0.0,5.8030014,11.145,92.40241,3.6979167,0.06910462,73.875,6.0020833,0.247625,6.5833335,34.727226,0.34676045,2.05,10.0,2.95,8.7,0.2,0.4,19.0,42.0,71.0,11.42,22.0,18.0,2.0,2.0
2022-12-05,0.0,9.523049,17.144999,94.27656,6.2479167,0.060558725,93.291664,6.8770833,0.27658334,9.6125,35.277493,0.59861296,4.08,12.2,8.0,3.1,0.2,0.4,19.0,47.0,77.0,14.37,18.0,15.0,2.0,2.6
2022-12-06,1.0,4.629268,9.134999,92.400764,8.233334,0.09657881,86.791664,9.400001,0.32308334,8.429167,53.13005,0.5752269,4.08,11.9,5.5,0.6,0.2,0.4,17.0,44.0,71.0,14.1,30.0,16.0,2.0,3.0
2022-12-07,0.0,4.9799185,9.509999,93.80127,7.31875,0.07848144,87.416664,8.9875,0.299375,9.395834,173.91977,0.57920194,3.39,12.85,5.7,14.100001,0.3,0.5,36.0,52.0,107.0,7.57,35.0,20.0,2.0,4.3
2022-12-08,0.0,11.6949,22.964998,91.47314,8.34375,0.10675233,94.875,9.412499,0.3594167,9.202083,210.51515,0.41547105,2.24,11.7,7.65,9.7,0.1,0.3,6.0,35.0,43.0,25.93,11.0,8.0,2.0,1.3
2022-12-09,0.0,8.820277,18.375,93.83599,8.118751,0.075625084,88.958336,9.235416,0.39095834,8.78125,275.6019,1.0674583,7.56,12.5,6.35,4.2999997,0.1,0.3,11.0,40.0,57.0,26.32,9.0,6.0,2.0,1.4
2022-12-10,48.0,8.674356,16.125,85.47231,6.3312497,0.18432276,89.666664,9.320833,0.38904166,7.7520833,246.82693,0.5310775,2.84,8.9,6.65,18.5,0.1,0.3,5.0,21.0,29.0,,,,1.0,0.8
2022-12-11,2.0,10.190271,20.144999,88.96757,6.0437503,0.11729595,97.125,8.570833,0.40266666,11.558333,227.25735,0.5313389,2.31,14.55,8.4,7.2999997,0.1,0.2,3.0,23.0,27.0,36.2,,,1.0,0.3
2022-12-12,2.0,18.985998,33.93,94.142,11.05,0.090293385,100.0,10.902083,0.39545834,13.84375,227.04803,0.3703916,0.98,14.7,13.2,33.4,0.1,0.3,13.0,28.0,48.0,16.54,,,1.0,1.3
2022-12-13,0.0,17.519783,34.559998,92.87537,12.714583,0.11353978,97.375,12.900001,0.415125,11.997916,225.41739,0.6925858,3.91,13.95,10.5,10.3,0.1,0.2,12.0,34.0,53.0,28.86,17.0,15.0,2.0,1.4
2022-12-14,22.0,12.468114,24.96,91.85968,10.385417,0.116980396,94.708336,12.147916,0.40904164,9.377084,230.80023,0.7127052,5.0,10.9,7.4,1.5000001,0.1,0.3,14.0,43.0,64.0,30.21,5.0,3.0,2.0,2.0
2022-12-15,7.0,14.283412,25.964998,88.58196,7.2645836,0.13634992,76.25,10.166667,0.39787498,7.5541663,204.62357,0.46474895,2.93,9.9,5.5,1.3000001,0.1,0.3,11.0,34.0,52.0,39.32,8.0,4.0,1.0,1.4
2022-12-16,13.0,6.7146344,12.6449995,89.89579,6.0291667,0.11139939,79.0,8.808333,0.37600002,7.6062493,19.558306,0.6730586,5.09,11.9,4.65,0.0,0.1,0.3,14.0,45.0,67.0,22.68,13.0,7.0,2.0,1.9
2022-12-17,5.0,5.9278026,10.935,89.406746,5.7333336,0.12381228,61.583332,8.652083,0.35958335,7.13125,171.65616,0.55229676,3.9,10.35,4.95,0.1,0.1,0.3,9.0,40.0,54.0,19.5,16.0,11.0,2.0,1.6
2022-12-18,2.0,5.2887535,10.0199995,92.81281,5.929167,0.081585355,94.416664,8.289583,0.34975,5.5,45.91509,0.5898635,4.89,10.85,1.8,0.0,0.2,0.4,12.0,37.0,55.0,20.04,13.0,10.0,2.0,1.4
2022-12-19,1.0,5.388449,9.69,93.05549,4.3770833,0.0756497,96.25,6.4666667,0.3405,8.110415,181.31801,0.49467188,2.6,12.15,4.25,1.2,0.2,0.4,17.0,46.0,72.0,13.98,22.0,16.0,2.0,2.8
2022-12-20,4.0,10.844722,19.23,90.25988,7.0645833,0.11305106,97.833336,7.5520835,0.34858334,10.53125,239.83203,0.7329078,4.63,13.75,7.75,2.6,0.2,0.5,49.0,59.0,135.0,,23.0,16.0,2.0,4.7
2022-12-21,23.0,12.773442,22.695,91.2569,9.116667,0.123776406,95.125,9.837501,0.36741665,11.564584,238.60881,0.6744298,4.12,14.85,10.15,0.0,0.1,0.4,15.0,36.0,59.0,,11.0,6.0,2.0,2.1
2022-12-22,245.0,12.565038,22.11,92.40884,10.320833,0.114276566,96.291664,11.310417,0.349625,10.912501,230.44606,0.6032339,3.58,13.05,7.4,0.1,0.1,0.3,10.0,28.0,44.0,32.07,10.0,4.0,2.0,1.2
2022-12-23,61.0,10.063818,17.91,92.118904,9.318749,0.107633196,99.916664,11.083333,0.33929166,9.152083,197.44151,0.62023276,4.77,11.9,6.4,0.0,0.1,0.3,10.0,34.0,49.0,27.08,8.0,4.0,2.0,1.4
2022-12-24,3.0,4.8395505,10.365,92.45792,7.99375,0.094105214,70.75,9.835417,0.32775,9.233333,159.73209,1.0999268,8.5,14.7,5.35,0.0,0.1,0.4,10.0,37.0,53.0,21.47,15.0,10.0,2.0,1.3
2022-12-25,13.0,7.064858,13.514999,86.18725,6.9625,0.18970354,65.166664,9.264584,0.32195833,8.822917,184.1276,1.1439667,8.78,14.85,4.15,0.0,0.2,0.4,16.0,36.0,61.0,24.91,12.0,11.0,2.0,1.2
2022-12-26,36.0,5.712019,10.544999,81.81245,5.78125,0.23463476,32.541668,8.485416,0.31475,7.4562507,281.11307,1.1152937,8.93,13.75,2.8,0.0,0.2,0.5,24.0,53.0,90.0,14.98,12.0,13.0,2.0,2.2
2022-12-27,120.0,4.6191173,8.804999,88.089134,5.3895836,0.1521952,2.375,7.629167,0.30858335,7.081249,231.34013,1.1189991,8.93,13.2,2.15,0.0,0.2,0.5,49.0,60.0,136.0,6.87,15.0,15.0,3.0,3.9
2022-12-28,122.0,6.664286,12.57,87.581505,4.9958334,0.15552492,38.0,7.022917,0.29683334,9.320833,222.38297,0.5579315,2.72,11.55,6.7,2.6999998,0.2,0.5,33.0,52.0,103.0,9.73,14.0,15.0,2.0,4.1
2022-12-29,39.0,16.710926,29.144999,88.55665,7.835417,0.14074297,94.541664,8.970834,0.30975,10.835416,227.38028,1.2961495,6.04,13.7,7.4,0.0,0.1,0.3,11.0,35.0,52.0,26.54,13.0,12.0,2.0,1.2
2022-12-30,35.0,16.52728,30.0,76.35067,6.3583336,0.31164932,90.291664,10.208333,0.29033333,7.625,151.36317,1.1989411,9.14,13.05,2.55,0.0,0.1,0.3,9.0,28.0,42.0,41.88,18.0,7.0,2.0,0.6
2022-12-31,9.0,5.8029532,10.485,75.83734,3.3333333,0.29224312,31.5,7.8458333,0.278125,8.5375,124.60576,1.2666568,7.52,14.55,3.65,0.0,0.1,0.4,15.0,45.0,69.0,20.99,25.0,13.0,2.0,1.3
2023-01-01,13.0,6.412414,12.150001,65.04587,2.2916667,0.42812994,58.916668,7.741667,0.27233332,8.99375,172.91891,0.8521478,5.49,11.4,7.4,1.1,0.1,0.4,9.0,38.0,52.0,23.0,22.0,14.0,3.0,0.7
2023-01-02,101.0,5.1210313,10.23,84.62584,6.2833333,0.17757148,91.541664,9.179167,0.289375,7.027083,19.077187,1.04803,8.85,11.45,4.3,0.0,0.1,0.3,9.0,38.0,52.0,29.0,15.0,8.0,2.0,1.1
2023-01-03,49.0,6.039437,11.565,86.1311,4.4395833,0.15847632,21.625,8.114583,0.28816667,5.0125003,18.356888,1.06538,9.35,11.05,0.6,0.0,0.5,0.4,13.0,42.0,61.0,27.0,16.0,9.0,2.0,2.1
2023-01-04,41.0,5.082619,9.825,81.9042,1.9583334,0.18881638,0.9583333,6.0416665,0.2785,4.735417,25.2362,1.093777,9.35,10.9,0.8,0.0,0.7,0.5,24.0,52.0,88.0,21.0,18.0,10.0,3.0,3.3
2023-01-05,10.0,5.8739223,11.009999,78.928345,1.2208333,0.20802677,1.7916666,5.352083,0.27345833,3.564583,246.80133,1.0339212,9.59,9.8,-1.0,0.0,0.7,0.5,24.0,51.0,89.0,20.0,19.0,10.0,3.0,3.0
2023-01-06,8.0,5.2322183,9.419999,88.09132,1.5395833,0.112007834,0.083333336,4.3416667,0.26391664,5.1895833,213.77995,0.36979148,2.1,9.6,1.1,0.9000001,0.7,0.5,19.0,49.0,78.0,15.0,27.0,19.0,3.0,2.7
2023-01-07,27.0,9.667961,17.609999,91.94864,4.647917,0.08255006,89.375,5.039583,0.263375,11.070834,232.4706,0.6326263,3.31,13.25,9.15,13.4,0.7,0.5,17.0,49.0,76.0,14.0,30.0,23.0,2.0,1.9
2023-01-08,7.0,23.046247,42.72,91.40082,9.837501,0.117037274,100.0,9.764584,0.36245835,10.162499,276.49924,1.4402088,9.36,12.55,6.2,0.0,0.3,0.3,6.0,20.0,28.0,43.0,7.0,6.0,2.0,0.8
2023-01-09,282.0,12.650102,23.595,75.94152,5.266667,0.3007367,69.5,9.897917,0.33191666,5.7062497,249.70232,1.1490326,9.52,12.05,1.6,0.0,0.4,0.4,9.0,38.0,52.0,42.0,10.0,5.0,2.0,2.4
2023-01-10,19.0,5.861322,11.82,86.33942,3.5520833,0.14773718,13.916667,7.0916667,0.3065,6.945832,348.01248,0.50337416,3.42,9.65,4.25,0.2,0.6,0.4,22.0,53.0,87.0,16.0,22.0,12.0,3.0,3.1
2023-01-11,6.0,4.934442,10.38,94.571686,5.9437504,0.058985014,75.875,7.8333335,0.299625,4.5062494,323.78107,1.1121486,9.61,10.55,0.55,0.0,0.6,0.5,25.0,38.0,77.0,18.0,16.0,10.0,3.0,2.8
2023-01-12,28.0,5.8382683,11.384999,87.17214,2.3979166,0.12874378,61.291668,6.089583,0.28966668,4.991667,7.556311,0.87382025,7.28,9.9,1.95,0.0,0.8,0.6,45.0,56.0,126.0,11.0,23.0,13.0,3.0,5.5
2023-01-13,13.0,3.9702604,9.675,88.95672,3.2208335,0.11527852,81.083336,6.2208333,0.28295833,3.8895833,190.00787,0.8002567,7.28,9.35,-0.3,0.0,0.8,0.6,31.0,55.0,102.0,11.0,31.0,22.0,3.0,4.7
2023-01-14,11.0,5.00079,10.11,93.427704,2.9750001,0.064395525,94.833336,4.9125,0.27670833,6.122917,255.66449,0.8298859,6.01,10.95,2.95,0.1,1.1,0.6,66.0,55.0,157.0,8.0,39.0,29.0,3.0,4.8
2023-01-15,96.0,11.90507,21.179998,85.83474,3.6458333,0.14480619,64.583336,6.24375,0.2679583,6.127083,241.46063,0.8456905,2.63,9.5,1.75,0.2,0.5,0.4,7.0,25.0,36.0,35.0,15.0,11.0,2.0,1.3
2023-01-16,180.0,28.352333,47.969997,82.1036,3.7124999,0.17270143,99.75,6.089583,0.26883334,8.1375,257.48447,1.740189,9.14,10.55,3.95,2.3,0.3,0.3,6.0,19.0,29.0,51.0,8.0,4.0,2.0,0.9
2023-01-17,257.0,27.684263,49.89,72.193184,2.5895834,0.298337,67.375,8.185416,0.28566667,3.5479167,274.81805,1.5137905,8.34,6.9,1.2,0.1,0.4,0.3,6.0,21.0,30.0,63.0,7.0,3.0,3.0,1.2
2023-01-18,15.0,16.150526,30.0,64.523476,-2.7916667,0.28924587,65.625,4.9875,0.2731667,3.8041666,257.2799,1.2675271,6.81,8.3,0.85,0.1,0.6,0.3,6.0,28.0,37.0,56.0,7.0,3.0,3.0,1.9
2023-01-19,7.0,20.934,35.73,73.10244,-0.35625002,0.22974396,77.5,4.633333,0.25808334,9.210416,274.174,1.3859156,8.84,13.65,6.05,0.6,0.5,0.4,10.0,29.0,44.0,48.0,9.0,5.0,2.0,1.5
2023-01-20,45.0,11.623734,22.005,76.13886,4.983333,0.3083454,82.291664,8.791667,0.25229165,6.2708325,40.325783,1.5516973,10.45,10.15,2.65,2.0,0.4,0.4,10.0,40.0,56.0,40.0,11.0,7.0,2.0,2.3
2023-01-21,29.0,11.28323,20.999998,67.48815,-0.22708328,0.32104114,28.041666,7.4041667,0.2517917,2.4937503,11.823294,1.6701037,11.36,8.35,-2.4,0.0,0.5,0.3,5.0,32.0,40.0,43.0,11.0,8.0,2.0,1.6
2023-01-22,32.0,10.680827,21.074999,58.440475,-5.5604167,0.33587238,1.9583334,4.147917,0.22533333,1.9541668,1.1934574,1.4545095,10.76,8.3,-2.95,0.2,0.6,0.4,3.0,24.0,28.0,56.0,8.0,6.0,2.0,1.1
2023-01-23,28.0,10.409408,20.1,64.988625,-4.0645833,0.28060263,24.0,3.3208332,0.20829166,1.6729165,45.373005,1.0014005,6.38,5.65,-1.25,0.0,0.9,0.5,25.0,49.0,87.0,31.0,18.0,11.0,3.0,2.8
2023-01-24,7.0,11.626735,21.255,68.58764,-3.70625,0.22829054,59.25,2.46875,0.19891667,2.3291667,26.40337,1.423145,11.45,9.45,-2.1,0.0,0.8,0.4,8.0,33.0,45.0,32.0,12.0,9.0,2.0,1.8
2023-01-25,6.0,10.002748,18.42,67.74496,-3.2250001,0.27095535,24.125,3.0583334,0.19375001,4.2479167,345.39694,1.3624345,8.38,9.2,0.8,0.0,1.0,0.4,10.0,36.0,50.0,35.0,11.0,8.0,2.0,2.0
2023-01-26,12.0,10.717799,20.324999,68.649635,-1.3395834,0.2866328,57.541668,4.2875,0.19308333,2.9104166,359.11633,1.5917783,10.29,8.75,-1.3,0.2,1.2,0.5,22.0,44.0,77.0,39.0,15.0,10.0,3.0,2.9
2023-01-27,4.0,13.649657,24.300001,63.52797,-3.6645832,0.30938962,28.291666,3.39375,0.189875,3.7312505,21.06458,1.7681888,10.49,9.3,0.35,0.0,0.8,0.4,13.0,34.0,55.0,47.0,13.0,8.0,2.0,1.9
2023-01-28,12.0,15.671468,28.589998,62.213795,-3.23125,0.32951915,17.375,3.4875,0.180875,1.5562501,45.791954,1.3817255,10.85,7.1,-2.9,0.0,0.6,0.4,5.0,31.0,38.0,48.0,8.0,6.0,2.0,1.0
2023-01-29,6.0,12.015344,21.195,67.269615,-4.289583,0.25427297,9.458333,2.4833333,0.17216666,1.1729165,30.79141,1.368006,12.2,7.55,-3.45,0.0,0.5,0.4,4.0,30.0,36.0,38.0,8.0,6.0,2.0,0.9
2023-01-30,3.0,6.6263924,13.23,75.02967,-3.0479167,0.19295783,3.0833333,2.7166665,0.1665,1.7729167,353.55847,1.3983144,12.29,9.9,-4.15,0.0,0.7,0.4,14.0,46.0,68.0,30.0,16.0,8.0,2.0,2.1
2023-01-31,6.0,4.751167,9.615,72.62647,-2.9312499,0.23838393,0.375,2.4583333,0.15529166,4.2666664,36.147606,1.574372,12.34,11.55,-0.05,0.0,1.4,0.7,53.0,77.0,159.0,11.0,37.0,21.0,4.0,5.4
2023-02-01,10.0,10.507658,19.214998,72.797935,-0.33333334,0.27423856,1.0,3.8999999,0.15729167,4.8895836,32.47116,1.6074486,12.5,12.5,-1.4,0.0,0.9,0.5,19.0,50.0,79.0,30.0,23.0,12.0,3.0,4.8
2023-02-02,15.0,6.914135,13.514999,70.148026,-0.64166665,0.3236916,0.0,4.991667,0.14233333,5.5479164,18.435053,1.7244697,12.91,14.9,-1.25,0.0,1.0,0.6,33.0,64.0,115.0,30.0,31.0,16.0,3.0,4.3
2023-02-03,60.0,5.7018147,10.905,61.22699,-2.1666667,0.4528763,0.0,5.0895834,0.137375,5.752083,24.320969,1.9057217,13.12,16.05,-1.65,0.0,1.3,0.7,53.0,71.0,153.0,22.0,30.0,14.0,4.0,6.0
2023-02-04,216.0,6.1096215,11.759999,58.132427,-2.4270833,0.47410586,0.0,5.1375003,0.1205,7.339584,37.756973,2.4860566,13.23,16.35,1.6,0.0,1.2,0.6,26.0,68.0,108.0,19.0,25.0,13.0,3.0,4.7
2023-02-05,51.0,11.6172495,20.685,48.70029,-2.9624999,0.5926956,0.0,6.5,0.11408333,5.2770834,49.842407,2.0167015,13.25,10.9,-0.35,0.5,0.9,0.5,25.0,47.0,85.0,44.0,17.0,8.0,3.0,2.9
2023-02-06,118.0,13.35076,24.824999,62.938137,-1.875,0.3690462,27.583334,5.914583,0.09870833,4.11875,52.198467,1.4050708,10.48,8.95,-0.35,0.5,0.5,0.4,17.0,37.0,64.0,44.0,15.0,6.0,3.0,2.3
2023-02-07,13.0,10.945178,20.16,73.494415,-0.57708335,0.24465983,41.625,5.63125,0.08833333,5.4854164,48.2663,1.3351501,8.27,10.95,1.2,0.0,0.5,0.4,7.0,36.0,47.0,43.0,12.0,6.0,3.0,1.4
2023-02-08,4.0,12.647416,22.755,73.6342,1.09375,0.27938417,71.25,6.539583,0.091583334,5.5750003,54.552082,1.084555,7.6,9.4,2.25,0.1,0.5,0.4,6.0,33.0,42.0,40.0,12.0,6.0,3.0,1.3
2023-02-09,5.0,6.238869,11.849999,78.41926,1.5104166,0.21755986,54.583332,6.7083335,0.08591667,4.491667,72.81943,1.5992403,12.35,9.55,1.05,0.0,0.6,0.4,9.0,40.0,54.0,36.0,13.0,6.0,3.0,1.5
2023-02-10,3.0,8.111506,15.855,69.50827,-1.1854167,0.29370508,38.5,6.2791667,0.07683333,3.9333334,77.76394,1.8358403,13.44,10.7,-1.7,0.0,0.6,0.4,8.0,41.0,53.0,41.0,15.0,8.0,3.0,1.6
2023-02-11,4.0,11.159511,20.55,66.99173,-2.2833333,0.33384752,6.9166665,5.2458334,0.06875,4.7854166,89.21875,1.7019645,11.36,12.05,-1.3,0.0,0.5,0.4,3.0,28.0,32.0,58.0,13.0,8.0,3.0,0.8
2023-02-12,5.0,9.456434,17.699999,68.216644,-1.0166667,0.33699808,65.0,6.022917,0.0605,5.233333,76.18493,1.7171688,12.88,11.7,-0.55,0.0,0.5,0.3,2.0,23.0,25.0,61.0,18.0,8.0,3.0,0.5
2023-02-13,7.0,8.589832,16.14,72.05512,0.008333345,0.3045706,35.875,6.84375,0.05620833,6.3125,74.215126,1.2977633,7.28,12.15,2.25,0.0,0.5,0.4,5.0,33.0,41.0,46.0,26.0,10.0,3.0,1.0
2023-02-14,17.0,10.574427,19.019999,73.4085,1.6125001,0.2951597,81.041664,7.2520833,0.052125003,7.597917,50.501423,1.945404,12.34,14.55,3.55,0.0,0.5,0.4,6.0,39.0,47.0,44.0,19.0,11.0,3.0,1.7
2023-02-15,23.0,9.246138,17.414999,68.664085,1.5666666,0.39582428,79.125,8.927083,0.04920833,7.2812505,35.000145,2.4540179,14.74,15.3,0.5,0.0,0.9,0.5,10.0,49.0,65.0,45.0,23.0,13.0,3.0,2.2
2023-02-16,275.0,9.281796,17.804998,58.47427,-2.125,0.53954905,12.833333,8.9375,0.042375002,7.537499,47.848934,2.6694736,15.15,16.2,0.4,0.0,0.7,0.4,8.0,49.0,62.0,37.0,22.0,13.0,3.0,3.0
2023-02-17,145.0,9.510411,18.225,47.988186,-3.8354168,0.65436274,0.0,9.175,0.03675,8.441668,37.529583,2.2835534,10.03,16.15,2.45,0.0,0.5,0.4,10.0,45.0,60.0,45.0,19.0,11.0,3.0,1.9
2023-02-18,175.0,9.582376,17.699999,45.31397,-3.0791667,0.66276973,63.0,9.404166,0.032958332,11.427083,53.91633,2.782828,14.18,20.45,3.85,0.8,0.6,0.4,5.0,44.0,52.0,41.0,18.0,9.0,3.0,1.6
2023-02-19,90.0,9.529633,18.15,56.50755,1.8145833,0.74481267,43.791668,12.166667,0.028083334,12.345833,68.51789,3.0436454,12.89,20.75,5.1,0.0,0.5,0.4,3.0,38.0,43.0,44.0,26.0,12.0,3.0,1.2
2023-02-20,226.0,11.338963,21.135,46.377243,-0.047916666,0.90897036,62.708332,13.01875,0.017874999,11.143749,68.03038,2.3393996,12.91,16.65,4.6,0.5,0.3,0.4,6.0,35.0,45.0,42.0,30.0,11.0,3.0,1.4
2023-02-21,228.0,6.794821,14.639999,53.859783,1.5916667,0.6466146,39.541668,12.8,0.016125,10.397916,278.6954,2.5224285,14.14,17.2,3.45,0.1,0.4,0.4,7.0,41.0,51.0,41.0,41.0,15.0,3.0,2.5
2023-02-22,36.0,7.0523696,15.044999,64.76229,3.0916665,0.5427522,17.291666,13.079166,0.009416667,7.2729163,258.67725,1.7080415,10.06,10.1,3.8,1.2,0.4,0.4,15.0,43.0,67.0,34.0,73.0,30.0,3.0,2.3
2023-02-23,115.0,14.586291,26.31,68.698235,0.98125,0.31797042,58.416668,9.802083,0.013374999,4.122917,302.4549,2.2687032,16.51,10.25,-1.8,0.0,0.4,0.3,9.0,31.0,44.0,44.0,39.0,14.0,2.0,1.6
2023-02-24,8.0,6.4656167,14.535,55.800854,-5.075,0.42723215,1.4583334,7.847917,0.0139999995,3.3874998,294.8946,1.9880942,14.59,10.4,-2.9,0.8000001,0.4,0.4,9.0,37.0,51.0,47.0,13.0,5.0,2.0,1.4
2023-02-25,9.0,8.062897,17.07,61.612934,-3.9604166,0.34371266,50.916668,7.2166667,0.019583333,4.1187496,2.9013188,2.2370257,13.96,12.3,-2.9,0.0,0.5,0.4,9.0,39.0,53.0,39.0,19.0,11.0,3.0,1.3
2023-02-26,28.0,10.675189,20.385,62.541363,-3.60625,0.39656302,26.583334,7.014583,0.027125001,2.2666667,7.6625614,2.3246071,13.25,6.35,-2.4,0.0,0.6,0.4,7.0,34.0,44.0,44.0,19.0,12.0,3.0,1.1
2023-02-27,27.0,15.3474045,28.935,44.54359,-9.272917,0.41627362,33.0,5.3125,0.028000003,1.875,2.553703,2.410222,16.96,9.8,-4.35,0.0,0.5,0.3,3.0,20.0,24.0,67.0,10.0,6.0,3.0,0.9
2023-02-28,16.0,9.472233,19.23,52.797882,-7.4562497,0.39169645,8.916667,5.4708333,0.028000003,1.5375,9.718694,1.9528404,13.3,6.7,-3.85,0.0,0.5,0.4,10.0,32.0,47.0,49.0,14.0,7.0,3.0,1.1
2023-03-01,8.0,8.459952,18.179998,50.673862,-8.258333,0.3706909,24.416666,5.0520835,0.026500002,3.2250004,12.739618,2.2792745,17.51,9.9,-3.05,0.0,0.5,0.4,10.0,35.0,50.0,51.0,18.0,10.0,3.0,1.2
2023-03-02,11.0,5.6966147,13.514999,54.273148,-5.8541665,0.41034186,0.41666666,6.2374997,0.024708332,4.5375,44.13017,2.5831227,17.63,12.65,-2.6,0.0,0.6,0.4,12.0,45.0,64.0,40.0,22.0,11.0,3.0,1.9
2023-03-03,7.0,6.9689717,14.5199995,57.394028,-4.235417,0.46274653,5.0416665,7.879167,0.016500002,5.7937503,48.88592,2.5387378,17.77,12.85,-1.25,0.0,0.7,0.4,15.0,48.0,71.0,38.0,26.0,14.0,4.0,1.8
2023-03-04,90.0,6.5285544,14.325,55.96989,-3.1375,0.49702147,0.125,9.389584,0.0029999998,4.972917,319.39862,1.1248423,6.15,9.9,-1.35,3.3000002,0.6,0.4,8.0,35.0,47.0,54.0,20.0,9.0,4.0,1.4
2023-03-05,129.0,5.87154,12.375,69.13959,-0.8125,0.3025628,73.5,6.2916665,0.011708334,8.114583,239.92233,1.4885454,8.23,14.15,4.0,1.2,0.7,0.4,8.0,40.0,52.0,43.0,21.0,13.0,4.0,1.8
2023-03-06,20.0,13.218211,23.894999,80.9701,5.0187497,0.25348508,96.166664,9.349999,0.051458333,10.641666,237.24913,2.2683659,13.38,15.5,8.1,0.5,0.4,0.3,6.0,26.0,36.0,53.0,17.0,9.0,4.0,1.1
2023-03-07,428.0,17.78299,31.994997,75.1528,5.9520836,0.36007237,92.833336,11.814583,0.06341667,12.552082,233.08734,2.1972256,10.29,17.15,9.1,0.5,0.3,0.3,5.0,22.0,30.0,58.0,11.0,4.0,4.0,1.1
2023-03-08,153.0,20.461561,36.914997,74.434784,8.160417,0.41124526,95.208336,12.908333,0.06729167,13.48125,235.32306,2.7035863,14.3,17.5,10.85,2.7999997,0.2,0.3,6.0,22.0,31.0,46.0,11.0,3.0,4.0,1.0
2023-03-09,79.0,21.537237,39.239998,74.73025,8.516666,0.42595506,71.666664,13.739583,0.085875005,12.589584,248.85944,3.1610453,16.83,20.2,7.85,0.0,0.2,0.3,7.0,22.0,33.0,49.0,12.0,5.0,4.0,1.0
2023-03-10,69.0,17.476503,31.229998,70.208405,6.6895833,0.52917767,71.708336,14.177083,0.079875,14.106251,257.13223,3.2442603,16.61,21.25,8.7,0.0,0.3,0.3,6.0,24.0,32.0,59.0,17.0,6.0,5.0,1.2
2023-03-11,52.0,13.682807,25.214998,70.27928,8.099999,0.61184776,63.958332,15.310417,0.066375,15.329167,257.28247,3.3072965,18.21,22.35,8.45,0.0,0.2,0.3,3.0,17.0,22.0,41.0,13.0,5.0,5.0,1.1
2023-03-12,199.0,6.832746,14.985,67.32971,8.775001,0.67677945,48.25,17.356249,0.055375,14.322917,235.87976,3.7674565,18.42,21.1,8.5,0.0,0.3,0.3,8.0,27.0,40.0,32.0,17.0,7.0,5.0,1.5
2023-03-13,117.0,18.340166,32.925,65.44866,6.7062497,0.656879,57.708332,15.783333,0.0425,11.816667,292.15128,3.886934,18.41,18.2,5.95,0.0,,0.4,31.0,36.0,84.0,32.0,24.0,11.0,3.0,
2023-03-14,88.0,12.808007,25.245,47.69064,0.22083335,0.79757315,59.125,15.045834,0.036458332,12.033333,81.275246,3.3311296,19.36,20.15,3.7,0.0,,0.3,4.0,25.0,31.0,70.0,15.0,6.0,1.0,
2023-03-15,24.0,5.7870393,12.435,46.779522,-0.51666665,0.9223898,1.1666666,15.460416,0.026,14.6125,313.49255,4.001866,18.17,24.4,5.1,0.0,,0.4,14.0,56.0,78.0,42.0,24.0,8.0,1.0,
2023-03-16,68.0,9.101655,17.984999,43.307133,0.64166665,1.182026,56.0,16.966667,0.025,13.766665,233.41376,3.8101516,15.78,17.45,10.6,0.4,,,,,,,25.0,9.0,,
2023-03-17,51.0,17.842964,32.37,53.231525,3.3520832,0.75998497,74.541664,16.19375,0.02325,11.095833,277.81094,2.6997616,13.5,15.9,5.7,0.0,0.3,0.3,5.0,24.0,31.0,70.0,18.0,7.0,1.0,2.6
2023-03-18,17.0,12.047166,22.964998,63.64099,3.5708332,0.55711645,44.625,14.15625,0.022375,11.981251,29.19282,3.3923357,20.29,18.65,4.4,0.0,0.3,0.3,2.0,19.0,23.0,65.0,9.0,4.0,1.0,1.2
2023-03-19,13.0,7.1649384,15.57,54.79839,1.3104167,0.7774334,21.5,15.658333,0.0345,12.508332,313.58566,3.9152093,20.32,20.9,3.9,0.0,0.4,0.3,2.0,27.0,30.0,58.0,11.0,5.0,1.0,1.2
2023-03-20,13.0,7.5803905,16.065,44.428112,-0.76875,0.98258215,78.125,16.083334,0.027499998,13.777083,283.20795,3.8992639,20.09,21.7,5.3,0.0,0.4,0.3,3.0,25.0,29.0,63.0,18.0,7.0,1.0,1.3
2023-03-21,12.0,6.516735,14.22,44.350677,0.48541665,1.0387002,50.125,16.987501,0.0305,14.399999,257.5849,4.303771,20.33,22.65,5.6,0.0,0.6,0.4,10.0,52.0,69.0,42.0,21.0,9.0,1.0,3.3
2023-03-22,20.0,10.080634,19.74,46.810287,1.7604166,1.0569997,67.541664,17.445833,0.029,15.185414,238.43031,4.6590652,20.11,21.9,7.1,0.0,0.5,0.4,9.0,46.0,60.0,44.0,22.0,9.0,1.0,2.9
2023-03-23,5.0,12.344626,23.729998,43.019474,1.8104167,1.0859069,58.541668,17.731249,0.030999998,13.8,239.77272,3.3976889,16.05,19.1,9.1,0.0,0.4,0.4,11.0,35.0,52.0,56.0,22.0,8.0,1.0,2.6
2023-03-24,7.0,17.150404,31.154999,64.98917,6.7291665,0.58908004,55.125,16.4375,0.032125,14.097917,244.24147,3.9876819,19.07,21.7,8.35,0.0,0.4,0.3,7.0,29.0,39.0,47.0,17.0,6.0,1.0,2.5
2023-03-25,15.0,12.872231,25.275,63.237183,5.7062497,0.7656763,58.75,17.55625,0.0345,14.970836,276.0264,5.0633245,21.64,21.4,8.7,0.0,0.3,0.3,4.0,23.0,29.0,54.0,17.0,5.0,1.0,1.4
2023-03-26,10.0,16.771053,30.315,45.438694,-0.57500005,1.0824136,14.166667,17.822916,0.032,12.960416,43.058514,4.087203,22.27,20.1,5.6,0.0,0.3,0.3,2.0,17.0,20.0,66.0,13.0,5.0,1.0,0.9
2023-03-27,12.0,6.6775937,15.75,39.287876,-1.9520832,1.0334853,1.3333334,17.231249,0.034166668,14.41875,68.50792,4.272339,22.03,23.25,5.15,0.0,0.6,0.4,4.0,32.0,38.0,67.0,19.0,8.0,1.0,2.2
2023-03-28,7.0,6.1011615,13.875,32.712704,-3.1708333,1.3042337,32.958332,17.716667,0.039875,16.65,266.9059,4.9847803,22.1,25.8,6.9,0.0,0.6,0.4,8.0,48.0,60.0,58.0,22.0,7.0,1.0,2.8
2023-03-29,8.0,9.365298,18.21,36.278328,0.49375,1.4120771,43.125,19.127083,0.039,17.362501,239.14388,5.496302,21.38,22.8,11.7,0.0,0.9,0.5,15.0,54.0,77.0,54.0,31.0,11.0,1.0,
2023-03-30,9.0,20.033066,35.835,44.37984,4.547917,1.1577839,75.458336,19.329166,0.037499998,15.433333,245.82503,4.153272,16.2,19.9,10.1,1.5,0.3,0.3,6.0,28.0,37.0,68.0,25.0,8.0,1.0,2.0
2023-03-31,9.0,18.940014,34.26,53.691593,5.8270836,0.8408439,89.833336,17.791666,0.050083335,14.418751,292.96533,4.078793,15.37,19.9,9.9,0.0,0.2,0.3,6.0,23.0,31.0,65.0,21.0,6.0,1.0,1.2
2023-04-01,11.0,17.072878,32.024998,49.673767,3.3875,0.87229294,62.541668,16.824999,0.032,11.585416,4.6877003,4.325213,23.44,18.5,3.35,0.0,0.4,0.3,2.0,14.0,16.0,80.0,16.0,6.0,1.0,0.9
2023-04-02,12.0,9.652765,19.619999,40.471317,-2.7958333,0.9133834,15.166667,16.208334,0.027083335,11.664584,52.96248,3.9732463,23.36,19.35,3.1,0.0,0.2,0.3,1.0,12.0,14.0,82.0,7.0,4.0,1.0,0.5
2023-04-03,8.0,5.909544,15.209999,34.517258,-6.0875,1.0692478,61.458332,16.820833,0.031000001,13.624999,41.877766,5.8343554,24.53,20.7,6.25,0.0,0.3,0.3,3.0,26.0,31.0,75.0,17.0,6.0,1.0,1.5
2023-04-04,19.0,17.804577,32.295,28.305323,-7.929167,1.2505705,22.666666,16.945833,0.023999998,13.1125,47.510868,5.2069716,24.85,21.5,3.6,0.0,0.2,0.3,2.0,22.0,25.0,75.0,9.0,4.0,1.0,1.1
2023-04-05,8.0,9.782354,20.265,20.836683,-11.635417,1.3709012,23.375,16.883333,0.023500001,15.058333,51.32397,5.4300213,24.28,23.2,6.1,0.0,0.3,0.3,3.0,30.0,35.0,67.0,11.0,4.0,1.0,1.3
2023-04-06,11.0,9.452067,19.38,19.280035,-9.104167,1.5159812,26.333334,18.916666,0.021499999,15.812499,346.32867,5.714232,24.46,24.8,5.65,0.0,0.3,0.4,3.0,28.0,33.0,75.0,12.0,4.0,1.0,1.0
2023-04-07,16.0,8.9435,19.154999,24.382933,-6.3416667,1.566053,16.5,19.739584,0.023,17.672918,11.310374,5.238694,24.4,26.4,7.15,0.0,0.3,0.3,2.0,21.0,23.0,81.0,20.0,7.0,1.0,0.8
2023-04-08,17.0,6.589002,15.134999,23.323996,-5.170833,1.7657881,26.291666,21.333334,0.0195,18.829168,266.04443,5.9976783,23.91,27.3,8.25,0.0,0.3,0.3,3.0,33.0,36.0,75.0,20.0,7.0,1.0,1.4
2023-04-09,22.0,10.062716,20.13,26.677141,-1.9979167,1.8258753,65.083336,22.047918,0.020458333,20.060417,294.6627,5.9352717,23.79,27.8,10.65,0.0,0.4,0.4,3.0,31.0,35.0,64.0,48.0,18.0,1.0,1.2
2023-04-10,15.0,9.190014,19.17,26.118303,-1.6125001,1.9063128,85.333336,23.160416,0.02,18.866667,274.21994,6.2341795,24.47,26.7,10.25,0.0,0.6,0.4,7.0,31.0,41.0,68.0,74.0,24.0,,3.8
2023-04-11,7.0,12.408149,24.705,35.079815,1.7458334,1.5875009,7.75,22.645834,0.022,16.137499,266.41724,4.773162,18.31,21.95,10.2,0.3,0.4,0.3,5.0,34.0,42.0,64.0,27.0,8.0,,1.8
2023-04-12,12.0,17.480131,31.89,48.299755,3.9312499,0.9938545,53.416668,19.65625,0.023333333,11.997918,309.4834,5.163894,24.81,17.7,6.8,0.0,0.2,0.3,4.0,24.0,30.0,63.0,21.0,6.0,1.0,1.8
2023-04-13,12.0,17.717089,32.745,36.276146,-3.2,0.9474039,84.166664,17.070833,0.020499999,14.514583,289.55774,4.630389,17.31,20.85,9.05,0.0,0.4,0.3,2.0,18.0,22.0,78.0,10.0,4.0,1.0,2.9
2023-04-14,15.0,19.445993,34.575,47.564285,3.2270832,0.955777,81.791664,17.252083,0.0175,16.3,336.5014,5.120481,22.83,24.7,9.95,0.0,0.4,0.3,4.0,22.0,28.0,67.0,13.0,4.0,1.0,2.6
2023-04-15,18.0,13.314631,27.464998,48.089855,4.085417,1.1087734,45.0,20.814583,0.016,16.816668,29.13158,5.9359517,25.56,24.45,9.55,0.0,0.3,0.3,1.0,16.0,18.0,78.0,16.0,7.0,1.0,1.3
2023-04-16,13.0,14.208717,27.69,38.172085,0.58125,1.3549843,2.875,21.304167,0.0145,16.989584,36.27007,6.2598186,25.98,24.9,8.55,0.0,0.3,0.3,1.0,12.0,14.0,83.0,9.0,4.0,1.0,0.5
2023-04-17,19.0,12.296223,24.135,24.92874,-4.15,1.5974468,0.16666667,20.877083,0.0135,15.658332,51.37998,5.408233,26.15,22.65,7.9,0.0,0.2,0.3,2.0,24.0,28.0,77.0,8.0,4.0,1.0,1.1
2023-04-18,21.0,10.504544,21.885,35.393425,-1.5041666,1.3115219,17.0,21.19375,0.015000001,16.779167,95.90603,4.796286,25.09,24.4,8.8,0.0,0.3,0.3,2.0,26.0,29.0,87.0,,6.0,1.0,1.0
2023-04-19,10.0,6.826794,16.275,44.12473,2.39375,1.2918751,63.833332,22.231249,0.011,19.389584,234.07587,6.399109,25.82,27.35,10.55,0.0,0.4,0.3,3.0,32.0,37.0,78.0,26.0,9.0,1.0,1.5
2023-04-20,18.0,10.973363,21.495,27.311867,-1.3562499,1.8307405,24.916666,23.231249,0.011999999,19.175001,233.64883,5.9511857,23.28,26.0,11.4,0.4,0.4,0.4,6.0,43.0,53.0,65.0,30.0,10.0,1.0,2.4
2023-04-21,11.0,13.494933,27.089998,34.397823,2.3229167,1.5350771,64.25,22.466667,0.013666667,16.095835,240.20294,4.499937,21.93,20.95,12.15,8.800001,1.0,0.3,11.0,40.0,57.0,66.0,36.0,12.0,1.0,10.7
2023-04-22,5.0,13.994596,28.589998,57.95669,6.179167,0.84815484,54.875,19.722918,0.083791666,16.116665,255.82852,5.191725,25.67,23.7,8.75,0.0,0.6,0.3,2.0,17.0,20.0,72.0,12.0,7.0,1.0,12.9
2023-04-23,5.0,9.858851,20.16,49.238255,4.75625,1.0903517,45.916668,19.727083,0.07175,18.377083,278.45493,5.34317,25.17,25.6,10.5,0.0,0.2,0.3,2.0,22.0,25.0,65.0,11.0,5.0,1.0,1.7
2023-04-24,4.0,8.820393,18.9,50.99902,6.7395835,1.2289965,72.583336,22.477083,0.04725,20.883333,258.41943,5.85441,24.17,29.1,12.75,0.0,0.2,0.3,4.0,23.0,30.0,56.0,16.0,7.0,1.0,1.5
2023-04-25,6.0,9.032794,19.5,42.724133,6.4,1.6435051,72.333336,24.814583,0.034625,21.541666,262.30734,6.7062383,26.7,29.5,12.6,0.0,0.3,0.3,9.0,29.0,43.0,48.0,18.0,8.0,1.0,2.5
2023-04-26,7.0,10.110822,20.699999,33.260868,2.85625,1.9603114,63.458332,25.935417,0.027,22.91458,278.55545,6.26874,25.44,31.4,13.4,0.0,0.4,0.4,16.0,45.0,69.0,39.0,21.0,7.0,2.0,4.8
2023-04-27,5.0,7.396111,16.619999,28.620916,2.2520833,2.2821808,85.291664,26.883333,0.0315,24.13125,276.49487,6.808841,23.92,32.1,15.5,0.0,0.4,0.4,13.0,56.0,77.0,40.0,18.0,7.0,2.0,3.8
2023-04-28,4.0,11.271745,22.484999,30.75955,4.6541667,2.3340318,93.333336,27.293749,0.036541667,22.202082,287.61893,5.057452,17.18,26.45,16.65,3.1999998,0.4,0.4,12.0,49.0,68.0,49.0,33.0,13.0,1.0,4.2
2023-04-29,19.0,10.140473,21.644999,37.430916,6.0791664,1.6906223,77.166664,25.470833,0.036666665,19.466665,36.281628,5.3466125,22.02,25.15,13.7,0.0,0.2,0.3,3.0,27.0,31.0,56.0,26.0,13.0,1.0,1.6
2023-04-30,15.0,13.111133,24.945,46.787476,6.5437503,1.3396057,85.5,24.043749,0.0355,19.343748,44.915806,5.9287267,26.86,26.3,11.15,0.0,0.2,0.2,1.0,11.0,13.0,70.0,10.0,5.0,1.0,0.7
2023-05-01,14.0,8.21796,18.93,38.065754,3.0708332,1.591673,42.416668,24.960417,0.037666667,20.866665,54.434166,6.159603,25.44,28.35,12.8,0.0,0.1,0.2,1.0,11.0,12.0,84.0,9.0,4.0,1.0,0.4
2023-05-02,10.0,8.27382,17.984999,26.366188,-0.73125,2.0472724,84.708336,25.433334,0.038416665,22.393751,154.27617,6.7600155,23.81,30.85,14.3,0.0,0.3,0.3,2.0,22.0,24.0,87.0,17.0,6.0,1.0,0.8
2023-05-03,8.0,12.146199,24.18,29.711596,2.21875,2.1203763,62.75,25.9375,0.03875,20.516665,241.80844,6.949278,25.65,24.85,15.2,0.0,0.3,0.3,6.0,39.0,48.0,75.0,27.0,9.0,1.0,2.2
2023-05-04,5.0,18.243582,33.914997,36.658627,3.2708333,1.589269,40.166668,24.729166,0.036166664,19.641666,260.8675,6.240609,27.47,26.8,11.1,0.0,0.2,0.3,4.0,21.0,27.0,76.0,16.0,6.0,1.0,1.1
2023-05-05,6.0,8.862609,19.289999,33.87715,1.5583334,1.7230855,72.833336,24.608332,0.036374997,20.108335,270.43625,6.6186695,27.69,27.6,11.1,0.0,0.2,0.3,6.0,34.0,43.0,67.0,21.0,9.0,1.0,1.5
2023-05-06,12.0,10.1186495,21.284998,34.210445,2.2666667,1.7304435,46.666668,24.747917,0.037958335,21.064585,5.683596,5.8854904,26.1,27.7,14.65,0.2,0.3,0.3,3.0,31.0,36.0,70.0,23.0,10.0,1.0,1.4
2023-05-07,23.0,10.131807,21.119999,39.03633,5.441667,1.6911563,30.583334,25.933334,0.042125,21.875,0.27287093,6.195721,25.1,30.6,13.35,0.0,0.1,0.3,1.0,15.0,17.0,84.0,14.0,6.0,1.0,0.7
2023-05-08,12.0,8.910638,19.619999,38.235016,5.7395835,1.8746982,78.208336,26.5875,0.038333334,22.897919,317.1173,6.5189686,25.14,28.15,16.4,0.0,0.2,0.3,3.0,23.0,26.0,74.0,22.0,10.0,1.0,1.3
2023-05-09,8.0,13.154682,25.904999,40.69878,8.127084,1.7216886,65.875,27.102083,0.036125,19.05,33.711372,5.942396,26.79,25.05,13.05,0.0,0.1,0.3,4.0,22.0,29.0,61.0,20.0,8.0,1.0,2.0
2023-05-10,9.0,12.491658,25.604998,39.261356,3.1333332,1.4384018,68.083336,25.472916,0.035708334,16.633333,35.410202,6.4968314,27.38,22.5,10.35,0.0,0.2,0.3,2.0,17.0,20.0,82.0,11.0,5.0,1.0,0.8
2023-05-11,12.0,17.68292,33.6,37.036175,0.48333335,1.2886324,21.333334,22.3125,0.036375,14.185417,23.661419,5.3114758,25.06,19.6,9.15,1.6999999,0.2,0.3,2.0,15.0,17.0,81.0,15.0,6.0,1.0,0.7
2023-05-12,9.0,16.230015,31.335,42.731476,0.8,0.96807474,24.916666,19.958334,0.047166664,14.297914,20.713781,5.470445,25.35,20.7,7.25,0.0,0.4,0.3,2.0,13.0,16.0,73.0,7.0,3.0,1.0,0.8
2023-05-13,2.0,14.665431,28.484999,42.33175,0.6791666,1.0700629,26.833334,19.195833,0.046833333,15.425,6.075526,5.0679564,24.16,20.8,8.95,0.1,0.4,0.2,1.0,8.0,10.0,77.0,8.0,4.0,1.0,0.3
2023-05-14,3.0,12.100274,23.849998,45.23819,2.9354165,1.0515772,23.666666,20.15,0.041791666,15.481248,18.20758,4.868637,21.32,21.5,9.0,0.0,0.3,0.3,1.0,12.0,13.0,82.0,12.0,5.0,1.0,0.3
2023-05-15,7.0,11.715022,23.144999,45.37648,2.7354167,1.0573087,50.375,20.362501,0.040208332,15.8791685,31.174831,6.3100615,28.35,23.15,8.75,0.0,0.1,0.3,1.0,13.0,15.0,91.0,11.0,6.0,1.0,0.5
2023-05-16,6.0,16.146215,30.435,38.336536,0.004166679,1.2685398,56.541668,21.50625,0.0355,15.893749,48.278484,7.1372027,27.36,23.95,8.05,0.0,0.2,0.3,2.0,14.0,17.0,88.0,13.0,6.0,1.0,0.8
2023-05-17,11.0,22.415709,40.155,31.17143,-3.4416666,1.4089042,83.833336,20.827084,0.034,15.514583,42.591465,6.8363233,28.84,22.85,8.7,0.0,0.1,0.3,2.0,15.0,18.0,88.0,17.0,8.0,1.0,
2023-05-18,6.0,20.273024,37.844997,34.575455,-1.8791666,1.2996175,28.166666,21.054167,0.034,15.193751,28.47412,6.4622517,26.7,21.85,8.95,0.0,,0.3,2.0,15.0,18.0,91.0,18.0,9.0,1.0,1.2
2023-05-19,7.0,20.439945,37.605,36.03155,-0.81666666,1.2063681,25.25,20.31875,0.035583336,15.039585,40.608524,5.3791347,24.4,21.05,8.25,0.0,0.2,0.3,2.0,16.0,18.0,90.0,15.0,8.0,1.0,1.3
2023-05-20,1.0,13.180511,26.505,39.031086,0.69166666,1.1359624,63.625,20.75625,0.0335,16.064585,45.899734,5.1238465,22.41,21.85,10.75,1.5,0.3,0.3,1.0,13.0,14.0,90.0,14.0,9.0,1.0,0.6
2023-05-21,2.0,13.146787,27.945,46.204052,3.9854167,1.0722681,91.291664,21.708334,0.037833333,17.785416,68.96863,4.822903,20.39,23.05,12.55,0.3,0.3,0.3,1.0,13.0,14.0,90.0,14.0,8.0,1.0,0.3
2023-05-22,3.0,11.812579,24.615,50.31885,6.0916667,1.114719,93.0,22.320833,0.037791666,16.822916,57.577637,4.418259,22.63,23.6,12.55,7.2,0.1,0.3,1.0,22.0,24.0,75.0,18.0,10.0,1.0,0.9
2023-05-23,1.0,16.73997,31.109999,67.242805,9.9375,0.72069794,69.916664,20.391666,0.091375,17.204166,59.685295,4.3247886,22.67,22.85,12.3,1.9,0.2,0.3,1.0,20.0,22.0,71.0,28.0,18.0,2.0,
2023-05-24,2.0,10.602605,21.794998,67.95372,10.577084,0.73659164,46.458332,20.222918,0.104875,17.275,51.74311,4.154005,20.83,24.6,12.1,1.3000001,0.2,0.3,1.0,21.0,23.0,76.0,19.0,9.0,2.0,1.2
2023-05-25,4.0,9.794286,21.105,68.64808,10.777083,0.7139823,52.5,20.820833,0.090958335,15.816667,114.37977,2.2534583,11.19,19.25,13.2,17.000002,0.1,0.3,2.0,29.0,32.0,69.0,29.0,18.0,2.0,1.2
2023-05-26,0.0,13.618695,27.51,80.41552,12.372917,0.37307414,89.083336,17.689583,0.2065,15.908332,83.47436,2.9170973,16.2,20.75,12.15,11.5,0.2,0.3,1.0,23.0,25.0,76.0,28.0,22.0,2.0,0.8
2023-05-27,3.0,8.158631,18.345,78.478874,11.877083,0.43569842,86.333336,18.233334,0.25845835,15.956249,164.63571,3.3557827,19.54,20.0,13.1,2.2999997,0.2,0.3,1.0,21.0,23.0,69.0,35.0,22.0,1.0,0.7
2023-05-28,1.0,7.103598,16.095,78.73824,12.01875,0.42609325,79.583336,18.856249,0.23150001,16.383333,193.9664,3.9445577,21.87,22.6,11.75,2.2,0.2,0.3,1.0,18.0,19.0,75.0,23.0,19.0,2.0,0.4
2023-05-29,0.0,6.4373374,15.119999,76.9019,11.802083,0.5185378,79.625,19.589582,0.241125,16.218748,158.72025,3.528899,20.38,21.3,11.45,6.2999997,0.2,0.3,3.0,28.0,32.0,61.0,23.0,15.0,2.0,1.0
2023-05-30,3.0,5.206019,12.884999,77.87162,12.056251,0.47332165,68.208336,18.9375,0.260625,17.3,227.4367,4.514254,25.38,22.35,12.7,0.5,0.2,0.3,3.0,34.0,38.0,55.0,29.0,18.0,2.0,1.4
2023-05-31,2.0,5.4009953,13.304999,73.64147,12.087501,0.61327314,58.666668,20.456251,0.21908332,17.247917,71.25855,4.361719,24.55,22.6,12.4,6.1,0.2,0.3,4.0,29.0,34.0,62.0,19.0,11.0,2.0,1.2
2023-06-01,1.0,6.5920978,17.205,74.622795,12.077084,0.5750649,72.375,20.410418,0.20358334,16.239584,67.33227,3.49679,19.52,21.95,12.75,4.8999996,0.2,0.3,2.0,28.0,30.0,81.0,19.0,11.0,2.0,1.0
2023-06-02,2.0,7.281112,16.394999,80.009254,12.431251,0.4327687,91.541664,19.475,0.24725,17.839582,72.669044,4.822242,26.65,24.15,12.5,0.1,0.2,0.3,2.0,23.0,26.0,80.0,16.0,10.0,1.0,0.7
2023-06-03,2.0,5.412152,14.025001,70.802574,11.764584,0.7305998,72.0,20.735416,0.23233335,18.5625,48.66789,4.584271,25.43,23.95,13.25,0.3,0.2,0.3,1.0,19.0,20.0,88.0,,14.0,1.0,0.6
2023-06-04,0.0,5.538117,13.485,70.888824,12.814583,0.7163486,40.75,21.93125,0.17025,19.237501,46.66018,4.489069,24.46,26.05,13.6,3.5,0.2,0.3,1.0,17.0,19.0,88.0,,15.0,2.0,0.4
2023-06-05,1.0,4.782417,13.125,72.371025,13.591667,0.7174817,69.791664,22.316666,0.19791667,20.68125,91.55514,5.3739142,27.93,27.25,14.0,0.0,0.2,0.3,2.0,25.0,27.0,72.0,35.0,,,0.9
2023-06-06,2.0,6.486835,14.489999,64.84026,13.197917,1.0549403,53.791668,23.637499,0.14395833,18.560415,137.50827,1.6410048,5.58,20.9,17.0,6.7,0.2,0.3,2.0,27.0,31.0,86.0,18.0,12.0,2.0,0.8
2023-06-07,1.0,8.714014,17.01,78.62169,14.35625,0.45655027,99.875,19.966667,0.135875,17.991667,157.45007,2.382743,12.38,21.35,15.3,3.6999998,0.2,0.2,4.0,27.0,34.0,55.0,21.0,15.0,2.0,
2023-06-08,2.0,8.174578,17.324999,83.105125,14.941667,0.37575766,90.958336,19.464582,0.171875,18.71458,229.1666,4.5449514,24.22,23.25,14.85,2.3,0.3,0.3,5.0,22.0,30.0,35.0,,8.0,1.0,0.7
2023-06-09,0.0,14.723783,27.93,72.344475,13.204166,0.6782934,58.583332,20.352083,0.19920833,20.170835,230.43082,4.864644,24.32,25.95,15.55,0.2,0.3,0.3,7.0,25.0,35.0,48.0,11.0,5.0,2.0,
2023-06-10,3.0,6.556584,15.014999,69.94215,13.804166,0.8445216,73.75,22.560417,0.16491666,21.295832,266.95395,5.7190065,26.35,27.05,16.05,0.1,0.4,0.3,3.0,18.0,22.0,60.0,,5.0,2.0,0.5
2023-06-11,1.0,9.290104,18.96,58.008305,11.735416,1.1984147,54.541668,23.633333,0.11716667,20.108332,339.9689,4.7838154,24.01,24.8,15.2,0.4,0.5,0.2,2.0,21.0,24.0,65.0,11.0,5.0,2.0,0.6
2023-06-12,1.0,7.444675,16.935,61.720325,12.166667,0.9791654,74.5,24.449999,0.07525,19.289583,311.76016,4.896025,24.99,24.15,14.55,2.6999998,0.5,0.2,3.0,22.0,28.0,76.0,13.0,5.0,2.0,0.7
2023-06-13,1.0,8.397479,18.539999,64.45255,11.366666,0.9050749,41.5,24.383333,0.07091667,20.766666,15.1874075,4.775393,21.72,26.85,13.45,0.0,0.5,0.3,4.0,25.0,30.0,74.0,12.0,7.0,2.0,1.0
2023-06-14,1.0,8.435451,18.135,54.304966,10.506249,1.2878159,40.208332,24.516668,0.057125002,23.84375,31.4295,6.1440897,27.32,31.9,15.7,0.0,0.3,0.2,2.0,21.0,25.0,86.0,8.0,3.0,2.0,0.9
2023-06-15,2.0,8.184951,18.405,43.795452,9.135417,1.9864358,46.833332,29.135416,0.039458334,25.939583,351.86996,7.432085,29.22,33.5,17.55,0.0,0.7,0.3,2.0,27.0,31.0,103.0,18.0,9.0,2.0,0.8
2023-06-16,2.0,10.384634,21.705,38.786533,9.602083,2.3383505,65.958336,32.08125,0.03358333,27.262497,265.98056,7.258694,24.71,34.9,19.5,0.0,0.7,0.3,4.0,36.0,43.0,84.0,21.0,10.0,3.0,1.1
2023-06-17,1.0,10.846027,23.685,38.83714,10.295834,2.466313,41.125,32.147915,0.0305,23.15625,37.52278,5.5030427,23.43,30.75,18.15,3.2,0.7,0.3,5.0,39.0,46.0,76.0,29.0,17.0,3.0,1.3
2023-06-18,0.0,10.329236,24.57,59.87781,13.712501,1.3126255,81.25,28.787498,0.04741667,23.85,183.59659,6.2711096,24.08,31.05,17.35,3.1,0.4,0.2,2.0,16.0,19.0,79.0,25.0,18.0,3.0,0.4
2023-06-19,0.0,12.859787,27.39,53.458298,12.16875,1.6712126,92.583336,29.427084,0.053041667,23.525,238.1998,6.0422435,25.15,27.3,18.1,0.4,0.4,0.3,3.0,25.0,30.0,68.0,,28.0,2.0,0.8
2023-06-20,0.0,12.465228,25.005,47.170547,11.0625,1.578075,71.708336,28.775,0.035666667,22.218748,222.81143,4.919981,20.97,29.25,16.85,14.9,0.5,0.3,5.0,23.0,30.0,59.0,23.0,15.0,2.0,0.7
2023-06-21,2.0,7.0901065,19.154999,54.10883,11.197917,1.3547078,92.125,27.777084,0.07145833,21.781252,122.981,5.264195,25.82,28.2,15.25,0.6,0.4,0.3,6.0,29.0,38.0,63.0,17.0,8.0,3.0,1.2
2023-06-22,1.0,5.055147,12.614999,62.009,13.208333,1.2251141,22.583334,26.089584,0.09020833,25.354166,26.72962,6.7242208,29.3,32.8,17.55,0.0,0.3,0.3,4.0,29.0,35.0,81.0,27.0,19.0,3.0,0.8
2023-06-23,2.0,8.8659725,19.17,45.66872,11.679166,2.0448036,2.9583333,29.8125,0.054958332,27.258331,79.98052,7.141694,29.7,34.95,18.25,0.0,0.4,0.3,4.0,34.0,40.0,79.0,28.0,17.0,3.0,1.3
2023-06-24,1.0,8.215698,18.315,39.039833,11.010417,2.5474935,0.25,33.120834,0.037375,30.147919,292.4359,7.5024486,28.38,38.2,21.05,0.0,0.4,0.3,5.0,32.0,39.0,96.0,,,3.0,0.9
2023-06-25,0.0,7.426681,17.279999,33.014824,10.477083,3.1943083,21.833334,35.024998,0.036,30.381248,25.246008,8.134365,28.91,38.45,21.65,0.0,0.3,0.3,4.0,34.0,40.0,90.0,29.0,18.0,3.0,0.9
2023-06-26,0.0,9.76838,21.659998,31.2817,9.1875,3.339391,18.458334,35.931248,0.032625,29.464584,35.77182,7.644758,28.18,36.2,21.35,0.0,0.3,0.3,3.0,31.0,35.0,103.0,18.0,8.0,3.0,0.7
2023-06-27,1.0,11.031043,22.935,36.710472,11.191667,2.9082706,22.291666,34.15625,0.042708334,29.087503,353.85895,7.7209854,27.51,35.85,21.85,0.0,0.3,0.3,2.0,28.0,32.0,100.0,32.0,17.0,3.0,0.8
2023-06-28,3.0,10.26446,22.515,37.188145,11.316667,2.7814353,35.958332,33.475,0.052125003,28.387499,336.883,8.615844,28.18,36.3,21.5,0.0,0.3,0.4,3.0,29.0,33.0,99.0,38.0,24.0,3.0,0.8
2023-06-29,2.0,15.999459,31.019999,36.777073,9.952084,2.6706889,8.75,32.691666,0.046666667,23.166666,38.528896,7.974707,29.81,29.95,16.85,0.0,0.3,0.3,4.0,28.0,34.0,86.0,32.0,16.0,3.0,1.1
2023-06-30,0.0,18.313456,35.429996,40.30569,7.6583333,1.8663036,1.75,29.35,0.045874998,25.102083,40.498272,7.297548,29.28,32.45,17.35,0.0,0.3,0.2,2.0,13.0,16.0,72.0,7.0,2.0,3.0,0.6
2023-07-01,0.0,9.446426,21.089998,37.415035,9.110416,2.2380626,2.8333333,31.264582,0.045416668,27.231249,32.98385,7.103973,27.05,35.0,20.45,0.3,0.3,0.2,2.0,12.0,15.0,63.0,13.0,8.0,4.0,0.4
2023-07-02,1.0,10.407976,25.289999,41.965603,12.252083,2.2577596,19.541666,32.954166,0.044375002,28.366667,284.87573,8.271902,27.21,35.4,20.8,0.0,0.2,0.2,1.0,13.0,16.0,62.0,18.0,12.0,3.0,0.2
2023-07-03,2.0,14.517964,29.745,36.2123,9.695833,2.7976425,18.666666,32.877083,0.04425,28.079165,301.4237,7.8189154,29.28,34.25,20.85,0.0,0.4,0.3,4.0,24.0,30.0,67.0,26.0,16.0,,1.0
2023-07-04,2.0,10.553949,22.83,37.53796,9.14375,2.6599865,3.25,32.470833,0.050874997,26.712502,290.06857,7.658035,25.99,33.1,18.4,0.1,0.4,0.3,3.0,23.0,27.0,74.0,17.0,10.0,3.0,0.8
2023-07-05,1.0,10.983174,23.205,29.702011,5.7208333,2.6912308,36.833332,31.050001,0.046749998,27.502083,244.38982,8.218931,29.09,33.5,20.5,0.0,0.4,0.2,4.0,27.0,33.0,69.0,25.0,11.0,3.0,0.7
2023-07-06,2.0,11.549844,24.585,29.86827,6.4666667,2.7641916,38.0,32.212498,0.046541665,26.731247,310.5249,7.1075506,26.99,34.5,19.65,0.6,0.3,0.3,4.0,27.0,33.0,68.0,30.0,16.0,3.0,0.6
2023-07-07,1.0,10.575783,24.300001,40.54301,9.985416,2.336477,22.75,31.227083,0.049374998,26.752083,249.54918,8.245369,29.95,32.35,19.35,0.0,0.3,0.3,4.0,26.0,31.0,69.0,29.0,16.0,3.0,0.6
2023-07-08,0.0,12.284569,25.065,27.539904,5.6770835,2.675682,0.0,31.525,0.046666667,27.072916,246.5815,7.4993653,28.71,34.75,18.3,0.0,0.3,0.2,2.0,20.0,24.0,69.0,21.0,8.0,4.0,0.4
2023-07-09,1.0,8.120646,18.72,28.378944,6.258333,2.8301134,30.458334,31.802084,0.046041667,29.979166,294.3045,7.8819747,29.51,38.75,20.45,0.0,0.3,0.2,3.0,28.0,33.0,57.0,23.0,10.0,3.0,0.5
2023-07-10,1.0,7.9602323,18.57,28.043007,8.495833,3.434776,1.125,34.110416,0.045583334,31.272919,249.26762,9.316258,29.89,38.0,22.4,0.0,0.3,0.3,5.0,39.0,47.0,73.0,33.0,13.0,4.0,0.9
2023-07-11,2.0,13.266548,26.22,25.409834,7.2791667,3.667703,1.4583334,34.058334,0.047333334,27.816668,248.02423,7.3719196,22.0,33.3,20.85,0.0,0.5,0.3,9.0,48.0,62.0,63.0,43.0,17.0,3.0,2.4
2023-07-12,1.0,12.194795,24.585,25.356241,5.4249997,2.876685,64.791664,31.262499,0.045874998,28.120829,269.49518,7.913222,29.08,35.15,20.45,0.0,0.7,0.3,6.0,35.0,44.0,68.0,23.0,9.0,3.0,0.8
2023-07-13,2.0,10.255702,22.169998,32.919662,9.172917,2.816085,32.291668,33.04375,0.045166668,29.318748,245.3843,8.783866,29.53,35.85,21.15,0.0,0.4,0.2,3.0,26.0,30.0,73.0,18.0,7.0,3.0,0.8
2023-07-14,1.0,13.020241,26.13,27.306845,7.2645836,3.1938045,0.0,33.26875,0.045958336,26.80208,237.12074,8.677209,29.35,32.05,21.15,0.0,0.4,0.3,5.0,32.0,40.0,63.0,27.0,13.0,3.0,0.7
2023-07-15,0.0,18.008642,34.469997,36.62356,8.991667,2.3357232,0.75,31.525,0.045750003,26.418749,266.03085,7.729846,29.65,33.75,18.3,0.0,0.3,0.2,3.0,17.0,21.0,62.0,16.0,7.0,3.0,0.2
2023-07-16,1.0,10.230802,22.26,31.68461,6.866667,2.6320837,4.6666665,31.802084,0.044458333,29.452082,83.99122,7.411676,28.34,38.25,19.1,0.1,0.4,0.2,2.0,17.0,20.0,80.0,17.0,8.0,3.0,0.3
2023-07-17,0.0,7.177048,17.49,28.524757,8.685416,3.26698,10.125,33.754166,0.044583336,32.422916,219.48907,9.405778,28.9,38.85,24.95,0.0,0.4,0.3,7.0,42.0,53.0,72.0,31.0,12.0,4.0,1.1
2023-07-18,1.0,13.048022,26.159998,23.073465,7.5604167,4.0236883,24.166666,35.614582,0.044,32.185413,239.82657,10.457167,28.88,37.7,25.35,0.0,0.4,0.3,8.0,40.0,52.0,60.0,55.0,20.0,4.0,1.2
2023-07-19,0.0,17.475481,34.109997,21.761177,6.8020835,3.8588858,12.25,35.389584,0.044,29.518747,239.35773,9.969403,29.69,35.0,22.5,0.0,,0.3,4.0,32.0,38.0,65.0,60.0,16.0,4.0,0.8
2023-07-20,0.0,17.174015,32.594997,20.67309,3.4104166,3.3820198,0.0,33.297916,0.044,26.620834,259.60712,7.595493,25.59,31.9,20.4,0.0,0.3,0.3,4.0,33.0,40.0,78.0,35.0,12.0,4.0,2.3
2023-07-21,0.0,12.10954,25.394999,31.648985,7.035417,2.5059497,24.458334,31.647917,0.044125002,25.99375,342.8544,6.913812,25.0,32.7,18.8,0.0,0.3,0.2,3.0,23.0,27.0,80.0,20.0,9.0,4.0,1.4
2023-07-22,1.0,10.991604,23.039999,32.804142,6.5625,2.4998872,35.583332,30.96875,0.044208333,27.98958,235.98434,8.397618,29.25,35.25,20.3,0.0,0.3,0.2,2.0,19.0,21.0,79.0,21.0,9.0,4.0,1.1
2023-07-23,1.0,11.470245,23.745,21.66736,3.45,3.1638558,3.2916667,31.708334,0.04408333,26.856255,258.75308,8.504472,28.39,32.75,20.5,0.0,0.4,0.3,2.0,33.0,36.0,83.0,39.0,23.0,4.0,2.2
2023-07-24,1.0,14.519836,28.394999,26.041426,5.1583333,2.6999757,20.833334,31.377083,0.044,24.754166,310.89178,7.333427,28.88,31.8,17.55,0.0,0.3,0.3,3.0,23.0,27.0,75.0,20.0,8.0,4.0,1.7
2023-07-25,0.0,9.677372,22.289999,30.612923,4.9083333,2.3441038,0.0,30.81875,0.044,25.699999,39.886627,6.783084,28.83,32.85,17.45,0.0,0.3,0.3,2.0,18.0,21.0,81.0,16.0,7.0,4.0,1.7
2023-07-26,0.0,7.802124,18.089998,31.07402,6.24375,2.5274837,0.0,31.237501,0.045791667,27.541664,249.27834,8.380643,28.47,33.85,20.9,0.0,0.4,0.3,2.0,23.0,26.0,89.0,27.0,9.0,4.0,1.8
2023-07-27,1.0,14.103002,27.945,30.435701,7.085417,2.7456417,0.5416667,32.108334,0.044,27.302086,243.87054,7.780451,28.4,33.55,19.7,0.0,0.5,0.4,5.0,39.0,46.0,79.0,31.0,11.0,4.0,5.1
2023-07-28,0.0,10.3393755,22.305,30.204712,7.1,2.7334719,5.4583335,32.214584,0.044,28.168747,244.7469,8.110763,28.22,35.35,19.45,0.0,0.4,0.3,5.0,33.0,40.0,82.0,30.0,11.0,4.0,2.5
2023-07-29,0.0,11.128228,23.49,27.212477,6.9125,3.0019302,0.041666668,32.439583,0.044,29.456247,260.66003,8.366491,27.91,36.4,21.85,0.0,0.3,0.2,2.0,26.0,29.0,65.0,21.0,9.0,4.0,2.2
2023-07-30,0.0,12.208187,25.245,32.164818,9.939584,3.0551326,0.0,33.71875,0.044625,30.097918,302.6609,8.237419,27.98,37.0,22.55,0.0,0.2,0.2,2.0,21.0,24.0,68.0,17.0,7.0,4.0,1.2
2023-07-31,1.0,12.091405,24.57,29.779966,9.1375,3.251877,0.0,34.635418,0.044,29.481249,294.16513,8.034895,28.07,36.75,21.6,0.0,0.2,0.2,2.0,21.0,23.0,79.0,22.0,13.0,5.0,1.5
2023-08-01,1.0,8.72656,20.865,22.756433,5.2145834,3.3527288,0.0,34.681248,0.044,29.147917,281.4221,7.874659,27.75,35.65,21.25,0.0,0.3,0.2,2.0,21.0,23.0,85.0,23.0,9.0,5.0,1.5
2023-08-02,0.0,11.372434,24.269999,32.936398,9.83125,2.921242,3.0,33.925,0.044,26.706247,305.45966,7.279916,27.69,33.3,21.4,0.0,0.4,0.2,6.0,29.0,38.0,46.0,31.0,15.0,6.0,2.4
2023-08-03,1.0,9.413428,22.050001,34.713116,7.15,2.408217,2.25,33.337498,0.044,22.1625,27.330336,7.7895174,28.04,28.6,15.6,0.0,0.2,0.2,1.0,14.0,16.0,67.0,18.0,11.0,5.0,1.4
2023-08-04,0.0,18.127493,35.295,34.142982,4.297917,1.8929399,8.458333,28.464584,0.045291666,24.345835,61.31066,6.209359,27.62,33.75,15.45,0.0,0.2,0.2,1.0,10.0,12.0,65.0,10.0,4.0,4.0,1.6
2023-08-05,1.0,5.681024,15.375,32.5603,5.370833,2.4384117,25.083334,30.308334,0.044,27.783333,13.624046,7.8726482,27.3,36.65,18.9,0.0,0.2,0.2,1.0,16.0,18.0,69.0,11.0,4.0,5.0,1.9
2023-08-06,0.0,13.308627,27.57,27.717422,5.5625,2.9632695,0.0,32.372917,0.044,27.475,45.61221,7.93307,27.28,36.5,17.8,0.0,0.3,0.2,2.0,17.0,20.0,57.0,15.0,5.0,5.0,1.5
2023-08-07,1.0,10.967506,23.775,25.729944,5.570833,3.0352812,0.0,32.758335,0.044,30.191668,59.036537,7.5519385,26.2,38.6,21.8,0.0,0.3,0.2,3.0,20.0,26.0,68.0,23.0,8.0,4.0,1.4
2023-08-08,0.0,9.341872,19.74,29.342789,9.604167,3.3193586,6.125,34.337498,0.045833334,32.108337,240.02527,7.6496506,25.03,39.95,23.25,0.0,0.3,0.3,5.0,34.0,41.0,56.0,43.0,18.0,2.0,4.0
2023-08-09,0.0,9.298717,21.105,25.152903,9.279166,3.8084066,13.0,35.554165,0.044,31.739584,264.4079,8.691153,27.32,38.5,24.75,0.0,0.2,0.3,2.0,39.0,42.0,54.0,63.0,23.0,2.0,3.3
2023-08-10,2.0,11.741385,23.549997,20.913202,4.2708335,3.8682415,1.1666666,35.458332,0.044,30.43542,6.054175,7.329671,26.82,38.65,22.2,0.0,0.2,0.2,2.0,25.0,28.0,73.0,34.0,13.0,2.0,2.0
2023-08-11,0.0,8.183911,18.015,23.269335,5.3645835,3.6783807,0.0,34.814583,0.043666665,30.729164,291.03763,7.192239,26.19,37.8,22.8,0.0,0.3,0.3,2.0,30.0,33.0,78.0,31.0,11.0,2.0,3.4
2023-08-12,0.0,7.2310996,17.265,23.795692,6.933333,3.5712774,10.041667,35.175,0.043375,30.28333,215.96628,8.060157,25.95,37.45,23.2,0.0,0.2,0.2,2.0,29.0,32.0,60.0,30.0,12.0,3.0,2.1
2023-08-13,0.0,11.936486,23.699999,28.339067,8.614583,3.2730963,1.0,34.479168,0.043,28.679167,227.84734,8.020707,26.37,34.8,21.55,0.0,0.1,0.2,1.0,18.0,19.0,55.0,32.0,19.0,2.0,1.0
2023-08-14,0.0,11.286925,23.175001,22.2385,3.7541666,3.2098427,8.916667,33.127083,0.043,28.24792,241.15579,7.5744762,25.87,35.35,19.85,0.0,0.3,0.2,2.0,21.0,23.0,71.0,20.0,8.0,3.0,1.4
2023-08-15,0.0,9.163508,20.16,20.781292,3.0604165,3.231985,46.541668,32.53125,0.043,28.364584,228.63747,7.569145,26.13,34.9,20.35,0.0,0.3,0.2,1.0,20.0,22.0,70.0,26.0,11.0,2.0,1.4
2023-08-16,0.0,9.865087,20.775,23.040955,4.5979166,3.1314685,13.416667,32.635418,0.043,28.172918,244.05469,7.3708386,25.79,35.05,20.0,0.0,0.4,0.3,2.0,27.0,31.0,61.0,30.0,13.0,3.0,2.9
2023-08-17,0.0,9.364467,19.679998,24.605125,5.3624997,3.075342,15.083333,32.431248,0.043,27.808332,239.6679,7.962639,24.25,33.75,20.95,0.0,0.4,0.3,2.0,29.0,32.0,65.0,28.0,11.0,2.0,2.7
2023-08-18,,13.441482,26.385,26.888084,6.1041665,2.855318,55.166668,31.520834,0.043,28.379168,250.80861,7.0969434,24.88,35.9,20.65,0.0,0.3,0.3,3.0,25.0,30.0,67.0,21.0,7.0,2.0,2.1
2023-08-19,,8.769638,19.17,29.355429,7.8562503,3.000728,18.583334,32.616665,0.043,30.152086,234.46223,6.563216,25.17,37.8,21.65,0.0,0.2,0.2,1.0,21.0,24.0,56.0,21.0,8.0,2.0,1.6
2023-08-20,,6.2426114,14.954999,24.361437,6.3270836,3.53556,13.75,34.104168,0.043,31.989584,82.87512,6.723132,24.04,39.0,23.95,0.0,0.3,0.2,2.0,27.0,30.0,52.0,18.0,5.0,2.0,1.9
2023-08-21,,7.965616,18.315,26.336418,9.377084,3.816207,22.75,35.445835,0.04279167,32.48958,108.84428,7.3500075,24.79,38.9,24.8,0.0,0.2,0.2,2.0,29.0,32.0,66.0,33.0,15.0,2.0,4.3
2023-08-22,,8.094523,18.21,20.931032,6.4791665,4.0540767,1.7916666,35.860416,0.04416667,31.949999,128.71452,7.758804,24.8,38.75,24.35,0.0,0.3,0.2,2.0,26.0,29.0,69.0,37.0,12.0,2.0,2.0
2023-08-23,,9.72943,20.144999,22.126665,6.4666667,3.8941956,0.5833333,35.54375,0.042,31.483332,200.7584,7.858844,24.79,38.8,23.2,0.0,0.3,0.2,1.0,21.0,23.0,78.0,23.0,8.0,3.0,2.0
2023-08-24,0.0,9.947675,20.82,21.68357,6.1124997,3.8525972,6.0833335,35.091667,0.042,31.231253,256.3057,8.825863,24.24,37.65,22.8,0.0,0.3,0.2,1.0,26.0,28.0,81.0,34.0,13.0,3.0,2.0
2023-08-25,1.0,14.292133,28.019999,18.372465,3.8020833,3.8702517,36.166668,34.533333,0.0425,27.85208,240.95486,7.8058524,16.39,32.1,23.3,0.4,0.3,0.2,5.0,27.0,34.0,48.0,68.0,23.0,3.0,1.3
2023-08-26,0.0,19.09497,38.325,26.259577,5.535417,2.7396517,62.0,30.320833,0.04325,20.997915,356.0639,6.388053,20.48,24.65,16.15,0.0,0.2,0.2,1.0,17.0,19.0,53.0,43.0,12.0,3.0,1.3
2023-08-27,1.0,18.515356,35.594997,35.104427,3.8666668,1.6507554,42.208332,26.095833,0.047125,20.779167,329.68008,5.5023017,23.94,28.35,13.5,0.0,0.2,0.2,1.0,7.0,8.0,62.0,10.0,3.0,2.0,0.5
2023-08-28,0.0,7.1100955,17.519999,40.393635,6.0437503,1.6584326,2.8333333,26.518751,0.04479167,22.045832,28.559551,5.2552724,20.78,27.2,16.25,0.0,0.3,0.2,2.0,13.0,16.0,66.0,9.0,4.0,2.0,1.7
2023-08-29,1.0,9.734479,21.375,40.73882,7.2937503,1.6645122,41.0,27.120834,0.036999997,22.277082,40.398224,5.3640003,21.15,28.2,15.6,0.0,0.2,0.3,2.0,13.0,17.0,63.0,9.0,3.0,2.0,1.8
2023-08-30,1.0,8.941993,20.01,36.987976,6.06875,1.8313516,36.166668,26.852083,0.040999997,23.933332,11.49666,6.021423,23.74,31.25,15.95,0.0,0.3,0.3,2.0,18.0,21.0,72.0,13.0,6.0,3.0,1.3
2023-08-31,1.0,8.976975,19.394999,34.40023,6.2291665,2.1913824,31.75,28.387499,0.039,25.302084,221.98717,5.8586617,21.2,31.75,17.0,0.0,0.3,0.3,3.0,30.0,35.0,64.0,21.0,6.0,3.0,1.9
2023-09-01,1.0,8.672019,19.589998,33.629517,7.3291664,2.2866518,85.666664,28.69375,0.0395,19.552082,43.47252,3.236865,14.68,22.7,17.2,8.2,0.4,0.4,7.0,44.0,54.0,59.0,31.0,11.0,3.0,4.2
2023-09-02,1.0,13.381081,27.525,72.09098,13.802083,0.636617,90.791664,23.4375,0.15875,18.083334,37.490257,1.1076541,4.28,21.35,16.15,62.800003,0.2,0.3,3.0,32.0,36.0,45.0,35.0,23.0,2.0,2.1
2023-09-03,1.0,13.683918,33.12,88.02582,16.210417,0.257993,99.666664,20.0,0.40112498,19.643751,171.62584,2.6754174,14.03,24.0,17.6,29.200003,0.1,0.3,2.0,17.0,20.0,44.0,,,2.0,1.2
2023-09-04,0.0,6.0774293,18.494999,83.43595,16.447916,0.41237473,63.875,21.179167,0.4067917,20.487501,213.20656,4.0195932,21.2,25.85,15.45,0.0,0.2,0.4,4.0,31.0,36.0,44.0,,,2.0,2.4
2023-09-05,0.0,4.8587074,11.099999,72.511154,14.997917,0.76919556,46.5,22.125,0.34604168,21.577082,124.61118,3.9517226,20.48,27.05,17.35,8.2,0.3,0.5,9.0,33.0,47.0,48.0,58.0,28.0,2.0,3.0
2023-09-06,0.0,4.858176,11.369999,70.829605,15.79375,0.8396414,67.583336,23.129166,0.32220832,22.777082,102.62353,3.8468976,19.0,27.7,18.55,0.0,0.3,0.5,5.0,37.0,45.0,58.0,43.0,20.0,3.0,3.6
2023-09-07,0.0,5.820368,12.584999,68.36355,16.308332,0.96808296,86.583336,24.0375,0.26874998,22.595833,29.419077,4.149412,20.47,27.8,17.75,0.2,0.4,0.5,4.0,39.0,45.0,59.0,45.0,21.0,3.0,3.9
2023-09-08,1.0,8.299831,17.505,70.01798,16.333334,0.92800015,37.875,24.229166,0.23170833,21.664583,161.36871,3.7904525,17.59,26.5,18.1,3.2,0.3,0.5,5.0,40.0,47.0,61.0,45.0,28.0,3.0,3.4
2023-09-09,1.0,9.451299,19.875,71.41207,15.666667,0.81360227,58.166668,23.585417,0.20674999,20.977083,109.119774,3.8918457,19.68,27.25,16.85,3.3,0.2,0.4,2.0,22.0,25.0,60.0,35.0,,2.0,1.5
2023-09-10,0.0,7.2619967,17.324999,76.13287,16.147917,0.7013106,51.208332,22.822916,0.286625,19.949999,233.68341,3.7254136,19.4,24.65,16.15,5.2,0.2,0.5,2.0,21.0,24.0,59.0,12.0,4.0,3.0,1.3
2023-09-11,3.0,8.729993,19.05,73.289894,14.377083,0.7043159,54.625,22.112501,0.26370832,19.622917,288.1275,3.6789799,19.15,25.15,14.9,0.1,0.3,,3.0,25.0,29.0,52.0,8.0,3.0,,2.0
2023-09-12,7.0,5.922321,13.29,65.54916,12.589583,0.8750914,42.041668,21.68125,0.20324999,20.452084,41.153355,4.355007,20.82,26.3,15.25,0.0,0.3,0.3,11.0,39.0,56.0,38.0,11.0,3.0,1.0,4.1
2023-09-13,2.0,10.208418,19.71,62.00555,12.389584,1.0349251,3.875,21.9625,0.16770834,20.535418,43.019825,3.8564928,19.49,25.85,15.5,3.9,0.2,0.2,3.0,27.0,31.0,57.0,9.0,3.0,1.0,1.9
2023-09-14,1.0,9.614137,20.175,71.32904,14.808333,0.76515657,52.791668,22.664583,0.15725,19.939585,64.272316,3.016284,15.53,24.45,16.35,18.800003,0.2,0.2,4.0,27.0,33.0,47.0,14.0,3.0,1.0,1.8
2023-09-15,2.0,7.9016356,18.57,76.82305,15.452084,0.60492086,77.0,21.920832,0.2625,18.535418,175.64413,2.8611693,14.54,22.5,15.15,0.9000001,0.2,0.2,4.0,25.0,30.0,55.0,11.0,4.0,1.0,1.5
2023-09-16,0.0,9.514845,18.839998,75.61663,13.847917,0.5788134,86.291664,19.947916,0.31575,17.422916,191.88008,1.9899832,9.59,19.9,14.95,16.0,0.1,0.3,3.0,22.0,27.0,43.0,11.0,4.0,1.0,1.1
2023-09-17,0.0,11.734212,24.06,76.844955,12.935417,0.46874824,81.916664,18.293749,0.34716666,16.541666,222.80235,2.469193,13.26,20.55,13.05,0.8,0.1,0.3,2.0,17.0,20.0,40.0,7.0,3.0,1.0,0.7
2023-09-18,0.0,9.127492,18.015,78.55484,12.53125,0.4390792,58.708332,17.847918,0.33708334,17.025,40.279816,3.3206952,18.77,22.85,11.95,0.2,0.3,0.3,8.0,31.0,43.0,28.0,9.0,4.0,1.0,2.3
2023-09-19,0.0,5.3076286,12.285,75.49288,12.041667,0.58658475,12.541667,18.554167,0.30379167,17.62292,248.22363,4.0378785,20.1,23.6,12.75,0.0,0.4,0.3,8.0,39.0,51.0,31.0,15.0,6.0,1.0,3.1
2023-09-20,2.0,10.157752,18.99,66.17681,10.625,0.794955,23.541666,18.739584,0.26091668,15.943751,235.49367,1.9332772,7.55,18.95,13.4,1.9,0.3,0.3,10.0,37.0,52.0,,16.0,8.0,1.0,2.4
2023-09-21,1.0,19.960562,36.359997,78.19947,12.066667,0.40169123,97.916664,17.141666,0.23562498,15.458333,308.5106,3.8793297,19.85,20.7,10.35,0.0,0.2,0.2,6.0,24.0,33.0,,11.0,5.0,1.0,1.4
2023-09-22,3.0,10.66423,21.33,56.672993,6.210417,0.81248933,23.125,17.137499,0.20858334,15.127084,27.914577,3.412946,20.02,21.15,8.9,0.0,0.3,0.2,5.0,24.0,31.0,,10.0,5.0,1.0,1.9
2023-09-23,0.0,5.238137,11.565,60.934856,7.0375,0.78381485,1.7083334,16.947916,0.18133335,17.11875,33.084866,3.6224885,20.02,25.1,10.2,0.0,0.3,0.2,6.0,38.0,47.0,48.0,14.0,6.0,1.0,2.3
2023-09-24,2.0,5.6150365,12.165,60.58775,8.666667,0.9346313,0.625,18.179167,0.15254167,19.077084,31.246902,3.840774,19.77,27.1,11.2,0.0,0.5,0.3,14.0,44.0,65.0,55.0,19.0,8.0,1.0,3.3
2023-09-25,3.0,5.722428,11.669999,54.264088,8.704166,1.2259068,0.0,19.216667,0.12533334,20.0125,59.13612,3.7109792,19.12,27.45,12.5,0.0,0.8,0.4,21.0,53.0,84.0,50.0,24.0,10.0,2.0,6.0
2023-09-26,1.0,5.2316184,11.639999,57.497066,10.78125,1.1570923,17.458334,20.397917,0.11004167,20.13125,36.08519,3.6843228,18.43,27.8,13.15,0.0,0.5,0.3,11.0,59.0,75.0,48.0,28.0,11.0,1.0,4.9
2023-09-27,1.0,6.0626907,12.494999,60.711517,11.741666,1.0880986,46.291668,21.129168,0.090833336,20.854164,257.4712,3.8737557,18.8,28.75,13.65,0.0,0.6,0.3,12.0,54.0,72.0,50.0,29.0,12.0,2.0,4.9
2023-09-28,2.0,5.1805377,11.625,59.62264,11.71875,1.1895038,20.333334,21.797918,0.08275,22.229164,27.808859,4.0919633,18.76,30.3,15.4,0.0,0.7,0.4,15.0,66.0,89.0,50.0,37.0,15.0,1.0,7.1
2023-09-29,1.0,6.72612,13.829999,51.405254,10.654166,1.5318027,9.291667,22.895834,0.07125,22.066671,31.75257,3.8778164,18.43,29.95,14.55,0.0,0.8,0.4,17.0,58.0,83.0,56.0,29.0,13.0,1.0,5.7
2023-09-30,1.0,5.9860682,13.2,54.542755,11.704166,1.4159956,0.0,23.641668,0.062583335,22.454165,28.593157,3.8300269,18.57,31.1,14.0,0.0,0.5,0.3,6.0,46.0,55.0,60.0,30.0,14.0,1.0,4.7
2023-10-01,0.0,5.569238,12.209999,50.39816,9.754167,1.6516819,18.791666,23.529167,0.061583336,21.602081,23.344019,3.8692417,18.3,30.0,13.6,0.0,0.7,0.3,20.0,48.0,80.0,56.0,28.0,12.0,1.0,2.2
2023-10-02,2.0,5.4557223,11.849999,49.32941,9.525001,1.5213084,24.458334,22.945833,0.062583335,21.510416,28.559496,3.5733678,17.48,29.55,14.3,0.0,0.2,0.3,14.0,54.0,76.0,50.0,28.0,10.0,1.0,0.6
2023-10-03,0.0,5.3920894,11.16,54.17069,11.008334,1.36133,29.916666,22.733332,0.065124996,21.31458,38.07753,3.651397,17.51,28.1,14.95,0.0,0.5,0.3,11.0,62.0,78.0,50.0,34.0,13.0,1.0,3.0
2023-10-04,3.0,7.3997993,16.035,61.30446,13.004167,1.1322356,24.0,23.189583,0.064166665,22.166666,37.44691,3.5562377,17.57,30.1,14.65,0.0,0.5,0.3,8.0,49.0,61.0,54.0,33.0,13.0,1.0,3.6
2023-10-05,0.0,5.740881,12.209999,54.243774,10.895833,1.4696375,0.33333334,23.233332,0.06554166,21.922915,29.678377,4.047927,17.55,30.7,14.1,0.0,1.0,0.4,24.0,63.0,100.0,50.0,43.0,17.0,1.0,8.0
2023-10-06,1.0,7.231228,14.459999,45.476627,8.306251,1.6773119,0.0,23.1,0.064833336,21.285414,27.619362,3.9526029,17.4,29.8,13.8,0.0,0.5,0.3,11.0,49.0,66.0,50.0,36.0,15.0,1.0,4.1
2023-10-07,5.0,6.854225,14.19,45.775074,8.258333,1.5645193,12.625,22.55625,0.06525,21.247915,28.156134,3.7863371,17.13,30.3,13.15,0.0,0.7,0.3,23.0,52.0,88.0,52.0,38.0,15.0,1.0,2.2
2023-10-08,7.0,6.1672454,13.334999,45.12595,7.9125,1.6016617,52.916668,22.352083,0.06583334,20.910418,32.73523,3.607325,16.82,28.6,13.85,0.0,0.5,0.3,7.0,43.0,54.0,55.0,33.0,12.0,1.0,2.6
2023-10-09,8.0,5.500132,12.299999,48.30095,8.610416,1.4343176,65.708336,22.345833,0.06408333,19.45625,26.188124,3.3544505,16.88,27.15,12.1,0.0,0.5,0.3,9.0,60.0,73.0,45.0,26.0,7.0,,6.9
2023-10-10,10.0,4.8037353,11.22,50.81869,8.127084,1.2565519,30.958334,21.34375,0.06454167,18.858332,358.15234,3.305507,16.68,26.7,11.2,0.0,0.4,0.3,13.0,65.0,85.0,39.0,25.0,4.0,1.0,6.5
2023-10-11,4.0,5.1524477,11.384999,51.63917,7.9208336,1.2072631,15.333333,20.760416,0.06675,19.383333,25.407692,3.276153,16.31,27.05,11.55,0.0,0.6,0.3,16.0,65.0,90.0,37.0,26.0,16.0,,5.8
2023-10-12,7.0,4.9437532,10.995,47.181564,7.0208335,1.3837267,5.4166665,20.643751,0.065291665,19.335417,272.97662,3.2990003,12.62,25.75,12.25,0.1,0.5,0.3,10.0,47.0,63.0,55.0,26.0,3.0,1.0,3.3
2023-10-13,7.0,8.375943,16.83,52.79314,8.599999,1.1882181,66.5,20.197916,0.06683333,17.658335,212.06195,2.0670176,12.14,20.45,14.45,6.1,0.3,0.2,5.0,42.0,50.0,57.0,20.0,3.0,1.0,3.0
2023-10-14,1.0,3.8548849,10.169999,76.00729,12.895833,0.5021867,44.541668,19.80625,0.114916675,16.847918,278.0356,2.13654,11.46,21.15,12.6,0.9,0.2,0.2,3.0,28.0,32.0,54.0,16.0,4.0,1.0,1.2
2023-10-15,2.0,6.3157344,13.23,78.043816,12.833333,0.4787363,84.625,19.041666,0.105500005,17.281248,232.84586,1.9343733,9.46,20.7,14.2,0.8000001,0.2,0.2,3.0,25.0,29.0,52.0,12.0,3.0,1.0,1.3
2023-10-16,0.0,8.8602495,17.429998,78.28151,13.141666,0.470119,95.875,18.635416,0.123875,19.04167,190.87836,3.131556,11.49,24.2,15.4,2.0,0.2,0.2,5.0,25.0,34.0,52.0,10.0,4.0,1.0,1.2
2023-10-17,1.0,17.479145,34.124996,70.33395,13.15625,0.7395287,74.875,19.470833,0.125875,17.458332,227.4021,2.4204633,11.83,20.9,15.15,3.4999995,0.2,0.2,7.0,29.0,40.0,36.0,17.0,4.0,1.0,1.8
2023-10-18,1.0,24.185707,43.965,80.70453,13.789584,0.41074237,82.0,18.702084,0.16354166,15.325,214.44467,0.84405243,2.39,17.9,12.55,46.799995,0.2,0.2,6.0,20.0,29.0,54.0,10.0,5.0,1.0,1.0
2023-10-19,4.0,23.133154,47.52,88.1186,13.047916,0.20332487,95.333336,15.972917,0.32083333,12.685417,248.09752,2.118765,11.44,16.8,10.35,1.9000001,0.1,0.1,5.0,28.0,35.0,51.0,7.0,5.0,,1.0
2023-10-20,1.0,22.01058,39.87,75.722145,8.008333,0.38605997,60.958332,14.152083,0.3675833,10.885417,250.60475,1.9576291,11.69,15.8,6.65,0.1,0.2,0.2,6.0,24.0,33.0,61.0,8.0,3.0,,1.3
2023-10-21,1.0,8.143481,16.38,73.28637,5.945833,0.3939247,77.541664,12.972917,0.33354166,11.249999,50.37102,1.511734,7.4,16.25,7.75,17.0,0.1,0.2,4.0,21.0,27.0,60.0,7.0,3.0,1.0,0.7
2023-10-22,2.0,11.848409,21.435,78.509415,7.46875,0.3194712,100.0,12.3625,0.34233332,12.116666,227.94943,1.547311,9.88,15.85,9.05,15.6,0.2,0.2,3.0,24.0,28.0,50.0,7.0,2.0,1.0,1.0
2023-10-23,1.0,12.190873,23.925001,84.668274,9.408334,0.23368685,64.916664,13.09375,0.40254167,11.220833,236.71368,1.3593025,7.69,13.65,8.7,2.0,0.2,0.1,5.0,26.0,34.0,52.0,7.0,3.0,2.0,1.0
2023-10-24,2.0,18.664736,33.435,83.69096,8.591666,0.2342618,80.375,12.472917,0.37870833,14.364583,236.07086,1.598228,8.4,18.15,12.15,1.9000001,0.1,0.2,7.0,24.0,35.0,48.0,8.0,3.0,4.0,1.0
2023-10-25,0.0,19.109274,34.425,84.39012,11.935417,0.2786499,96.625,14.447917,0.36179164,15.956252,234.7154,1.3292458,6.31,18.05,12.95,5.5,0.2,0.2,9.0,24.0,38.0,46.0,9.0,3.0,4.0,1.2
2023-10-26,2.0,24.592278,45.704998,85.879875,13.220833,0.24998231,95.458336,15.654167,0.360875,12.414585,244.74687,1.6271187,9.09,15.25,10.3,0.1,0.1,0.1,8.0,21.0,33.0,38.0,7.0,3.0,4.0,1.0
2023-10-27,1.0,19.151201,34.274998,82.293434,9.429167,0.27078265,90.791664,13.479167,0.359875,13.591666,223.28047,1.687548,9.11,16.3,11.8,1.2000002,0.2,0.2,8.0,26.0,38.0,51.0,8.0,2.0,4.0,1.3
2023-10-28,1.0,20.824785,37.859997,81.95198,10.527083,0.2997279,90.083336,14.23125,0.34545836,13.814583,211.04236,1.3187628,5.49,16.35,12.35,7.7,0.1,0.1,4.0,17.0,24.0,60.0,8.0,3.0,4.0,0.7
2023-10-29,1.0,18.141212,34.965,83.607155,10.931251,0.26981285,98.958336,14.089583,0.35125002,12.183333,226.95334,1.7290553,10.36,14.5,9.05,12.799999,0.1,0.1,3.0,16.0,20.0,58.0,7.0,2.0,4.0,0.3
2023-10-30,2.0,17.936445,33.329998,79.277855,8.2,0.30097255,58.875,13.172916,0.39083335,9.429167,227.40361,1.1630656,7.76,13.5,6.0,0.0,0.2,0.2,7.0,28.0,39.0,48.0,7.0,3.0,4.0,1.2
2023-10-31,2.0,5.9472327,12.27,84.470436,6.7833333,0.20277339,80.625,11.1375,0.361625,11.577084,228.03017,0.90156287,4.45,14.5,7.5,0.8000001,0.4,0.3,22.0,46.0,80.0,20.0,13.0,3.0,4.0,2.9
2023-11-01,0.0,20.884012,36.255,88.210945,10.152083,0.17194588,92.833336,11.85625,0.35333332,13.052085,245.28569,1.5353948,5.61,15.55,8.0,15.300001,0.4,0.3,23.0,30.0,65.0,34.0,9.0,3.0,4.0,2.4
2023-11-02,6.0,29.24292,55.05,79.116646,8.833333,0.28944317,74.291664,13.029167,0.38816667,9.41875,246.42772,1.5579547,9.0,12.6,6.35,1.4,0.2,0.2,5.0,20.0,28.0,61.0,6.0,3.0,4.0,0.9
2023-11-03,1.0,23.436584,43.425,79.07006,6.18125,0.2593819,83.708336,10.827084,0.37154165,11.954167,232.6518,1.1399968,3.82,15.0,9.3,1.7000002,0.3,0.2,9.0,24.0,37.0,49.0,7.0,2.0,4.0,0.9
2023-11-04,1.0,29.463034,52.725002,84.234375,9.2875,0.22471553,71.375,11.922916,0.35854164,10.364583,243.71588,1.767336,9.25,13.8,8.3,0.2,0.1,0.1,4.0,15.0,20.0,62.0,7.0,3.0,4.0,0.3
2023-11-05,0.0,19.697514,35.535,76.20484,6.0604167,0.31927106,50.916668,11.158333,0.34341666,8.400001,256.44754,1.6629163,11.11,12.75,5.0,0.3,0.1,0.2,4.0,16.0,22.0,59.0,10.0,3.0,4.0,0.3
2023-11-06,2.0,11.4220705,21.24,75.72161,3.7958333,0.29957196,15.0,9.900001,0.32508335,6.7916675,261.6521,1.3261532,9.41,11.25,2.4,0.1,0.8,0.2,6.0,33.0,42.0,39.0,8.0,3.0,,
2023-11-07,3.0,8.956853,17.445,80.60302,3.48125,0.21226478,26.083334,8.229167,0.31779167,7.8895836,233.2893,1.1547741,7.53,13.0,4.5,0.5,0.7,0.3,14.0,40.0,61.0,35.0,10.0,4.0,,2.7
2023-11-08,0.0,7.429907,14.79,84.99639,5.5916667,0.1920804,96.708336,9.147917,0.3085,11.414582,240.80888,1.8253855,11.88,15.45,8.85,0.9000001,0.6,0.2,13.0,38.0,58.0,31.0,13.0,5.0,5.0,2.2
2023-11-09,6.0,14.8650255,27.57,77.93484,7.3687496,0.32921684,66.166664,11.497917,0.30499998,10.716667,251.04132,1.543062,8.25,14.1,8.15,1.1,0.2,0.2,4.0,20.0,25.0,57.0,9.0,5.0,5.0,0.8
2023-11-10,96.0,15.974055,28.455,77.351875,7.00625,0.31054458,84.041664,11.452084,0.28954166,14.052083,239.10573,1.1524038,6.63,17.8,11.2,0.1,0.3,0.2,8.0,31.0,42.0,50.0,12.0,5.0,5.0,1.4
2023-11-11,4.0,20.955797,37.305,88.974304,12.335416,0.1929784,99.25,13.677083,0.28962502,14.645832,242.37787,1.5492952,8.96,19.0,12.45,0.2,0.1,0.1,5.0,15.0,23.0,46.0,8.0,5.0,5.0,0.6
2023-11-12,131.0,15.028916,27.539999,84.90589,11.974999,0.28596416,79.208336,14.520833,0.27629167,14.968753,235.09584,1.4972097,9.49,18.45,11.7,0.0,0.2,0.2,4.0,19.0,25.0,45.0,10.0,6.0,5.0,0.7
2023-11-13,8.0,10.080105,19.019999,86.24964,12.364583,0.25328898,67.833336,15.060417,0.26495835,12.341666,234.54158,1.1558467,7.42,17.3,9.65,0.0,0.3,0.2,15.0,34.0,57.0,28.0,13.0,7.0,5.0,2.1
2023-11-14,40.0,5.2995114,11.19,90.69947,10.591666,0.1619228,49.583332,13.216667,0.25683334,11.366666,39.31393,0.88848263,6.23,14.9,9.0,0.0,0.7,0.3,47.0,54.0,126.0,8.0,19.0,9.0,6.0,6.3
2023-11-15,19.0,4.867885,10.514999,93.94816,10.493751,0.09363549,80.375,12.766666,0.25045833,12.058335,186.94086,0.9306368,6.08,17.1,8.9,0.0,0.5,0.3,32.0,44.0,93.0,11.0,23.0,10.0,6.0,5.3
2023-11-16,50.0,3.9769447,8.535,93.269104,10.85625,0.11497694,66.041664,12.575,0.24883334,12.002083,62.241577,1.0494047,7.09,16.4,9.65,0.0,1.0,0.4,66.0,56.0,157.0,3.0,22.0,10.0,6.0,8.9
2023-11-17,125.0,4.399262,10.049999,91.629944,10.570833,0.13702035,79.458336,13.170834,0.24216665,11.3125,24.217327,1.3491858,9.43,16.95,8.2,0.0,1.0,0.4,44.0,60.0,127.0,5.0,21.0,11.0,5.0,7.3
2023-11-18,38.0,4.7469974,9.96,87.81656,9.145833,0.19490759,53.791668,12.45625,0.237125,11.185417,18.016855,1.5059329,10.65,17.65,5.95,0.0,0.8,0.4,33.0,53.0,103.0,18.0,19.0,10.0,6.0,4.7
2023-11-19,130.0,4.3851876,8.714999,81.23957,7.7520833,0.30886844,10.541667,11.275001,0.22908334,10.441667,5.7104664,1.4581635,10.34,17.7,4.85,0.0,0.6,0.4,24.0,50.0,86.0,20.0,17.0,8.0,6.0,3.0
2023-11-20,660.0,5.8055816,11.31,85.01398,7.9125,0.23412241,19.666666,10.841667,0.222125,9.270833,7.5422683,1.6374998,9.54,13.65,6.7,0.0,0.6,0.3,21.0,52.0,84.0,15.0,19.0,9.0,6.0,4.6
2023-11-21,1105.0,11.397767,21.045,68.75547,3.3875,0.38683823,28.291666,10.252084,0.21166666,9.483333,13.216653,2.228357,8.83,13.85,5.95,0.0,0.7,0.2,8.0,32.0,44.0,37.0,10.0,5.0,5.0,2.7
2023-11-22,247.0,20.871397,37.125,62.542507,2.45625,0.4679449,39.125,9.672916,0.19325,7.737499,30.438482,1.7815336,10.69,14.25,2.15,0.0,0.6,0.2,4.0,25.0,32.0,51.0,9.0,4.0,6.0,3.2
2023-11-23,25.0,7.5210605,15.764999,59.458637,-0.63958335,0.48105553,2.7083333,8.295834,0.17529166,6.61875,306.6258,1.4193721,10.51,15.7,0.7,0.0,0.9,0.4,37.0,61.0,117.0,30.0,14.0,5.0,6.0,4.8
2023-11-24,25.0,4.6458116,9.825,73.00898,1.7416667,0.32983026,3.7916667,7.4083333,0.161875,7.8000007,357.7094,1.3758482,10.27,15.8,1.85,0.0,1.5,0.6,63.0,81.0,178.0,9.0,27.0,9.0,7.0,8.4
2023-11-25,46.0,4.0793376,8.4,77.19379,3.8,0.30727795,15.5,7.5791664,0.15516667,7.3333335,354.01956,1.2898445,9.89,14.25,2.1,0.0,1.9,0.7,80.0,79.0,202.0,6.0,35.0,13.0,7.0,8.5
2023-11-26,253.0,5.375727,10.665,78.63485,3.8145835,0.26577786,90.291664,7.960417,0.14837499,7.824999,248.53224,0.92708856,6.8,12.85,3.6,0.0,0.8,0.3,24.0,52.0,89.0,14.0,29.0,10.0,6.0,3.2
2023-11-27,98.0,10.278393,18.494999,87.7445,5.7479167,0.14720187,89.875,8.474999,0.14008333,9.529167,242.74303,0.74504256,5.3,12.85,7.25,0.0,0.7,0.3,29.0,45.0,90.0,12.0,28.0,14.0,6.0,3.3
2023-11-28,55.0,13.347701,24.044998,92.36631,8.579166,0.102898,91.125,10.047916,0.13754167,12.450001,228.49757,0.899959,5.0,15.45,11.05,0.3,0.3,0.2,12.0,29.0,46.0,23.0,14.0,7.0,6.0,1.8
2023-11-29,5.0,16.409184,30.15,89.48469,10.822917,0.16315202,95.125,12.233334,0.13954167,13.372917,213.94241,0.6694329,2.49,15.15,12.45,10.2,0.2,0.2,11.0,30.0,47.0,36.0,10.0,6.0,6.0,1.5
2023-11-30,10.0,24.1877,45.809998,89.50409,11.764584,0.1648113,99.625,12.885417,0.1955,9.252084,260.34976,1.2861556,6.63,14.15,5.7,22.400002,0.1,0.1,7.0,26.0,37.0,45.0,8.0,5.0,6.0,1.1
2023-12-01,12.0,15.977437,31.409998,73.33832,3.8,0.294897,55.791668,10.118751,0.36249998,6.383333,283.3882,1.2152501,8.51,10.6,3.65,0.0,0.3,0.2,8.0,35.0,48.0,48.0,10.0,5.0,6.0,1.7
2023-12-02,9.0,9.233826,17.085,73.16183,1.5166668,0.27765948,18.333334,7.5875,0.31091666,3.9937503,194.84547,0.89067274,7.73,8.4,-0.3,0.0,0.4,0.3,7.0,36.0,47.0,39.0,10.0,5.0,6.0,1.4
2023-12-03,4.0,6.2880554,12.375,85.04006,1.6604166,0.14044504,63.708332,5.525,0.29158333,6.6916656,225.47697,0.82359624,6.92,10.35,3.8,1.1,0.5,0.3,11.0,38.0,54.0,23.0,13.0,8.0,6.0,1.5
2023-12-04,8.0,13.232274,24.269999,87.12106,4.8229165,0.13722558,49.958332,7.2833333,0.28758332,5.75625,0.4721895,0.9516246,6.29,8.55,2.5,0.0,0.6,0.2,9.0,36.0,49.0,27.0,11.0,5.0,6.0,1.5
2023-12-05,4.0,8.389398,16.289999,76.10383,1.7145834,0.23152702,92.333336,6.4791665,0.27404168,5.78125,24.793522,0.9847377,7.65,9.85,1.25,0.0,0.4,0.3,9.0,45.0,60.0,34.0,10.0,4.0,7.0,2.2
2023-12-06,2.0,5.7650304,11.474999,77.64222,1.8979167,0.21849005,73.5,6.383333,0.2665,5.8770833,220.2963,0.4752672,3.19,9.45,2.3,8.7,0.6,0.3,21.0,46.0,78.0,23.0,12.0,6.0,6.0,1.9
2023-12-07,1.0,5.946192,12.03,91.72965,5.0416665,0.082607195,97.708336,6.3729167,0.288875,8.839583,272.6657,1.2511435,7.11,11.65,6.65,0.9,1.0,0.4,43.0,53.0,120.0,5.0,22.0,14.0,6.0,3.5
2023-12-08,3.0,14.962323,27.674997,75.38807,4.2291665,0.2884086,69.666664,8.339583,0.34445834,8.58125,239.62672,0.6236353,4.15,12.6,5.25,0.0,0.3,0.2,4.0,28.0,34.0,49.0,8.0,5.0,6.0,0.8
2023-12-09,59.0,12.945039,23.76,90.21478,7.3270836,0.11137265,97.875,8.385417,0.31104168,11.027083,236.82146,0.4416733,2.66,12.45,9.7,0.1,0.2,0.2,5.0,27.0,34.0,36.0,11.0,5.0,6.0,0.7
2023-12-10,165.0,7.0482044,13.079999,96.10812,10.414583,0.053711217,96.958336,10.847917,0.29945835,10.38125,212.76984,0.68436307,4.67,13.55,7.9,0.0,0.1,0.2,4.0,20.0,27.0,36.0,9.0,5.0,6.0,0.5
2023-12-11,16.0,5.948862,12.329999,91.87087,8.868751,0.11115379,99.875,11.022916,0.294625,9.485416,229.59816,0.5061106,3.07,12.25,6.85,0.4,0.2,0.2,14.0,39.0,60.0,27.0,13.0,7.0,6.0,1.8
2023-12-12,43.0,10.405335,19.964998,93.28567,8.8,0.08920026,100.0,9.977083,0.2915,9.839583,278.13,1.5297669,8.02,12.1,6.75,1.3000001,0.4,0.3,32.0,50.0,98.0,8.0,20.0,11.0,6.0,3.4
2023-12-13,85.0,17.109823,30.24,70.85402,4.1124997,0.34442505,48.25,9.845834,0.32558334,6.4437504,339.09683,1.0916369,6.74,11.2,2.35,0.0,0.5,0.3,9.0,36.0,49.0,40.0,9.0,4.0,6.0,2.3
2023-12-14,57.0,8.030921,15.81,73.50753,1.7624999,0.2760883,14.125,7.1687503,0.29920834,8.087501,36.4454,1.4034548,8.66,13.65,4.3,0.0,0.7,0.3,23.0,46.0,81.0,28.0,11.0,4.0,6.0,2.3
2023-12-15,14.0,12.728459,23.235,73.66384,3.4729166,0.31457356,6.9166665,7.31875,0.28,5.1229167,16.61586,1.0808052,9.25,11.45,0.55,0.0,0.8,0.4,18.0,55.0,82.0,29.0,12.0,5.0,6.0,3.0
2023-12-16,2.0,5.52918,11.13,77.73839,1.0145833,0.23587789,0.16666667,5.5208335,0.26425,3.8,17.241533,1.0249083,9.26,10.55,-1.2,0.0,1.0,0.4,36.0,60.0,116.0,21.0,18.0,10.0,7.0,2.9
2023-12-17,19.0,5.4007554,10.545,82.211174,0.79375,0.17494129,0.0,4.3145833,0.25841668,3.575,8.69127,1.0090283,9.09,10.9,-1.6,0.0,1.0,0.5,32.0,60.0,109.0,17.0,19.0,11.0,7.0,2.8
2023-12-18,17.0,4.362869,8.625,82.60224,0.75624996,0.16466327,0.0,3.9937499,0.255375,3.2354167,10.214005,1.0452683,9.21,10.9,-1.6,0.0,1.1,0.5,52.0,58.0,138.0,10.0,25.0,13.0,6.0,4.5
2023-12-19,96.0,6.0954986,10.695,79.64611,-0.26250002,0.18309347,0.625,3.5041666,0.24925,4.6625004,11.785332,1.2643036,7.41,11.25,-1.1,1.1,1.5,0.8,89.0,59.0,196.0,5.0,32.0,17.0,5.0,6.8
2023-12-20,335.0,11.7188425,22.275,72.71682,0.375,0.27404416,52.833332,4.84375,0.25175,5.8229165,331.57242,1.072026,8.65,12.4,0.55,0.0,1.0,0.5,39.0,39.0,99.0,31.0,19.0,11.0,5.0,3.9
2023-12-21,34.0,4.565089,9.525,79.22575,2.0041666,0.2267329,14.0,5.691666,0.23016666,5.520834,358.5143,1.1400167,9.02,13.5,0.05,0.0,1.0,0.7,54.0,60.0,143.0,19.0,23.0,11.0,5.0,5.2
2023-12-22,124.0,5.7556615,10.845,79.14373,1.9708333,0.23663425,2.2083333,5.3083334,0.22045833,5.004166,16.396488,1.129332,9.1,12.6,0.15,0.0,1.6,0.8,68.0,63.0,167.0,12.0,23.0,12.0,6.0,6.7
2023-12-23,158.0,7.3497767,13.23,78.57911,1.2916666,0.2286921,1.75,4.991667,0.199875,4.577083,28.932138,1.0341405,9.04,10.9,-0.1,0.0,0.9,0.6,31.0,48.0,96.0,22.0,18.0,9.0,5.0,2.6
2023-12-24,122.0,5.229016,10.169999,80.82031,1.2479167,0.19164921,10.041667,4.6208334,0.20079166,2.8666666,359.99997,0.9851692,9.13,9.55,-1.4,0.0,0.4,0.4,18.0,37.0,65.0,25.0,13.0,7.0,5.0,1.3
2023-12-25,48.0,4.803709,9.6449995,87.468445,0.7395833,0.11717465,1.625,3.375,0.197625,1.6416665,43.33169,0.7091658,7.05,7.05,-1.8,0.0,0.6,0.4,15.0,38.0,60.0,18.0,22.0,15.0,4.0,1.2
2023-12-26,37.0,3.8438494,8.295,94.43488,0.8416667,0.046373695,59.333332,2.7124999,0.19829166,3.1416667,30.068518,0.89102274,7.93,8.9,0.55,0.0,1.3,0.7,76.0,51.0,168.0,6.0,42.0,27.0,5.0,4.2
2023-12-27,4.0,4.0815406,9.6449995,84.83962,0.6666667,0.12708692,65.208336,4.016667,0.19804166,2.46875,49.85668,0.81638753,7.07,8.6,-1.9,0.0,1.3,0.7,81.0,56.0,181.0,9.0,38.0,21.0,5.0,5.6
2023-12-28,5.0,3.596794,7.5749993,85.117386,0.22500001,0.13184775,90.708336,2.8875,0.19358332,3.4083335,17.233213,0.47926757,3.19,6.9,-0.55,0.9,1.3,0.7,76.0,58.0,175.0,5.0,41.0,24.0,6.0,5.4
2023-12-29,9.0,4.773623,10.035,86.34854,1.3874999,0.116098545,95.041664,3.7583332,0.19295834,4.0854163,289.47662,1.0137632,8.81,11.0,-0.8,0.0,1.7,0.8,83.0,61.0,187.0,4.0,46.0,27.0,7.0,5.8
2023-12-30,20.0,5.6181016,10.799999,85.05702,1.6791667,0.15381147,38.458332,4.1520834,0.18708332,6.860417,235.45847,0.54160964,3.87,10.3,3.8,0.0,1.1,0.6,55.0,50.0,134.0,7.0,31.0,20.0,6.0,3.6
2023-12-31,384.0,13.843587,25.349998,92.19686,5.7000003,0.0839971,96.541664,6.4208336,0.18275,4.9874997,266.37857,0.8414398,7.15,9.35,3.1,0.0,0.5,0.3,3.0,18.0,23.0,39.0,14.0,10.0,5.0,0.5
2024-01-01,107.0,5.8354173,11.954999,87.395164,2.8083334,0.124623604,89.416664,5.933333,0.18175,5.4395833,215.43535,0.45600712,2.95,9.1,1.75,0.1,0.6,0.4,13.0,34.0,53.0,20.0,24.0,15.0,,0.9
2024-01-02,40.0,7.7085385,14.714999,89.37329,4.258333,0.10469419,99.041664,5.4270835,0.18070833,10.570834,232.6151,0.41214895,2.19,12.45,8.7,2.0,0.7,0.4,24.0,45.0,82.0,7.0,22.0,10.0,,2.0
2024-01-03,12.0,13.462063,25.305,94.21518,9.635417,0.07565587,100.0,9.23125,0.20104165,9.381249,238.85875,0.44106376,2.52,10.75,7.45,9.6,0.2,0.4,13.0,32.0,52.0,21.0,10.0,6.0,1.0,1.3
2024-01-04,15.0,7.734422,16.08,94.274536,8.443749,0.06958782,93.375,9.3,0.26654166,6.5812497,275.22772,1.1640257,7.57,8.35,4.8,1.0,0.2,0.4,11.0,34.0,51.0,22.0,11.0,7.0,1.0,1.6
2024-01-05,157.0,17.885847,32.385,75.699974,2.2104166,0.23615521,65.375,7.195833,0.31054166,5.402083,285.14038,1.3989284,8.45,8.2,3.15,0.0,0.2,0.3,5.0,21.0,28.0,51.0,7.0,4.0,1.0,0.9
2024-01-06,9.0,15.049731,27.9,68.273384,-0.28125,0.28877392,36.25,5.84375,0.276625,3.6583326,316.49945,1.0508627,9.34,8.9,-0.8,0.0,0.2,0.3,4.0,19.0,24.0,51.0,7.0,4.0,2.0,0.3
2024-01-07,6.0,4.635637,9.495,75.44476,-0.75624996,0.22392003,45.708332,4.5916667,0.25954166,1.9520835,238.57043,0.94294107,8.6,7.35,-2.6,0.0,0.3,0.4,6.0,30.0,39.0,39.0,8.0,5.0,2.0,0.6
2024-01-08,5.0,4.035168,8.64,78.8891,-1.25625,0.17446196,56.416668,3.48125,0.24808334,5.0479164,81.634186,0.84708637,6.99,8.85,2.45,0.2,0.7,0.5,41.0,50.0,112.0,19.0,19.0,9.0,1.0,2.7
2024-01-09,3.0,3.9673955,8.79,80.63343,1.9416666,0.1803211,93.833336,5.347917,0.23908333,5.0708337,244.11302,0.47455555,3.39,7.45,2.65,1.9000001,0.4,0.4,11.0,42.0,59.0,21.0,17.0,9.0,2.0,1.5
2024-01-10,8.0,10.182178,18.57,91.34729,3.8708334,0.0780905,94.875,5.379167,0.24741666,3.9812498,10.611509,1.0628666,8.6,7.5,0.5,0.5,0.5,0.4,16.0,37.0,62.0,18.0,19.0,12.0,2.0,2.4
2024-01-11,4.0,8.019376,15.63,80.495674,0.29999998,0.17624323,57.416668,5.1916666,0.26125,1.9770836,27.680984,1.086269,9.87,7.35,-2.25,0.0,0.3,0.4,9.0,31.0,45.0,29.0,8.0,4.0,2.0,1.1
2024-01-12,2.0,8.422131,15.749999,76.99609,-1.7895833,0.17990305,18.458334,3.4791667,0.25145832,3.7979164,27.117397,0.6522274,4.9,9.35,0.1,0.0,0.5,0.5,13.0,39.0,59.0,27.0,12.0,6.0,1.0,1.7
2024-01-13,2.0,5.12549,10.2,83.74507,1.3958334,0.14492239,88.333336,3.9208333,0.24425,6.214583,230.45392,0.43714422,2.26,9.9,3.05,1.1,0.6,0.5,21.0,48.0,80.0,17.0,17.0,10.0,2.0,1.7
2024-01-14,133.0,7.1413536,13.739999,89.154816,5.016667,0.109611034,99.958336,5.241667,0.25754166,11.28125,237.92148,0.5530388,3.23,14.7,8.45,14.099999,0.8,0.5,24.0,40.0,76.0,9.0,23.0,16.0,2.0,1.6
2024-01-15,133.0,15.754021,28.979998,93.78992,10.625,0.09095996,99.458336,9.633333,0.35545835,12.912499,221.86937,0.92666435,4.36,15.0,11.0,1.7,0.2,0.3,9.0,24.0,39.0,28.0,9.0,5.0,1.0,1.1
2024-01-16,269.0,15.881638,29.324999,86.055565,10.379167,0.21192403,99.916664,11.589583,0.34404168,11.229164,219.54758,0.9373075,4.64,12.1,9.8,16.300001,0.1,0.3,10.0,25.0,41.0,38.0,17.0,6.0,1.0,1.0
2024-01-17,51.0,25.896643,47.55,86.3998,8.935416,0.18121733,89.25,10.591666,0.37866667,11.160416,234.32185,1.1436583,6.92,14.0,9.3,1.5000001,0.1,0.3,5.0,17.0,24.0,63.0,8.0,4.0,1.0,0.5
2024-01-18,121.0,20.36329,37.859997,87.055695,8.91875,0.18147685,90.083336,10.714583,0.34966668,7.25625,22.975653,0.51416284,2.26,9.8,4.2,30.700003,0.1,0.3,6.0,21.0,31.0,54.0,9.0,3.0,1.0,0.8
2024-01-19,15.0,17.281641,31.919998,87.69242,4.9583335,0.1132151,99.0,8.2,0.40866664,5.6979175,35.57421,1.4709933,9.9,9.8,1.35,0.0,0.2,0.3,5.0,23.0,30.0,46.0,5.0,4.0,1.0,0.7
2024-01-20,71.0,10.325197,20.01,73.996414,1.2291666,0.24609703,46.833332,6.55625,0.384125,5.756249,325.87134,1.181877,9.79,11.35,2.0,0.0,0.2,0.3,5.0,20.0,27.0,51.0,7.0,4.0,1.0,0.4
2024-01-21,69.0,5.102833,10.365,86.63168,3.4333334,0.14619447,47.5,6.61875,0.37129167,5.2062497,62.525642,0.9167906,7.08,12.65,0.95,0.0,0.4,0.4,6.0,30.0,39.0,35.0,13.0,9.0,1.0,0.8
2024-01-22,56.0,3.276633,7.725,90.54508,3.8270833,0.11000941,73.916664,5.94375,0.3570417,6.602083,38.74869,1.0196826,8.01,13.75,3.05,0.0,0.9,0.6,45.0,53.0,121.0,10.0,31.0,22.0,2.0,3.0
2024-01-23,78.0,4.203391,8.91,92.836754,5.558333,0.091623865,69.083336,7.1124997,0.340875,9.068749,21.870993,1.4333582,10.61,16.6,3.55,0.0,1.0,0.7,57.0,54.0,141.0,11.0,37.0,22.0,2.0,4.5
2024-01-24,197.0,5.503733,10.469999,85.13296,6.5729165,0.22418289,11.041667,8.125,0.32233334,9.433333,20.282633,1.5290508,11.16,16.7,3.8,0.0,1.2,0.9,83.0,53.0,179.0,11.0,33.0,14.0,3.0,7.3
2024-01-25,392.0,4.8902235,9.36,83.10555,6.5375,0.25665674,43.958332,8.354167,0.30920833,10.281249,22.95907,1.5328662,10.16,18.0,3.95,0.0,0.8,0.7,58.0,53.0,142.0,11.0,29.0,12.0,3.0,5.1
2024-01-26,480.0,6.1252847,10.905,75.07594,5.758333,0.38732895,92.583336,8.497916,0.30270836,10.052083,24.070915,1.6026669,10.1,17.55,5.15,0.0,0.8,0.7,52.0,51.0,132.0,13.0,26.0,11.0,3.0,5.7
2024-01-27,208.0,7.304651,12.869999,74.49645,5.34375,0.37133256,100.0,8.900001,0.29341665,9.062501,25.588474,1.5632622,11.3,16.1,3.65,0.0,0.4,0.5,20.0,41.0,72.0,21.0,17.0,9.0,3.0,2.3
2024-01-28,336.0,5.158676,9.735,77.932396,5.21875,0.30924577,74.166664,8.841666,0.284625,9.154167,28.104374,1.3294196,9.38,14.3,4.35,0.0,0.3,0.4,15.0,37.0,59.0,27.0,17.0,10.0,2.0,1.5
2024-01-29,141.0,5.222893,10.005,78.84565,5.335417,0.28037846,98.583336,8.931251,0.27525,7.8583336,41.5106,1.4618105,11.62,13.15,3.2,0.0,0.3,0.4,10.0,35.0,50.0,29.0,22.0,10.0,,1.3
2024-01-30,96.0,3.4925938,7.92,86.73325,5.5416665,0.1672532,31.666666,8.354167,0.26979166,6.358333,33.47633,1.086579,8.81,12.0,2.9,0.0,0.4,0.5,28.0,47.0,90.0,18.0,35.0,19.0,,2.5
2024-01-31,91.0,4.4376593,9.99,91.50247,5.0333333,0.099069886,82.416664,7.414583,0.27016667,9.052084,20.789488,1.764607,12.08,17.2,3.5,0.0,0.8,0.5,26.0,40.0,80.0,12.0,30.0,18.0,1.0,3.4
2024-02-01,234.0,6.9799423,13.215,72.64855,4.0020833,0.39389038,28.041666,7.8875003,0.26754168,8.402083,31.772186,1.6936617,11.94,15.0,3.1,0.0,1.2,0.6,28.0,46.0,88.0,17.0,38.0,19.0,3.0,5.1
2024-02-02,1173.0,9.116249,16.695,76.80157,4.3333335,0.30323192,19.458334,8.193749,0.25229168,8.002083,27.503345,1.7658592,12.48,15.2,2.75,0.0,0.8,0.5,27.0,47.0,88.0,21.0,31.0,13.0,2.0,4.1
2024-02-03,300.0,7.472772,13.665,75.10512,3.3166666,0.32903722,0.0,8.1375,0.24020833,8.14375,14.580504,1.7977571,12.64,16.25,1.8,0.0,0.8,0.5,15.0,38.0,62.0,32.0,22.0,11.0,2.0,2.0
2024-02-04,175.0,4.9282384,9.33,68.294,2.1875,0.4278781,10.25,7.727083,0.22829168,7.322916,357.1377,1.4797395,10.43,14.95,1.35,0.0,0.7,0.5,13.0,42.0,62.0,34.0,24.0,11.0,1.0,2.1
2024-02-05,116.0,5.363361,10.14,75.54813,2.9750001,0.30596334,79.125,7.289583,0.23004167,8.620834,264.02573,1.445134,9.7,15.1,4.1,0.0,1.0,0.6,39.0,62.0,122.0,12.0,32.0,15.0,2.0,5.4
2024-02-06,172.0,6.30668,12.195,79.4469,5.2062497,0.26569,75.541664,8.539583,0.22116667,7.9479165,251.4607,0.8230731,5.39,11.95,3.35,1.1,1.2,0.6,44.0,50.0,117.0,15.0,40.0,21.0,3.0,5.7
2024-02-07,256.0,10.840855,19.935,90.66919,6.5,0.11602893,70.208336,8.162499,0.21429168,9.468751,204.31473,0.97369814,3.92,11.95,7.35,1.1,0.4,0.4,8.0,26.0,37.0,37.0,25.0,12.0,1.0,1.1
2024-02-08,46.0,15.9443865,28.949999,83.956856,6.7125,0.20012288,100.0,9.1875,0.21208334,9.745833,203.61195,0.7215899,3.84,12.75,8.05,13.7,0.1,0.3,12.0,28.0,47.0,32.0,27.0,11.0,1.0,1.2
2024-02-09,30.0,18.244328,34.005,89.88146,8.064584,0.12514256,96.5,9.352083,0.32370833,7.366667,266.18597,1.7562284,10.81,10.55,5.0,1.1000001,0.1,0.3,7.0,23.0,34.0,48.0,8.0,5.0,1.0,0.7
2024-02-10,134.0,21.034332,39.195,70.35853,1.8666667,0.30656108,42.541668,7.8937497,0.33704165,4.6166663,238.68127,0.9029735,5.5,9.05,1.35,1.3000001,0.1,0.3,4.0,14.0,20.0,65.0,8.0,5.0,1.0,0.3
2024-02-11,16.0,12.47668,23.31,83.45894,2.09375,0.14813483,89.625,5.9125,0.304,9.385417,241.07367,1.4972974,10.62,15.55,5.55,0.2,0.1,0.3,5.0,15.0,22.0,58.0,8.0,4.0,1.0,0.3
2024-02-12,33.0,15.790053,28.815,85.29951,7.2083335,0.2144136,86.875,8.914583,0.29375002,11.220833,248.4786,1.111769,6.94,16.15,6.65,0.1,0.1,0.3,7.0,21.0,31.0,43.0,10.0,5.0,1.0,0.9
2024-02-13,953.0,8.369086,15.794999,90.01013,9.427083,0.16124435,83.833336,10.381249,0.28079167,11.845832,24.605104,1.2982957,7.98,17.1,8.25,0.0,0.3,0.4,14.0,30.0,52.0,28.0,19.0,9.0,1.0,2.6
2024-02-14,463.0,8.12954,15.224999,88.63224,10.03125,0.19125481,99.75,11.599999,0.271125,11.325,159.7435,0.94815636,5.35,15.9,8.25,5.4,0.5,0.5,19.0,38.0,67.0,15.0,19.0,11.0,1.0,4.4
2024-02-15,833.0,9.9146185,18.675,88.67388,9.443749,0.16688813,93.333336,11.099999,0.28545833,11.114583,277.28748,1.9034778,12.39,15.8,7.85,0.9,0.3,0.4,15.0,35.0,58.0,20.0,17.0,10.0,1.0,3.6
2024-02-16,736.0,7.6374345,16.155,70.33645,5.1875,0.42920032,45.208332,11.320834,0.3355,8.739583,357.74942,2.2212186,14.9,16.65,2.2,0.0,0.2,0.4,6.0,32.0,41.0,54.0,11.0,6.0,1.0,1.9
2024-02-17,581.0,5.5037274,11.579999,70.960014,3.1395833,0.40905488,6.875,9.70625,0.30275,8.610417,9.80608,2.0249124,13.58,16.4,2.65,0.0,0.5,0.5,18.0,46.0,74.0,31.0,16.0,9.0,1.0,3.2
2024-02-18,573.0,5.800431,11.579999,69.62978,3.075,0.404665,73.25,9.122916,0.27004167,10.612502,25.098818,2.3613992,14.49,18.8,4.6,0.0,0.3,0.5,9.0,38.0,52.0,42.0,14.0,7.0,1.0,1.7
2024-02-19,538.0,8.546616,16.185,71.17537,5.2604165,0.4555459,8.666667,10.3,0.25724998,10.091667,3.8352242,2.494289,15.75,18.6,3.15,0.0,0.5,0.5,20.0,43.0,73.0,33.0,16.0,8.0,1.0,3.6
2024-02-20,1252.0,6.2982755,12.794999,67.43358,3.6708333,0.4902067,32.083332,10.070833,0.23658334,9.254166,253.24416,1.7819381,10.11,17.4,2.05,0.0,0.4,0.5,16.0,44.0,69.0,39.0,18.0,8.0,1.0,3.5
2024-02-21,330.0,7.422158,13.755,71.49503,4.389583,0.40603244,93.208336,9.45625,0.22175,10.602083,241.74815,1.302998,7.81,12.9,7.3,2.6,0.6,0.5,29.0,49.0,93.0,22.0,27.0,14.0,1.0,3.5
2024-02-22,595.0,22.0373,39.734997,80.61554,7.085417,0.24711733,93.541664,10.39375,0.22141667,6.185417,263.8797,1.9793023,12.47,10.15,2.0,1.3,0.2,0.3,6.0,17.0,27.0,51.0,13.0,7.0,1.0,1.1
2024-02-23,86.0,19.302122,36.06,68.268074,0.36458334,0.30804685,20.416666,7.7312503,0.23637499,5.9083333,271.3893,2.1261218,14.13,10.45,1.85,2.2,0.2,0.3,6.0,18.0,28.0,65.0,9.0,4.0,1.0,0.7
2024-02-24,20.0,17.743849,32.64,70.16827,0.34375,0.32469597,67.125,7.245833,0.23875,9.395834,238.29703,1.443094,7.74,13.6,5.6,0.6,0.1,0.3,4.0,16.0,21.0,65.0,7.0,3.0,1.0,0.3
2024-02-25,36.0,28.381777,49.905,83.14654,7.0208335,0.21798913,99.958336,9.364583,0.24070834,8.497916,281.7374,2.1319387,13.78,11.2,5.65,1.6,0.2,0.3,3.0,8.0,13.0,60.0,10.0,5.0,1.0,0.2
2024-02-26,774.0,19.75571,37.094997,68.99383,2.4479167,0.3429773,68.75,9.358334,0.23145832,6.34375,327.7491,2.2622724,13.26,11.1,3.1,0.0,0.2,,,,,63.0,5.0,3.0,1.0,1.2
2024-02-27,59.0,13.178515,25.14,58.79366,-1.5270834,0.4144359,64.958336,7.80625,0.20979166,6.918751,11.055239,2.2924533,15.01,13.55,1.45,0.0,0.3,0.3,5.0,22.0,29.0,65.0,6.0,3.0,1.0,2.4
2024-02-28,67.0,10.421168,20.22,66.57829,0.8208334,0.3842176,36.166668,8.306251,0.19079167,6.9458327,297.60895,2.6524787,16.02,15.6,0.9,0.0,0.7,0.4,13.0,38.0,58.0,51.0,12.0,5.0,2.0,3.4
2024-02-29,422.0,13.033526,24.36,68.709526,1.0041667,0.390586,16.291666,8.025001,0.18416667,6.7625003,268.80545,2.5815623,14.36,12.2,2.1,0.0,0.7,0.4,21.0,40.0,73.0,42.0,18.0,8.0,1.0,4.3
2024-03-01,128.0,18.176939,32.804996,60.947697,-0.40625,0.41668987,21.333334,7.8770833,0.165125,6.887501,231.8548,1.0284864,4.83,9.3,4.1,6.8,0.4,0.4,8.0,23.0,35.0,63.0,13.0,5.0,1.0,1.6
2024-03-02,21.0,25.591917,46.74,81.77441,3.7437499,0.1797762,84.833336,7.3916664,0.184375,5.25625,271.6173,2.1607723,13.89,9.85,1.9,1.5000001,0.4,0.3,4.0,17.0,23.0,68.0,11.0,5.0,1.0,0.5
2024-03-03,60.0,19.384771,35.76,65.97744,-0.80625004,0.32840642,45.25,6.15,0.24275,8.135416,245.27103,1.5096688,9.82,12.7,4.1,0.70000005,0.2,0.3,4.0,14.0,19.0,74.0,,,1.0,0.3
2024-03-04,86.0,18.311077,33.359997,80.002556,4.883333,0.23715425,64.875,8.102083,0.23670834,7.6437497,285.56714,2.414752,15.94,13.45,3.1,0.0,0.3,0.3,7.0,21.0,32.0,58.0,,,1.0,1.1
2024-03-05,33.0,8.210418,16.83,65.3335,0.92291665,0.40684795,21.291666,8.568749,0.22266667,6.8125,44.438457,2.3989298,17.46,13.95,-0.25,0.0,0.5,0.4,6.0,26.0,35.0,64.0,10.0,4.0,1.0,1.8
2024-03-06,28.0,6.312771,12.929999,68.6307,1.0979167,0.3889259,54.916668,8.329166,0.21404167,7.9687495,174.08282,1.7024642,9.25,13.45,3.5,9.4,0.6,0.4,10.0,41.0,56.0,45.0,17.0,7.0,2.0,2.9
2024-03-07,87.0,16.112686,29.279999,72.982445,2.9458332,0.31786963,88.458336,7.804167,0.22425,6.4812503,217.38864,1.7202497,10.68,10.4,3.45,5.4999995,0.5,0.4,7.0,32.0,42.0,52.0,17.0,8.0,1.0,2.6
2024-03-08,17.0,23.361193,43.47,76.0008,2.3520834,0.26334843,96.25,7.0625,0.307,6.391667,222.21474,1.2914653,9.5,8.35,3.5,13.2,0.2,0.3,6.0,17.0,26.0,65.0,8.0,4.0,1.0,0.7
2024-03-09,2.0,21.819216,42.585,82.512794,3.3374999,0.1692049,96.25,7.2000003,0.35500002,7.6166673,250.08765,1.8923798,12.61,12.0,4.25,2.6000001,0.2,0.3,5.0,13.0,20.0,72.0,,,1.0,0.3
2024-03-10,5.0,21.221535,39.315,76.2329,3.59375,0.28280875,65.0,7.8604164,0.32770833,8.756249,293.18518,2.5573633,14.16,13.15,5.5,0.0,0.3,0.3,4.0,13.0,20.0,69.0,5.0,3.0,1.0,0.3
2024-03-11,50.0,16.624884,30.525,63.453228,1.7875,0.44438896,57.166668,8.747916,0.294,8.602083,8.673115,2.7486424,19.18,15.2,2.0,0.0,0.4,0.4,6.0,25.0,34.0,60.0,12.0,6.0,1.0,1.8
2024-03-12,66.0,4.6814446,10.605,67.99789,2.5375001,0.43902424,10.25,9.285417,0.267,10.10625,23.565413,2.779051,18.27,17.85,4.0,0.0,0.8,0.5,19.0,55.0,84.0,31.0,21.0,9.0,2.0,3.9
2024-03-13,32.0,5.8279204,12.2699995,68.707886,4.0875,0.4931892,63.958332,10.51875,0.257625,10.9875,238.57047,2.460684,15.86,16.5,5.35,0.0,0.6,0.4,13.0,43.0,62.0,43.0,19.0,8.0,2.0,3.9
2024-03-14,25.0,10.678062,20.414999,73.679665,6.304167,0.38438046,20.75,10.791667,0.23583333,11.181251,263.3256,2.597986,16.42,18.05,4.6,0.3,0.6,0.5,23.0,42.0,77.0,42.0,25.0,11.0,2.0,4.1
2024-03-15,13.0,7.1674104,14.88,79.91764,7.6375003,0.34252438,47.0,11.733334,0.21662499,12.175,277.61844,2.0445423,12.59,18.65,6.95,0.0,0.3,0.4,15.0,35.0,58.0,37.0,23.0,12.0,2.0,2.8
2024-03-16,5.0,6.13928,13.529999,82.13983,8.88125,0.33173463,93.958336,12.575,0.1975,14.1916685,329.3495,2.8386045,16.79,21.15,7.7,0.0,0.3,0.4,17.0,39.0,66.0,24.0,22.0,12.0,2.0,2.9
2024-03-17,8.0,4.265301,9.69,74.84577,9.3875,0.5062766,99.125,14.010417,0.18425,14.287499,319.84406,2.5153494,14.08,21.45,8.4,0.0,0.5,0.5,26.0,43.0,83.0,36.0,27.0,14.0,2.0,3.3
2024-03-18,26.0,5.4005036,11.25,74.514275,9.693749,0.50296444,97.25,14.368751,0.17091668,15.950001,276.84268,3.6180837,19.97,23.75,9.1,0.0,0.4,0.5,18.0,52.0,79.0,32.0,31.0,14.0,2.0,3.9
2024-03-19,28.0,6.8963094,13.799999,67.85954,9.208333,0.73331285,55.041668,15.8875,0.14741667,15.45625,121.65119,3.2101681,17.17,22.25,9.55,2.1,0.5,,,,,,64.0,22.0,,4.6
2024-03-20,20.0,8.425784,19.005,67.34171,8.639584,0.65286034,73.875,15.90625,0.12879167,16.6625,62.467285,4.0188756,18.45,24.4,11.5,0.1,0.3,0.4,15.0,37.0,60.0,43.0,,,3.0,2.8
2024-03-21,20.0,12.978592,24.539999,58.158924,7.777083,0.9371569,91.041664,16.904167,0.10191667,17.804167,44.299694,4.170769,19.92,26.2,10.65,0.0,0.2,0.3,7.0,28.0,39.0,56.0,33.0,15.0,2.0,1.9
2024-03-22,16.0,9.08314,18.119999,54.61411,7.3458333,1.1272455,54.083332,18.09375,0.08454167,17.129168,40.71215,4.1629586,20.35,25.0,10.05,0.0,0.3,0.4,13.0,42.0,62.0,46.0,54.0,16.0,3.0,4.0
2024-03-23,27.0,11.683114,22.47,58.1136,8.108334,0.9590253,73.208336,17.885416,0.073916666,16.529165,58.43824,4.430258,21.12,24.3,9.25,0.0,0.1,0.3,5.0,26.0,33.0,50.0,71.0,21.0,2.0,1.9
2024-03-24,17.0,12.240784,23.654999,55.861023,6.6708336,0.9929292,46.583332,18.2125,0.06516667,12.943749,215.7435,1.7053053,9.28,16.4,10.6,13.3,0.1,0.3,3.0,13.0,18.0,66.0,38.0,13.0,2.0,0.7
2024-03-25,7.0,11.973418,24.93,79.99272,9.0,0.30374613,99.416664,14.645833,0.12525,7.0645833,244.79199,2.3493767,15.58,9.9,3.8,2.7,0.1,0.3,6.0,18.0,28.0,54.0,29.0,12.0,2.0,1.0
2024-03-26,13.0,20.583776,38.94,69.76559,1.2270833,0.3150827,89.75,10.620833,0.17375,8.304168,236.54437,1.5297191,10.02,13.05,4.55,4.3999996,0.1,0.3,6.0,15.0,24.0,69.0,9.0,3.0,2.0,0.5
2024-03-27,3.0,28.989733,53.625,85.18542,6.1687503,0.18650341,91.333336,9.485416,0.20220834,10.78125,223.0605,2.2497153,12.8,15.35,7.15,4.6,0.1,0.3,6.0,11.0,20.0,67.0,7.0,3.0,2.0,0.5
2024-03-28,5.0,26.68318,50.52,77.73504,6.964583,0.32305157,84.541664,11.166667,0.25866666,8.202084,227.14706,0.8122822,4.36,11.8,4.65,22.6,0.1,0.3,4.0,7.0,13.0,74.0,6.0,3.0,2.0,0.2
2024-03-29,1.0,13.621601,28.964998,88.285225,5.7333336,0.12349894,88.458336,9.2375,0.38808334,6.8416667,186.66502,1.5491344,11.02,11.05,3.5,9.4,0.1,0.3,3.0,12.0,17.0,72.0,5.0,3.0,2.0,0.2
2024-03-30,1.0,15.980693,31.109999,83.49044,4.2374997,0.1845001,94.625,8.364583,0.37574998,6.904167,216.86009,1.5116671,11.72,10.85,5.25,10.1,0.2,0.3,4.0,12.0,18.0,67.0,6.0,3.0,2.0,0.2
2024-03-31,3.0,18.99722,36.75,82.86647,3.9437501,0.18187225,69.666664,8.039583,0.3905833,7.3854165,236.34706,2.3808432,17.77,12.35,3.4,0.6,0.2,0.3,4.0,12.0,17.0,74.0,4.0,3.0,2.0,0.2
2024-04-01,2.0,19.523693,36.645,76.36161,3.3187501,0.28451177,58.125,8.443749,0.35495833,8.727084,216.14865,1.6926143,10.21,14.1,3.6,0.3,0.2,0.3,6.0,18.0,27.0,69.0,7.0,4.0,3.0,0.6
2024-04-02,2.0,8.99465,18.119999,79.21494,5.266667,0.2804604,85.208336,9.033334,0.330625,12.145832,233.57762,2.8755398,17.56,17.45,8.65,0.4,0.2,0.4,9.0,28.0,42.0,54.0,13.0,6.0,3.0,1.7
2024-04-03,3.0,11.6936,22.365,72.54073,6.977083,0.4412919,86.166664,12.037499,0.32637498,12.922916,206.78915,3.5804176,22.34,19.65,5.45,0.0,0.1,0.3,7.0,24.0,34.0,61.0,10.0,4.0,3.0,2.1
2024-04-04,2.0,5.5584526,12.66,73.18381,8.15625,0.49893668,85.125,13.152083,0.28875,14.735417,116.56498,3.9082005,21.95,22.35,6.9,0.0,0.3,0.4,16.0,43.0,67.0,42.0,20.0,8.0,3.0,5.2
2024-04-05,5.0,7.275411,14.1449995,66.00728,7.8604164,0.6992438,90.541664,13.974999,0.276375,17.2125,13.591056,3.709227,16.68,23.75,10.35,0.0,0.2,0.4,11.0,43.0,60.0,50.0,25.0,12.0,4.0,3.6
2024-04-06,5.0,8.6466675,17.414999,56.827694,8.349999,0.93901634,94.25,15.283334,0.24854167,16.64375,254.2611,3.4032388,18.45,21.95,12.0,2.0,0.3,0.4,9.0,40.0,53.0,50.0,50.0,18.0,4.0,2.7
2024-04-07,5.0,8.841203,18.315,68.14644,10.252084,0.66015154,79.583336,16.477083,0.23395832,13.124997,246.28036,3.1611376,19.22,17.7,9.65,0.3,0.1,0.3,5.0,27.0,35.0,48.0,58.0,22.0,3.0,1.5
2024-04-08,6.0,17.732044,33.105,69.00492,6.8458333,0.47765017,37.416668,14.587501,0.207125,9.754167,338.99954,3.840901,24.31,15.05,4.05,0.0,0.1,0.3,5.0,16.0,23.0,69.0,13.0,,3.0,1.1
2024-04-09,4.0,7.3531823,16.98,56.319103,1.0854167,0.57678545,13.666667,13.10625,0.19091667,11.897916,32.564556,4.0484443,24.08,19.7,4.5,0.0,0.1,0.3,5.0,19.0,26.0,77.0,,,3.0,1.0
2024-04-10,3.0,7.9167075,17.55,59.144302,4.054167,0.6848157,35.5,14.052083,0.16091667,16.389584,45.07399,4.7851195,24.01,25.6,7.2,0.0,0.2,0.3,5.0,24.0,32.0,70.0,14.0,6.0,4.0,1.5
2024-04-11,7.0,8.689214,18.315,59.05577,7.5416665,0.96873736,29.333334,16.824999,0.13383333,16.579166,79.86785,4.563379,24.82,24.25,8.3,0.0,0.2,0.3,12.0,26.0,44.0,52.0,12.0,5.0,4.0,2.2
2024-04-12,8.0,5.442202,12.345,49.664684,5.008333,1.115405,1.2083334,17.891666,0.10029167,18.420832,51.82809,4.8526406,25.23,26.9,9.0,0.0,0.2,0.4,13.0,39.0,59.0,72.0,31.0,10.0,4.0,1.6
2024-04-13,3.0,5.463061,13.049999,48.213802,5.077083,1.384992,11.916667,19.814583,0.06891667,19.089582,159.04428,5.0850935,24.8,26.95,10.1,0.0,0.2,0.4,6.0,42.0,51.0,70.0,32.0,13.0,4.0,2.6
2024-04-14,6.0,6.7851424,15.704999,41.1034,4.31875,1.5184336,37.625,21.827082,0.052041665,20.485418,1.6313818,5.270899,23.46,29.0,12.05,0.0,0.1,0.4,5.0,31.0,38.0,77.0,32.0,12.0,5.0,1.4
2024-04-15,6.0,7.379276,16.484999,45.32922,7.0416665,1.5162023,41.0,23.622917,0.045333337,18.710417,15.982811,5.4858184,25.23,27.5,10.4,0.0,0.2,0.4,15.0,37.0,60.0,59.0,54.0,20.0,4.0,3.3
2024-04-16,3.0,9.183351,20.1,45.162113,5.1604166,1.3638754,0.0,23.070833,0.041416667,15.141667,45.368427,5.2208242,25.68,21.75,8.4,0.0,0.1,0.3,6.0,25.0,35.0,67.0,32.0,11.0,4.0,2.3
2024-04-17,7.0,13.698539,26.474998,46.005825,2.8770835,1.0168587,0.7916667,20.495832,0.041166667,14.950002,48.44548,5.554673,26.05,22.35,7.55,0.0,0.1,0.3,3.0,16.0,21.0,79.0,9.0,,4.0,1.0
2024-04-18,5.0,14.743755,28.56,42.446827,1.2520833,1.095091,5.5,19.564583,0.04191667,14.329167,51.42686,4.931173,25.87,22.35,5.6,0.0,0.1,0.3,3.0,15.0,20.0,78.0,10.0,5.0,4.0,0.9
2024-04-19,2.0,9.144181,20.58,45.567627,2.2666667,1.032961,16.083334,19.389584,0.045625,17.177084,57.264828,5.3800607,23.82,24.35,9.1,0.0,0.1,0.3,4.0,22.0,28.0,81.0,19.0,6.0,4.0,1.1
2024-04-20,12.0,11.935936,23.265,38.72104,0.27291664,1.4095553,68.541664,20.139584,0.049416665,16.458334,41.613586,5.788542,26.21,23.75,8.45,0.0,0.1,0.3,2.0,19.0,22.0,75.0,20.0,8.0,4.0,0.9
2024-04-21,8.0,12.037219,25.245,36.98457,0.49375,1.3221669,6.5833335,20.947916,0.048583332,12.945832,35.156338,6.0686684,26.66,19.25,6.35,0.0,0.1,0.3,2.0,12.0,15.0,95.0,16.0,6.0,4.0,0.3
2024-04-22,15.0,19.284454,36.344997,33.14195,-4.2520833,1.0424504,7.0833335,18.012499,0.045750003,10.529166,24.831867,4.89312,23.9,18.4,3.05,0.0,0.1,0.3,3.0,12.0,16.0,83.0,9.0,,4.0,0.5
2024-04-23,5.0,14.830411,29.894999,38.92801,-3.6458333,0.87694603,20.291666,15.727084,0.04633333,11.818751,29.006382,4.9843116,26.55,20.25,4.0,0.0,0.1,0.3,3.0,15.0,19.0,80.0,10.0,5.0,4.0,0.8
2024-04-24,6.0,9.55137,22.125,40.42816,-2.7333333,0.9825036,40.708332,17.25625,0.043958332,13.341667,324.24994,3.856603,16.71,19.7,7.35,0.2,0.1,0.3,5.0,21.0,28.0,75.0,7.0,,5.0,1.0
2024-04-25,2.0,9.996134,21.0,42.911465,0.1375,0.9601372,71.0,16.85,0.045666665,12.872916,240.89165,3.9651113,19.22,17.5,7.95,0.0,0.2,0.4,6.0,30.0,39.0,60.0,21.0,8.0,5.0,2.4
2024-04-26,,13.939153,27.599998,52.562885,2.78125,0.7493666,89.833336,16.379168,0.04345833,11.431252,228.00961,3.302736,21.48,14.4,8.9,14.799999,0.1,0.3,6.0,22.0,32.0,68.0,18.0,5.0,4.0,1.2
2024-04-27,,20.071938,40.515,69.94778,5.5645833,0.42866254,49.75,13.806251,0.22329168,10.650001,242.1268,4.0041513,25.59,16.65,4.4,0.5,0.1,0.3,4.0,13.0,18.0,78.0,8.0,4.0,4.0,0.3
2024-04-28,1.0,6.9104,15.165,63.843796,3.1604166,0.5608806,10.0,13.645833,0.25445834,11.693751,7.9963117,3.6782415,22.42,17.1,6.7,0.5,0.1,0.3,3.0,17.0,22.0,69.0,,4.0,5.0,0.6
2024-04-29,4.0,8.402291,19.289999,62.793427,4.508333,0.570412,29.291666,14.047916,0.21337499,12.268749,244.3319,3.8749576,22.82,17.75,6.95,0.0,0.1,0.3,3.0,17.0,22.0,78.0,10.0,5.0,5.0,0.8
2024-04-30,1.0,12.705582,25.095,69.20133,6.0208335,0.5285269,44.833332,14.520833,0.19195832,10.1875,256.5061,3.3749888,21.39,14.7,7.25,3.0,0.1,0.3,10.0,23.0,38.0,59.0,14.0,7.0,5.0,1.3
2024-05-01,2.0,17.915218,34.95,64.15827,2.8145835,0.47095987,68.833336,13.4875,0.168,9.941666,257.49,3.8615413,22.07,15.75,5.1,0.1,0.1,0.3,3.0,9.0,13.0,79.0,8.0,3.0,5.0,0.2
2024-05-02,0.0,14.90058,28.5,56.695892,1.2083334,0.5917037,27.833334,12.55,0.15258333,11.972917,239.01003,4.4023046,25.51,18.65,5.05,0.0,0.1,0.3,3.0,9.0,14.0,81.0,8.0,4.0,5.0,0.2
2024-05-03,1.0,12.031497,23.729998,59.13147,3.5062501,0.6961129,44.916668,14.247917,0.12404167,15.635415,237.38893,5.339746,27.28,22.95,8.35,0.0,0.1,0.3,4.0,14.0,20.0,77.0,11.0,5.0,5.0,0.8
2024-05-04,2.0,14.370499,27.794998,56.486958,6.3229165,0.927649,61.375,17.202084,0.09579167,15.881248,236.75864,3.5754938,16.09,20.6,11.75,0.3,0.1,0.3,3.0,13.0,18.0,67.0,13.0,5.0,5.0,0.3
2024-05-05,6.0,18.545988,34.68,68.91172,9.585417,0.6095905,74.541664,17.481249,0.073916666,15.508331,274.96246,4.4216003,23.0,20.55,11.0,0.7,0.1,0.3,3.0,10.0,15.0,61.0,10.0,5.0,5.0,0.2
2024-05-06,1.0,11.263756,22.65,61.078335,6.5104165,0.79901963,51.166668,18.104166,0.07925,15.210416,33.17101,5.4935684,27.27,24.65,7.8,0.0,0.1,0.3,4.0,17.0,23.0,63.0,12.0,5.0,5.0,0.9
2024-05-07,3.0,12.706904,25.635,48.71358,3.5520833,1.0497117,34.333332,19.014584,0.06441667,16.8625,55.007874,5.876892,27.82,24.9,8.95,0.0,0.1,0.3,3.0,18.0,23.0,83.0,12.0,5.0,6.0,0.8
2024-05-08,3.0,12.035462,24.735,40.08504,1.4166666,1.3638477,70.958336,20.643751,0.049624998,19.160418,40.71703,5.467281,25.84,27.2,9.9,0.0,,0.3,6.0,25.0,35.0,81.0,13.0,6.0,6.0,
2024-05-09,4.0,7.4661427,17.519999,39.864388,3.3812501,1.6108937,86.041664,22.766668,0.046125,21.356249,87.09906,5.9672914,28.21,28.9,12.3,0.0,0.3,0.4,8.0,38.0,50.0,71.0,20.0,7.0,7.0,3.3
2024-05-10,4.0,7.5841146,17.34,33.299717,3.4020834,1.9210962,39.291668,24.708334,0.047999997,21.560417,200.13647,7.1878834,27.59,28.6,13.75,0.0,0.3,0.4,7.0,36.0,46.0,76.0,19.0,7.0,7.0,2.7
2024-05-11,7.0,12.038158,24.705,33.33901,3.5583334,1.8481635,30.833334,25.00625,0.048583332,21.266666,327.03055,5.8246226,25.06,28.05,13.95,0.2,0.1,0.3,3.0,17.0,21.0,93.0,12.0,5.0,6.0,0.7
2024-05-12,4.0,7.9770927,18.255,43.58086,7.1062503,1.61785,66.625,25.3375,0.04725,20.81042,249.53287,6.032398,24.25,27.0,13.4,0.70000005,0.1,0.3,2.0,19.0,23.0,90.0,22.0,11.0,6.0,0.7
2024-05-13,3.0,14.91245,29.654999,47.366436,8.060416,1.4404082,72.25,24.300001,0.049250003,16.299997,275.66486,5.1862283,22.14,20.4,11.15,0.8,0.1,0.3,6.0,26.0,35.0,67.0,20.0,7.0,6.0,1.4
2024-05-14,1.0,16.983007,33.225,46.51996,3.5583334,1.0168751,44.791668,20.889584,0.06020833,13.935417,281.01147,5.107112,23.46,18.95,8.8,0.0,0.1,0.3,4.0,13.0,19.0,68.0,11.0,5.0,6.0,0.7
2024-05-15,0.0,14.960033,29.19,41.95149,0.06250002,0.9942735,34.75,18.489584,0.060916666,13.208335,254.53871,4.5158553,21.71,18.1,7.5,0.0,0.1,0.3,3.0,9.0,13.0,71.0,7.0,3.0,6.0,0.3
2024-05-16,1.0,15.520825,30.074999,49.06056,2.1000001,0.84401494,47.0,17.2875,0.055833336,14.816666,240.90459,4.4236536,22.51,19.15,10.65,0.6,0.1,0.3,5.0,17.0,24.0,77.0,,,6.0,0.5
2024-05-17,1.0,14.960293,29.22,58.135853,5.879167,0.7804384,40.833332,17.954166,0.0795,15.472917,271.51535,5.0845456,25.15,22.25,8.3,0.0,0.1,0.3,6.0,17.0,26.0,62.0,11.0,5.0,6.0,0.5
2024-05-18,1.0,10.027413,21.659998,48.027187,3.08125,1.0655996,16.958334,19.158333,0.067208335,15.110415,316.29208,4.9419265,25.05,20.8,8.95,2.1,0.1,0.3,3.0,14.0,18.0,73.0,14.0,6.0,6.0,0.5
2024-05-19,1.0,11.309921,24.269999,52.21764,4.5958333,0.8946295,33.166668,19.241667,0.062583335,14.46875,292.4147,4.516419,24.48,21.2,8.0,1.6,0.1,0.3,2.0,12.0,15.0,74.0,9.0,4.0,7.0,0.3
2024-05-20,2.0,9.132801,20.445,58.68686,5.6583333,0.78689474,23.166666,18.922916,0.059833333,14.56458,285.79767,3.9876246,20.82,20.5,9.65,5.9,0.1,0.3,3.0,19.0,25.0,64.0,5.0,2.0,,1.2
2024-05-21,1.0,10.323122,22.394999,60.410385,6.1729164,0.72958803,50.5,18.339582,0.077750005,15.414582,272.36133,4.2993693,21.46,21.4,8.8,0.0,0.1,0.3,5.0,22.0,29.0,61.0,10.0,3.0,,1.7
2024-05-22,0.0,8.785174,19.619999,52.346973,4.7854166,0.9699394,45.0,18.372917,0.07716667,17.283333,31.333359,5.8034077,29.82,25.0,9.15,0.0,0.1,0.3,4.0,17.0,23.0,73.0,11.0,6.0,,1.2
2024-05-23,0.0,9.198897,19.664999,42.117928,2.8770835,1.3445004,0.041666668,21.266666,0.05841667,19.497917,4.9761252,6.567777,29.37,27.45,11.05,0.0,0.2,0.3,3.0,22.0,27.0,84.0,17.0,7.0,1.0,1.5
2024-05-24,2.0,11.128941,24.06,41.80909,4.7083335,1.5594277,20.125,23.929167,0.048666667,21.445837,258.3241,7.671924,29.85,29.2,12.05,0.0,0.1,0.3,3.0,18.0,23.0,85.0,17.0,8.0,1.0,1.1
2024-05-25,4.0,13.741805,27.495,31.031946,1.2687501,2.0164804,38.958332,24.947916,0.0455,21.762503,251.34625,7.301499,28.49,29.35,12.1,0.0,0.1,0.3,3.0,21.0,25.0,82.0,19.0,8.0,1.0,1.1
2024-05-26,2.0,12.043263,24.705,36.03119,4.9458337,1.8850603,59.791668,25.404167,0.046458334,22.772917,335.71967,6.947096,29.17,30.35,14.4,0.0,0.1,0.4,4.0,29.0,36.0,56.0,21.0,11.0,1.0,2.2
2024-05-27,2.0,10.765424,22.799997,40.626575,6.8541665,1.8961664,53.958332,27.339584,0.045874998,23.362501,47.000023,7.013094,28.98,30.8,15.4,0.0,0.1,0.3,3.0,22.0,26.0,78.0,16.0,8.0,1.0,1.7
2024-05-28,1.0,10.426081,23.324999,41.98572,8.795834,1.9084882,30.875,28.639582,0.04345833,25.9625,355.75623,7.2361927,29.11,33.65,16.95,0.0,0.1,0.3,3.0,19.0,25.0,87.0,28.0,14.0,1.0,1.0
2024-05-29,4.0,8.865511,19.545,33.085133,7.3937497,2.5210295,22.333334,30.264582,0.04416667,26.347921,19.795504,7.377861,27.05,34.45,18.45,1.0,0.2,0.3,5.0,25.0,32.0,90.0,22.0,12.0,1.0,2.4
2024-05-30,3.0,12.595159,26.595,35.55325,8.479167,2.393996,39.833332,30.61875,0.048375,22.4375,42.025745,8.239425,29.1,29.45,14.45,0.0,0.1,0.3,3.0,19.0,24.0,84.0,17.0,12.0,1.0,1.5
2024-05-31,4.0,18.569267,35.429996,28.123123,1.44375,2.0962443,40.583332,27.927084,0.04479167,20.004164,41.365444,7.825178,29.81,27.15,12.1,0.0,0.1,0.3,3.0,13.0,17.0,83.0,11.0,6.0,1.0,0.8
2024-06-01,3.0,19.152197,35.865,34.83785,2.9145832,1.6624599,2.6666667,25.347916,0.04679167,20.160416,48.093002,7.005131,30.03,27.55,12.1,0.0,0.1,0.3,2.0,8.0,10.0,86.0,11.0,7.0,1.0,0.8
2024-06-02,1.0,14.045082,28.62,35.06782,2.3062499,1.7710223,3.75,25.604166,0.04608333,21.510414,42.159004,6.4732065,27.08,29.8,14.65,1.4,0.1,0.3,2.0,10.0,12.0,92.0,15.0,6.0,1.0,0.9
2024-06-03,7.0,10.731854,24.224998,44.824795,8.258333,1.5604583,19.875,26.358332,0.0525,23.868752,222.00812,6.5517254,27.33,31.3,15.6,0.0,0.1,0.3,2.0,13.0,17.0,86.0,23.0,13.0,1.0,1.2
2024-06-04,1.0,8.696616,19.769999,42.911724,8.929167,2.0077972,20.208334,28.389585,0.0485,26.402084,253.64745,7.5066204,28.85,33.1,18.5,0.0,0.1,0.3,3.0,22.0,27.0,84.0,17.0,12.0,2.0,1.6
2024-06-05,4.0,9.237018,20.144999,28.91569,6.304167,2.642968,55.958332,30.275,0.04741667,27.700003,156.26704,6.988179,27.01,35.5,18.65,0.0,,0.3,4.0,27.0,33.0,86.0,25.0,12.0,2.0,
2024-06-06,1.0,7.855896,18.105,27.803473,6.46875,2.9442377,91.75,30.852083,0.043625,27.110415,82.12522,7.3327613,23.56,34.7,20.35,2.6,0.1,0.4,4.0,36.0,42.0,74.0,38.0,20.0,2.0,4.3
2024-06-07,,13.257175,28.304998,34.912037,8.341666,2.5065618,97.0,29.777084,0.055541664,20.364582,248.41835,2.8374708,11.97,22.8,18.1,15.5,0.1,0.3,3.0,23.0,27.0,82.0,52.0,25.0,2.0,2.6
2024-06-08,,7.5981517,20.234999,69.92041,14.164584,0.72189957,80.083336,24.033333,0.11554167,19.847918,237.64816,4.555528,22.32,24.3,15.65,4.8,0.1,0.3,3.0,18.0,23.0,67.0,30.0,31.0,2.0,1.6
2024-06-09,,8.734313,20.955,64.89442,12.4375,0.89823157,75.916664,24.083334,0.09058333,16.904167,18.61134,2.2376459,12.03,19.95,15.3,24.099998,0.1,0.3,2.0,12.0,15.0,67.0,11.0,18.0,2.0,0.8
2024-06-10,,9.005941,18.765,79.5046,13.097917,0.407311,91.166664,19.483334,0.28241667,17.710417,20.513397,5.508675,29.19,23.9,11.1,0.0,0.1,0.3,3.0,15.0,20.0,53.0,13.0,10.0,2.0,1.7
2024-06-11,2.0,10.770387,22.050001,54.947704,8.077084,1.0206317,19.5,20.191668,0.24508333,17.737497,33.41595,5.3126698,26.14,23.0,12.15,0.6,,0.3,3.0,13.0,18.0,69.0,12.0,7.0,2.0,
2024-06-12,2.0,12.190166,24.375,57.215633,8.599999,0.9402769,20.416666,20.547916,0.186,18.935417,320.52753,6.6727624,29.96,27.05,10.9,0.0,0.1,0.3,3.0,13.0,19.0,63.0,9.0,6.0,2.0,1.5
2024-06-13,1.0,12.697024,25.38,48.144638,6.9229164,1.3492357,25.916666,21.391668,0.13704167,22.050001,243.56502,7.4605436,30.48,29.3,13.25,0.0,0.1,0.3,4.0,20.0,27.0,76.0,10.0,6.0,2.0,1.5
2024-06-14,2.0,13.200867,26.339998,43.21738,7.225,1.788382,5.2916665,23.6875,0.08870833,22.256248,270.0915,7.031646,30.19,28.5,15.15,0.0,0.1,0.3,4.0,31.0,38.0,62.0,23.0,10.0,2.0,
2024-06-15,3.0,10.218715,22.154999,38.969223,5.5,1.8052868,24.083334,26.683334,0.054833334,22.345835,261.96243,7.448613,30.3,29.95,13.4,0.0,0.1,0.3,3.0,12.0,16.0,70.0,11.0,6.0,2.0,1.1
2024-06-16,1.0,11.242507,23.534998,31.51433,3.6145833,2.0833528,4.4583335,27.472916,0.041458335,23.564583,243.61478,7.8386717,30.38,29.85,15.5,0.0,0.1,0.3,2.0,15.0,19.0,80.0,15.0,6.0,3.0,0.8
2024-06-17,,12.364493,26.085,35.830368,6.335417,2.0421689,29.416666,28.085417,0.0395,21.720833,230.35748,5.203142,19.93,27.3,17.6,0.2,0.1,0.3,6.0,18.0,28.0,52.0,16.0,7.0,3.0,2.0
2024-06-18,,13.11808,26.64,47.904766,9.104167,1.4028612,74.375,25.6625,0.040333334,18.427086,235.82068,5.204866,26.54,24.55,13.05,1.8000001,0.1,0.3,8.0,25.0,38.0,39.0,20.0,10.0,3.0,3.7
2024-06-19,,8.274314,19.275,58.594303,9.041667,1.0134257,36.125,23.522917,0.06391667,17.160416,261.4738,4.4545083,22.29,20.9,12.75,1.6000001,0.1,0.3,6.0,19.0,28.0,51.0,13.0,9.0,2.0,1.7
2024-06-20,,10.088517,21.794998,59.38321,8.729167,0.84696406,57.583332,21.7125,0.08291667,20.027086,285.21255,5.7625723,29.16,26.75,12.5,0.0,0.1,0.3,5.0,18.0,26.0,55.0,11.0,6.0,2.0,2.0
2024-06-21,,6.028478,15.209999,52.317028,9.064584,1.3247458,6.7916665,23.960417,0.08529166,23.102081,343.88647,6.703076,27.05,31.15,14.45,0.0,0.1,0.3,4.0,21.0,27.0,68.0,11.0,6.0,3.0,1.8
2024-06-22,,10.458585,21.87,42.660137,8.45,1.8782762,61.916668,26.675001,0.057375,23.958334,39.389442,6.30561,22.96,30.7,17.35,0.0,0.1,0.3,3.0,22.0,27.0,66.0,13.0,6.0,3.0,2.0
2024-06-23,1.0,13.606117,27.269999,45.984653,11.102084,1.7554969,45.25,27.949999,0.04479167,25.141668,37.03934,6.496178,29.61,32.8,17.05,0.0,0.1,0.3,2.0,7.0,10.0,68.0,8.0,5.0,3.0,0.3
2024-06-24,1.0,8.000251,19.5,46.14596,11.647916,2.031814,0.75,30.824999,0.041666668,26.991667,92.29057,6.802467,27.25,34.95,19.1,0.6,0.1,0.3,3.0,15.0,19.0,75.0,12.0,5.0,3.0,1.4
2024-06-25,1.0,8.131768,20.28,41.38863,11.854167,2.3020737,33.125,31.7875,0.04104167,25.304167,114.688995,5.499326,21.04,32.3,20.25,3.3,0.1,0.3,4.0,23.0,29.0,76.0,22.0,10.0,3.0,2.6
2024-06-26,3.0,10.221699,22.695,52.393387,13.702084,1.6237144,90.0,28.791666,0.060083333,26.0875,110.02621,6.8655953,24.83,35.6,19.3,0.4,0.1,0.3,3.0,20.0,25.0,71.0,24.0,10.0,3.0,3.8
2024-06-27,1.0,10.400987,22.769999,42.742565,11.116666,2.2938743,75.541664,28.883333,0.059958335,23.760416,204.00717,5.9098215,23.44,28.4,19.75,0.4,0.1,0.3,3.0,23.0,29.0,73.0,42.0,11.0,3.0,
2024-06-28,1.0,13.123573,26.61,49.24005,11.95,1.4891332,56.041668,28.210417,0.051041666,19.666666,240.15746,3.629995,15.1,24.5,15.25,1.4000001,0.1,0.3,4.0,16.0,22.0,78.0,30.0,9.0,3.0,3.7
2024-06-29,1.0,18.197266,33.405,74.0111,14.460416,0.65058506,71.166664,21.797918,0.17237501,20.40625,225.67928,4.26405,20.28,25.45,16.05,0.2,0.1,0.3,3.0,9.0,14.0,71.0,13.0,7.0,3.0,0.6
2024-06-30,0.0,8.591641,18.074999,65.79249,13.239583,0.9214797,69.125,22.625,0.198375,21.962502,30.586355,6.007613,27.05,29.3,16.0,0.2,0.1,0.3,2.0,9.0,12.0,68.0,15.0,8.0,3.0,0.6
2024-07-01,0.0,11.351644,22.485,54.487736,11.3875,1.3958617,17.416666,23.841667,0.14304167,22.525,46.49336,6.963265,29.16,31.1,14.55,0.0,0.1,0.3,3.0,13.0,17.0,66.0,15.0,9.0,3.0,2.5
2024-07-02,0.0,11.510021,24.33,48.122852,9.90625,1.6644006,13.666667,25.887499,0.084625006,25.035416,50.340763,6.853635,30.1,33.5,15.2,0.0,0.1,0.2,4.0,11.0,16.0,57.0,11.0,6.0,3.0,1.1
2024-07-03,1.0,6.5504174,17.1,33.39098,6.133333,2.4932792,13.875,30.020834,0.047708333,28.550003,59.03633,7.880815,29.8,36.75,18.85,0.0,0.1,0.3,4.0,22.0,28.0,78.0,17.0,10.0,3.0,3.0
2024-07-04,1.0,9.639023,20.94,28.192911,6.8458333,3.1502342,6.25,32.91875,0.03454167,29.464584,41.576088,8.258543,28.53,38.3,20.3,0.0,0.1,0.4,4.0,35.0,41.0,89.0,25.0,9.0,4.0,5.8
2024-07-05,1.0,10.985267,23.94,30.588121,8.627084,3.2138813,23.041666,33.770832,0.033875,27.816666,282.1602,7.8131433,25.84,33.6,22.6,0.1,0.1,0.3,4.0,29.0,35.0,87.0,34.0,12.0,4.0,4.0
2024-07-06,1.0,14.901798,29.055,37.75929,10.754167,2.4119837,25.708334,32.327084,0.032875,24.045835,335.63757,7.6848836,29.84,31.45,16.4,0.0,0.1,0.3,2.0,13.0,16.0,83.0,25.0,12.0,3.0,1.3
2024-07-07,0.0,13.128917,27.284998,39.19226,7.2666664,2.1150963,0.8333333,30.485418,0.03675,25.737497,224.02908,7.6413174,29.73,32.5,16.95,0.0,0.1,0.3,2.0,8.0,11.0,76.0,14.0,6.0,3.0,0.3
2024-07-08,0.0,9.058374,19.83,26.758055,3.95,2.644729,35.625,30.65,0.042875003,26.322916,241.00633,8.192194,28.83,32.4,19.15,0.0,0.1,0.3,3.0,20.0,25.0,84.0,28.0,11.0,4.0,1.7
2024-07-09,0.0,12.866596,25.845,29.881414,6.460417,2.5445025,29.333334,30.722916,0.044625,27.31875,234.45444,8.127811,29.16,34.15,19.75,0.0,0.1,0.3,5.0,23.0,30.0,70.0,24.0,8.0,4.0,2.7
2024-07-10,0.0,13.027713,26.354998,37.431877,10.73125,2.5138178,0.083333336,31.614584,0.04504167,28.968756,239.84003,8.770195,29.1,35.8,21.15,0.0,0.1,0.3,5.0,16.0,23.0,60.0,17.0,6.0,4.0,1.8
2024-07-11,1.0,14.708129,28.89,37.076603,11.654167,2.7602425,0.7083333,32.679165,0.044458333,27.443747,287.2575,7.964203,29.95,33.8,19.35,0.0,0.1,0.3,6.0,23.0,33.0,55.0,23.0,7.0,4.0,2.8
2024-07-12,0.0,10.244374,22.409998,27.883623,5.8854165,2.789848,0.0,32.725002,0.044499997,26.225,306.86993,8.568826,29.3,33.85,17.8,0.0,0.1,0.3,2.0,15.0,19.0,93.0,18.0,6.0,4.0,1.5
2024-07-13,0.0,14.619305,29.489998,34.71085,7.2125,2.533592,29.0,31.127083,0.04775,26.481247,234.21292,9.197817,29.73,32.3,19.5,0.0,0.1,0.3,2.0,11.0,14.0,87.0,21.0,7.0,4.0,0.4
2024-07-14,0.0,16.15008,31.034998,21.087048,1.2375001,2.8608677,3.5,30.262499,0.04758333,25.5375,237.86374,8.13525,28.32,30.25,20.4,0.0,0.1,0.3,2.0,11.0,14.0,88.0,18.0,6.0,4.0,0.4
2024-07-15,1.0,20.145779,37.829998,40.919666,10.6125,1.9952635,9.375,29.375,0.04625,25.450003,261.69327,7.3947964,29.98,32.95,16.85,0.0,0.1,0.3,4.0,13.0,19.0,57.0,14.0,5.0,,1.1
2024-07-16,1.0,8.365933,19.289999,28.896353,2.7041667,2.6219456,5.375,30.547918,0.045,27.158333,292.38016,7.374232,28.65,35.5,16.65,0.0,0.1,0.3,3.0,21.0,26.0,82.0,20.0,6.0,3.0,1.7
2024-07-17,0.0,8.215187,18.6,29.629053,5.4791665,2.9179058,25.208334,31.652084,0.04454167,29.127085,190.43013,7.8852515,26.73,36.9,20.25,0.0,0.1,0.4,4.0,30.0,35.0,79.0,28.0,10.0,3.0,2.7
2024-07-18,0.0,9.995646,21.599998,30.870193,7.9562497,3.1583283,37.833332,33.14375,0.044,30.733332,248.1985,8.876983,29.23,38.3,21.1,0.0,0.1,0.4,5.0,33.0,41.0,63.0,37.0,13.0,3.0,4.3
2024-07-19,2.0,11.275715,22.964998,20.624435,4.110417,3.788147,0.0,33.941666,0.04345833,29.38542,248.8237,9.506954,28.14,35.35,21.8,0.0,0.1,0.4,9.0,37.0,52.0,53.0,47.0,17.0,3.0,5.9
2024-07-20,0.0,16.563591,32.1,24.475199,6.0916667,3.2021906,15.791667,32.725002,0.041625,26.500002,26.999031,7.5793247,29.21,32.9,20.0,0.0,0.1,0.3,4.0,22.0,28.0,60.0,31.0,10.0,3.0,2.0
2024-07-21,1.0,10.669627,23.685,33.497646,6.683333,2.4849885,5.0416665,32.758335,0.042875003,26.966667,46.551212,7.989103,29.6,35.35,17.75,0.0,0.1,0.2,2.0,6.0,9.0,83.0,9.0,4.0,3.0,0.2
2024-07-22,0.0,10.220516,22.199999,21.15702,-0.75000006,3.2165468,0.0,31.989584,0.042541668,30.170832,65.74049,8.053757,28.62,38.6,20.5,0.0,0.1,0.3,6.0,23.0,32.0,73.0,19.0,6.0,3.0,2.3
2024-07-23,0.0,9.495754,21.435,25.933916,6.7625003,3.5965397,0.0,34.416668,0.042,32.635418,344.94873,8.396198,27.95,40.4,24.2,0.0,0.2,0.3,5.0,25.0,32.0,83.0,29.0,9.0,4.0,2.9
2024-07-24,0.0,10.102393,21.99,22.94002,7.277083,4.139395,3.125,36.352085,0.041583333,32.604168,351.18936,8.52973,27.99,39.15,24.9,0.0,0.1,0.3,4.0,28.0,34.0,88.0,30.0,12.0,4.0,3.2
2024-07-25,3.0,11.596799,24.074999,21.601847,6.00625,4.0915976,1.5,36.658333,0.041,30.824997,52.205994,7.5724206,26.72,37.5,23.15,0.0,0.1,0.3,2.0,14.0,16.0,107.0,29.0,13.0,4.0,1.8
2024-07-26,0.0,8.473603,20.19,31.292612,10.54375,3.3180072,23.083334,36.039585,0.040625002,31.591665,132.8362,7.165559,26.2,38.15,23.95,0.0,0.1,0.3,2.0,16.0,19.0,105.0,33.0,13.0,4.0,1.5
2024-07-27,1.0,9.695516,22.125,31.508474,11.162499,3.4586887,23.833334,36.404167,0.041375,31.710417,106.935814,8.995237,26.92,38.9,24.15,0.0,0.1,0.3,2.0,13.0,16.0,100.0,32.0,13.0,4.0,0.6
2024-07-28,0.0,12.505342,27.074999,27.84234,9.522917,3.6291907,29.375,36.372917,0.039541665,30.122911,74.887505,6.048291,19.25,35.1,24.6,0.1,0.1,0.2,2.0,7.0,9.0,93.0,33.0,12.0,4.0,0.3
2024-07-29,1.0,8.914541,21.119999,31.132143,10.38125,3.025038,79.333336,34.364582,0.039083336,30.97917,262.9542,8.668724,26.42,38.55,23.0,0.0,0.1,0.3,3.0,18.0,22.0,88.0,61.0,15.0,4.0,0.7
2024-07-30,0.0,12.587365,27.0,27.925642,9.0,3.538273,15.916667,34.485416,0.045041665,30.852081,239.03629,8.285745,28.11,36.95,23.1,0.0,0.1,0.3,3.0,21.0,26.0,80.0,40.0,12.0,4.0,1.8
2024-07-31,0.0,11.226182,22.845,26.89377,8.2375,3.4738166,0.0,34.764584,0.044125002,30.133333,244.29007,8.455268,28.28,37.5,20.15,0.0,0.1,0.3,6.0,30.0,39.0,73.0,44.0,14.0,5.0,
2024-08-01,1.0,10.558446,21.779999,24.33529,5.8562503,3.535184,0.0,33.897915,0.046416666,29.033333,350.9098,7.10798,24.83,34.05,22.1,0.0,0.1,0.3,5.0,27.0,35.0,93.0,34.0,12.0,5.0,3.0
2024-08-02,1.0,9.975969,22.515,33.452328,10.366667,2.772062,9.541667,33.747917,0.044583336,29.035416,28.386038,7.654779,27.52,37.25,20.65,0.0,0.1,0.3,3.0,20.0,24.0,92.0,38.0,15.0,5.0,2.2
2024-08-03,0.0,11.264272,23.76,32.245056,8.747916,3.110749,0.25,34.458332,0.043708336,30.560411,22.851986,8.300709,26.65,37.85,22.55,0.0,0.1,0.3,2.0,11.0,14.0,95.0,19.0,11.0,4.0,0.6
2024-08-04,1.0,10.957498,23.714998,27.311432,8.520833,3.4504917,4.5416665,35.175,0.04554167,31.441668,279.65488,8.793358,26.88,38.25,23.75,0.0,0.1,0.3,2.0,13.0,15.0,97.0,23.0,13.0,5.0,0.5
2024-08-05,1.0,12.797931,25.784998,22.571356,6.4479165,3.787136,3.5833333,35.39375,0.044041667,31.058332,263.39014,8.320597,27.26,38.05,22.4,0.0,0.1,0.3,3.0,20.0,24.0,89.0,27.0,13.0,5.0,1.1
2024-08-06,1.0,10.31238,21.794998,21.968332,5.7166667,3.7481873,8.958333,35.060417,0.041791666,30.979166,297.6039,7.6474504,27.17,38.1,23.0,0.0,0.1,0.4,4.0,32.0,39.0,79.0,25.0,12.0,5.0,3.5
2024-08-07,0.0,8.174747,18.749998,24.9469,6.4666667,3.6620283,2.25,35.368748,0.042833332,30.94792,91.0642,7.2139225,26.86,38.3,22.8,0.0,0.1,0.4,3.0,28.0,32.0,92.0,26.0,12.0,5.0,3.0
2024-08-08,0.0,8.10701,18.885,26.942907,7.3604164,3.6131144,2.1666667,35.556248,0.04266667,32.166664,75.09172,7.3592772,25.68,39.85,23.85,0.0,0.1,0.3,3.0,24.0,28.0,89.0,32.0,13.0,5.0,2.4
2024-08-09,0.0,8.613711,19.904999,23.56372,7.022917,3.994342,11.5,36.233334,0.042,32.02917,105.50707,8.910115,26.68,38.75,24.35,0.0,0.1,0.3,2.0,17.0,20.0,85.0,33.0,12.0,5.0,
2024-08-10,0.0,13.851258,27.93,22.970633,6.3104167,3.9191844,0.083333336,35.670834,0.041708335,31.418749,123.656075,8.129501,25.8,38.35,23.65,0.0,0.1,0.3,1.0,5.0,7.0,95.0,30.0,12.0,5.0,0.9
2024-08-11,1.0,11.170105,24.12,23.606506,7.004166,3.7435305,10.458333,35.3875,0.041,30.64167,213.69006,8.542105,26.07,36.65,23.45,0.0,0.1,0.3,1.0,7.0,9.0,94.0,28.0,9.0,5.0,0.3
2024-08-12,1.0,12.038541,24.735,27.736292,8.618751,3.3372974,6.4166665,35.204166,0.041,26.991667,310.47342,6.248666,18.61,32.4,22.4,0.0,0.1,0.3,2.0,15.0,18.0,94.0,26.0,9.0,,0.8
2024-08-13,0.0,12.753727,27.015,40.046654,11.358334,2.173372,50.333332,31.122917,0.041,25.07917,35.79048,6.4652805,23.63,31.45,19.0,0.0,0.1,0.2,3.0,17.0,22.0,89.0,20.0,10.0,,1.0
2024-08-14,0.0,12.241012,25.47,41.534348,9.960417,2.0189703,13.083333,30.097916,0.042375,23.533333,53.636425,6.871634,26.48,30.8,15.85,0.0,0.1,0.2,3.0,12.0,16.0,78.0,8.0,4.0,1.0,0.9
2024-08-15,0.0,12.432617,25.154999,38.449047,7.2625003,2.0077102,0.41666666,28.970833,0.043500002,26.179167,33.11463,7.1562834,26.2,34.35,17.9,0.0,0.1,0.2,2.0,9.0,13.0,74.0,8.0,4.0,1.0,0.2
2024-08-16,0.0,9.720427,21.39,31.933924,6.1270833,2.6432467,0.0,31.254166,0.040166665,28.347916,326.11005,7.449759,24.38,36.15,19.65,0.0,0.1,0.2,2.0,13.0,16.0,90.0,11.0,5.0,1.0,0.9
2024-08-17,,10.542558,21.99,27.180231,6.589583,3.1074162,27.166666,32.162502,0.04,28.554167,12.173109,7.280073,23.95,35.8,21.35,0.0,0.1,0.2,3.0,15.0,19.0,77.0,13.0,6.0,1.0,0.5
2024-08-18,,12.848414,26.534998,38.09519,11.447917,2.579166,14.833333,33.254166,0.039541665,27.397917,42.759705,7.2227254,25.34,35.6,19.2,0.0,0.1,0.2,2.0,11.0,15.0,68.0,9.0,5.0,1.0,0.4
2024-08-19,,10.69981,23.550001,28.846098,6.679167,2.892176,0.16666667,32.679165,0.041291665,29.13125,48.141266,7.3359785,25.16,36.4,20.65,0.0,0.1,0.3,2.0,14.0,17.0,91.0,27.0,19.0,1.0,0.9
2024-08-20,,10.2603,21.659998,23.041344,5.09375,3.3048728,7.4583335,33.6875,0.039208334,27.910414,48.862614,7.4473014,23.44,36.0,20.0,0.0,0.1,0.3,3.0,22.0,26.0,103.0,37.0,24.0,1.0,1.0
2024-08-21,,13.678402,28.529999,37.556694,10.772916,2.6504922,12.708333,32.84375,0.038541667,29.308332,263.68665,6.3958135,21.27,35.7,22.2,0.0,0.1,0.3,3.0,15.0,19.0,84.0,38.0,21.0,1.0,0.6
2024-08-22,,9.587058,20.054998,32.618225,9.65625,2.9748726,26.916666,33.052082,0.038,29.072916,164.7702,7.269306,23.88,36.7,20.75,0.0,0.1,0.3,3.0,23.0,29.0,77.0,35.0,15.0,1.0,1.1
2024-08-23,0.0,9.739158,21.615,26.2593,6.8416667,3.157107,17.75,33.272915,0.038,29.006254,213.74933,7.2102256,23.98,35.25,22.35,0.0,0.1,0.3,3.0,24.0,29.0,88.0,28.0,11.0,1.0,2.0
2024-08-24,0.0,11.238094,23.114998,35.457203,10.427083,2.808098,0.9166667,33.035416,0.039833333,27.204165,29.116047,6.9521217,24.04,34.85,19.05,0.0,0.1,0.2,2.0,17.0,21.0,89.0,28.0,14.0,2.0,0.6
2024-08-25,1.0,15.009594,30.21,40.230156,10.870833,2.418975,6.0,31.956251,0.03995833,27.264585,46.548084,5.8539624,21.88,33.9,20.85,0.0,0.1,0.2,3.0,13.0,17.0,79.0,23.0,9.0,1.0,0.4
2024-08-26,1.0,8.334685,18.554998,43.10506,12.716667,2.275269,29.833334,32.489582,0.040958334,28.527082,239.03624,6.9483933,23.99,35.15,21.3,0.0,0.1,0.3,2.0,16.0,20.0,81.0,34.0,12.0,1.0,0.6
2024-08-27,,10.932988,22.47,36.065327,10.470834,2.7294214,15.541667,32.639584,0.037333336,28.804167,178.31532,6.5416703,22.39,36.0,21.4,0.0,0.1,0.3,4.0,24.0,30.0,78.0,37.0,15.0,1.0,0.9
2024-08-28,,8.442411,19.215,30.572435,9.139584,2.9078772,40.75,32.491665,0.034541667,24.029167,119.44222,3.9426756,15.83,27.85,20.25,11.700001,0.1,0.3,5.0,33.0,40.0,71.0,47.0,16.0,2.0,2.0
2024-08-29,,9.281714,21.285,67.0084,16.779167,1.0109776,73.75,27.475,0.14091666,22.35,42.58723,3.4543028,16.59,26.75,18.15,1.5,0.1,0.3,3.0,20.0,25.0,68.0,36.0,17.0,1.0,1.4
2024-08-30,,8.261523,17.865,71.81751,16.85,0.831716,79.583336,25.11875,0.18679166,22.091665,36.612534,3.153216,15.0,26.75,17.6,2.3000002,0.1,0.3,3.0,18.0,23.0,75.0,28.0,13.0,1.0,1.6
2024-08-31,,8.304002,18.195,70.43337,16.172916,0.8541291,77.75,24.052084,0.21566667,23.385416,308.56522,4.539058,21.28,29.7,18.1,0.2,0.1,0.3,3.0,15.0,19.0,73.0,20.0,12.0,1.0,0.7
2024-09-01,,6.687594,15.06,67.44789,16.058332,1.1136038,77.708336,25.2875,0.17220832,24.40417,355.1012,5.324032,22.54,31.2,18.6,0.0,0.1,0.3,3.0,16.0,21.0,66.0,29.0,14.0,1.0,0.5
2024-09-02,,10.374958,20.76,55.712524,13.677083,1.5567487,10.583333,25.941666,0.12641667,23.664583,18.21724,5.2907333,21.73,30.35,17.5,0.1,0.1,0.3,4.0,21.0,28.0,70.0,26.0,15.0,2.0,1.1
2024-09-03,,11.925483,23.699999,58.582516,13.76875,1.4142927,24.166666,26.49375,0.08316667,21.260416,32.96423,4.7326803,19.53,26.05,17.35,0.2,0.1,0.3,4.0,20.0,26.0,65.0,22.0,14.0,2.0,1.2
2024-09-04,1.0,15.25324,29.669998,58.457043,11.9375,1.1272783,36.708332,24.558334,0.079833336,20.0875,29.831005,4.4240365,19.01,26.6,13.45,0.0,0.1,0.3,3.0,15.0,20.0,64.0,8.0,7.0,1.0,1.3
2024-09-05,1.0,9.215801,19.289999,52.562668,9.252084,1.2765013,76.0,23.708334,0.076291665,20.449999,246.99889,5.53337,21.42,25.45,15.3,0.0,0.1,0.3,4.0,18.0,25.0,65.0,15.0,7.0,1.0,1.3
2024-09-06,0.0,12.4813,24.495,36.651608,3.5541668,1.6017612,49.125,24.035416,0.056333333,19.310415,237.23396,5.583508,22.5,26.05,11.3,0.0,0.1,0.3,5.0,23.0,31.0,64.0,21.0,8.0,1.0,1.8
2024-09-07,0.0,10.305106,21.225,35.209003,2.3166666,1.6176859,24.75,23.152084,0.049,21.314583,252.66777,5.6403394,22.06,28.1,14.6,0.0,0.1,0.2,3.0,18.0,23.0,72.0,18.0,8.0,1.0,0.7
2024-09-08,0.0,10.720389,22.169998,37.68782,5.5729165,1.7066618,3.2916667,24.960417,0.040791664,21.449999,59.58052,5.017751,22.49,29.3,13.15,0.0,0.1,0.2,3.0,17.0,21.0,71.0,19.0,10.0,3.0,0.9
2024-09-09,1.0,7.532332,17.1,38.8971,5.3125,1.8079089,0.0,25.854166,0.033333335,22.858332,55.624966,5.5819283,22.22,30.8,14.85,0.0,0.1,0.3,4.0,33.0,39.0,78.0,18.0,10.0,3.0,2.3
2024-09-10,1.0,10.278667,21.359999,41.625183,7.210417,1.8996893,0.5833333,26.99375,0.029166667,22.831251,23.87657,5.733406,21.64,30.4,15.5,0.0,0.1,0.3,4.0,25.0,30.0,85.0,19.0,11.0,3.0,2.5
2024-09-11,2.0,10.83627,22.289999,36.625076,5.258333,1.9530034,32.75,27.335417,0.021833332,22.699999,345.1668,5.51516,19.97,29.5,16.95,0.0,0.1,0.3,4.0,27.0,33.0,71.0,21.0,11.0,2.0,1.9
2024-09-12,0.0,11.861793,23.714998,41.984737,8.254167,1.7077774,65.083336,26.589584,0.012375,18.177086,53.6005,5.747308,22.09,23.5,13.1,0.0,0.1,0.2,6.0,22.0,31.0,52.0,21.0,10.0,2.0,3.4
2024-09-13,1.0,19.581945,36.12,42.172974,3.6645832,1.2685996,0.16666667,22.777084,0.010041666,18.391666,44.585854,4.8627124,21.54,26.4,10.65,0.0,0.1,0.2,3.0,14.0,19.0,62.0,12.0,6.0,3.0,1.1
2024-09-14,1.0,9.439907,20.324999,38.02866,3.5166667,1.4964417,0.083333336,23.147917,0.01275,22.054169,38.693733,5.3429885,21.64,30.65,13.55,0.0,0.2,0.3,7.0,27.0,38.0,68.0,14.0,8.0,3.0,2.6
2024-09-15,0.0,9.314111,19.949999,29.028212,0.70833325,2.1499999,2.8333333,25.433334,0.014958334,21.868752,47.349102,7.3547573,21.81,30.45,13.4,0.0,0.2,0.3,5.0,27.0,35.0,71.0,15.0,10.0,4.0,1.8
2024-09-16,0.0,16.220827,30.599998,19.612953,-3.8687499,2.2810376,25.291666,24.370834,0.018458333,20.562498,48.5234,5.9800234,21.28,27.55,13.85,0.0,0.1,0.2,4.0,22.0,28.0,74.0,14.0,9.0,4.0,1.5
2024-09-17,1.0,16.044355,31.515,33.20706,2.5041666,1.7636595,3.0,24.09375,0.013666667,20.625002,72.12903,4.6952705,18.25,26.75,14.55,0.2,0.1,0.2,4.0,21.0,26.0,67.0,19.0,12.0,5.0,1.7
2024-09-18,0.0,11.517549,23.595,50.460796,9.35625,1.3345885,20.625,24.597916,0.012375,18.377083,78.381516,2.7647848,13.99,24.0,15.15,8.2,0.1,0.2,4.0,22.0,28.0,69.0,37.0,19.0,5.0,1.8
2024-09-19,0.0,8.30025,19.199999,78.08872,13.75,0.51220113,54.458332,22.183334,0.055708334,17.777082,81.0788,2.5768123,13.04,22.75,14.65,3.8999999,0.1,0.3,4.0,25.0,32.0,58.0,26.0,18.0,4.0,1.8
2024-09-20,1.0,8.078203,17.97,74.38245,12.879167,0.589933,73.416664,20.981249,0.059416667,18.402082,222.72238,2.8774605,13.88,23.0,15.65,6.4999995,0.1,0.3,6.0,31.0,40.0,44.0,26.0,20.0,4.0,2.5
2024-09-21,0.0,9.372102,20.73,73.27666,13.185417,0.6192109,57.083332,20.585417,0.119333334,18.458334,249.10657,3.8578994,17.14,24.4,13.2,0.1,0.1,0.3,4.0,22.0,28.0,57.0,28.0,22.0,4.0,1.2
2024-09-22,0.0,10.530503,20.13,60.039898,9.683333,0.96362513,41.208332,20.175001,0.125875,18.204165,248.68866,4.022466,18.45,24.15,12.15,0.0,0.1,0.3,4.0,29.0,35.0,60.0,37.0,29.0,4.0,1.7
2024-09-23,0.0,8.260001,17.1,56.68668,8.560416,1.0219134,25.041666,20.483334,0.10008333,16.589582,244.33015,3.5777826,13.26,22.3,11.85,0.0,0.1,0.2,7.0,29.0,39.0,69.0,,,5.0,3.7
2024-09-24,1.0,11.624,22.14,51.420895,5.835417,0.9715596,93.208336,18.845833,0.07525,17.812498,229.65533,2.2816525,7.67,22.4,13.4,0.1,0.1,0.2,11.0,37.0,54.0,62.0,,,4.0,4.1
2024-09-25,0.0,17.396149,31.964998,74.09811,13.485416,0.56562275,99.833336,19.527082,0.06504167,19.229166,233.62433,3.0690975,12.46,23.05,16.8,0.4,,0.2,6.0,21.0,31.0,54.0,,,4.0,
2024-09-26,0.0,27.06337,48.554996,75.11566,14.264584,0.5836648,62.666668,20.81875,0.0635,16.61875,281.92194,4.3445964,18.17,22.3,12.6,0.0,0.1,0.2,7.0,15.0,27.0,38.0,9.0,6.0,4.0,1.3
2024-09-27,0.0,16.55472,31.574999,52.207043,5.0729165,0.9614348,23.5,19.525,0.057333335,14.445834,44.421967,3.9721243,19.42,20.7,8.4,0.0,0.1,0.2,5.0,20.0,27.0,60.0,14.0,6.0,4.0,2.0
2024-09-28,1.0,10.172619,20.13,42.388515,0.7,1.0568188,15.291667,17.987501,0.04725,16.195833,26.075329,3.8333542,18.63,24.4,8.3,0.0,0.1,0.2,3.0,21.0,26.0,57.0,10.0,5.0,4.0,1.3
2024-09-29,1.0,6.755139,15.375,43.699738,2.5791667,1.2358532,3.875,19.733334,0.041208334,19.46458,267.83896,3.9317548,18.56,28.05,10.9,0.0,0.1,0.3,5.0,25.0,33.0,55.0,19.0,8.0,5.0,1.4
2024-09-30,1.0,5.108126,11.744999,34.333977,1.9791666,1.7176002,0.0,21.977083,0.040000003,20.391668,243.97043,3.8039503,14.72,28.2,13.05,0.0,0.3,0.4,19.0,58.0,86.0,47.0,27.0,10.0,5.0,7.1
2024-10-01,1.0,7.400553,15.014999,37.335915,4.954167,1.6355916,51.916668,21.622917,0.04608333,21.085417,255.27695,3.6885488,12.65,25.45,17.2,3.4,0.2,0.4,15.0,55.0,79.0,39.0,37.0,14.0,5.0,9.2
2024-10-02,0.0,17.119429,31.605001,65.40054,13.858334,0.9202662,91.833336,22.589584,0.044,19.69375,315.94394,3.923442,17.42,24.6,15.75,0.0,0.1,0.3,10.0,25.0,39.0,33.0,22.0,10.0,5.0,2.9
2024-10-03,0.0,8.720672,19.23,51.272644,8.2375,1.1850348,22.916666,22.949999,0.03945833,18.056252,346.1651,3.4633076,14.41,25.2,11.1,0.0,0.1,0.2,4.0,21.0,27.0,59.0,9.0,5.0,5.0,2.3
2024-10-04,0.0,7.121424,15.524999,47.446606,6.289583,1.2073983,39.708332,21.485418,0.037499998,19.052082,264.7418,3.7690985,15.43,26.6,11.9,0.0,0.1,0.3,7.0,34.0,45.0,47.0,17.0,8.0,5.0,2.3
2024-10-05,1.0,11.517076,22.305,57.832798,10.235417,1.063363,34.125,21.970833,0.035583332,20.327082,237.18736,3.658192,13.13,24.8,16.5,0.0,0.1,0.3,6.0,27.0,36.0,42.0,21.0,11.0,5.0,1.9
2024-10-06,1.0,18.903744,35.325,64.18098,12.922916,0.9169061,88.5,22.235418,0.040166665,17.514584,221.04468,2.0897038,7.15,23.3,13.8,6.2000003,0.1,0.2,5.0,12.0,20.0,25.0,65.0,29.0,5.0,0.4
2024-10-07,0.0,15.261776,29.46,75.54513,12.264584,0.53375244,86.625,18.96875,0.075375,14.860416,237.8642,2.006991,9.77,18.5,11.65,1.1,0.1,0.2,,,,26.0,,,,2.5
2024-10-08,0.0,20.525175,36.87,79.19788,11.3125,0.39032832,92.208336,16.710417,0.122875,16.4125,218.822,1.5432974,4.13,20.2,14.2,5.1,0.1,0.2,6.0,22.0,32.0,45.0,20.0,13.0,1.0,1.4
2024-10-09,1.0,25.231972,45.569996,80.88165,12.912499,0.3558084,82.375,16.441668,0.19266666,14.533332,268.68994,3.0490944,15.39,20.15,10.7,0.0,0.1,0.2,5.0,20.0,28.0,46.0,20.0,14.0,1.0,0.9
2024-10-10,1.0,10.601007,20.82,61.66153,6.3958335,0.69347364,26.625,16.164583,0.20099999,13.237499,146.39996,2.2173214,11.61,19.2,7.35,2.0,0.1,0.3,5.0,27.0,35.0,55.0,20.0,12.0,1.0,1.7
2024-10-11,0.0,8.160106,16.83,70.45188,7.9270835,0.5162256,79.875,14.985416,0.17433333,16.275002,170.77614,1.1540824,6.42,18.5,14.6,10.200002,0.1,0.3,8.0,37.0,50.0,37.0,26.0,16.0,1.0,4.1
2024-10-12,0.0,10.121885,20.339998,90.026245,14.575,0.19423418,100.0,16.583334,0.28279167,16.281248,18.717686,1.9211746,11.04,21.5,12.35,0.2,0.1,0.2,5.0,24.0,32.0,30.0,18.0,18.0,1.0,1.3
2024-10-13,0.0,7.488743,14.849999,83.96482,13.460416,0.35689464,71.75,16.995832,0.30204168,17.077082,33.71883,1.4707663,7.69,22.8,13.7,1.0,0.1,0.3,6.0,31.0,40.0,30.0,25.0,20.0,1.0,2.2
2024-10-14,13.0,9.135745,17.385,86.52943,14.70625,0.29515386,78.75,17.385416,0.28766665,16.75625,160.19638,1.5208303,8.68,20.35,15.35,22.0,0.1,0.3,12.0,43.0,61.0,15.0,54.0,27.0,1.0,5.9
2024-10-15,3.0,12.22137,26.205,86.883095,14.431251,0.261306,80.416664,17.283333,0.34020832,17.322916,201.06172,2.1640568,10.97,21.85,15.15,7.3,0.1,0.2,5.0,23.0,31.0,43.0,50.0,31.0,1.0,1.6
2024-10-16,0.0,19.12499,36.06,82.70867,14.091667,0.37574497,71.125,17.475,0.3502083,13.435417,259.71506,2.019022,10.04,17.0,10.65,11.5,0.1,0.2,6.0,20.0,29.0,44.0,22.0,22.0,2.0,1.2
2024-10-17,3.0,17.592232,33.285,74.26147,8.285417,0.4201739,58.75,14.489583,0.37062502,12.197918,286.47855,2.466371,15.15,17.75,7.3,0.0,0.1,0.2,5.0,20.0,27.0,53.0,16.0,11.0,1.0,1.1
2024-10-18,0.0,6.8774705,14.369999,70.26944,6.683333,0.4788771,45.958332,13.91875,0.32079166,15.275001,246.32858,2.1856017,11.76,20.95,11.65,0.1,0.1,0.3,8.0,30.0,42.0,46.0,11.0,5.0,2.0,2.4
2024-10-19,1.0,7.2351413,14.565,77.14618,11.05,0.45681715,91.375,15.816667,0.28695834,14.816667,207.07848,1.6396518,9.81,20.1,11.35,0.0,0.1,0.3,9.0,36.0,49.0,30.0,16.0,7.0,1.0,2.4
2024-10-20,1.0,4.2243185,9.464999,87.55294,12.575,0.25066483,85.458336,16.127083,0.266875,15.191667,24.557007,2.3210526,14.29,21.8,10.0,0.0,0.1,0.3,7.0,32.0,43.0,29.0,21.0,11.0,1.0,1.8
2024-10-21,4.0,4.4121714,9.329999,79.75095,11.264584,0.4397235,24.916666,16.21875,0.23887499,16.004166,42.781754,2.2773201,12.64,21.25,12.0,0.4,0.2,0.5,19.0,49.0,78.0,22.0,32.0,14.0,1.0,6.0
2024-10-22,46.0,11.143172,20.625,75.35344,11.45,0.50310004,54.666668,16.595833,0.21658333,15.283333,52.313404,1.9623548,11.32,19.85,11.45,0.7,0.1,0.3,5.0,27.0,34.0,43.0,18.0,9.0,1.0,5.6
2024-10-23,18.0,7.9863725,15.554999,78.28498,11.23125,0.42306244,32.0,16.414583,0.19787501,15.443749,133.36896,1.518997,8.19,20.25,12.8,0.90000004,0.1,0.3,6.0,31.0,40.0,38.0,16.0,6.0,1.0,3.5
2024-10-24,3.0,6.778563,13.424999,79.39548,11.810417,0.40184763,84.166664,16.329166,0.18924999,14.322917,237.89214,1.3928688,6.98,16.95,10.9,10.1,0.1,0.3,5.0,34.0,41.0,45.0,16.0,6.0,2.0,2.8
2024-10-25,13.0,11.050027,23.234999,80.90104,10.483334,0.3131444,78.5,15.285417,0.22491665,9.233333,271.51462,1.670717,10.51,12.7,6.5,1.5,,0.3,7.0,37.0,48.0,33.0,21.0,10.0,2.0,3.0
2024-10-26,30.0,10.417214,20.625,74.44613,4.4729166,0.31436405,80.75,12.158333,0.21029167,8.525,31.105818,1.7968491,10.83,13.2,3.35,1.1,,0.2,3.0,18.0,23.0,50.0,8.0,4.0,2.0,0.6
2024-10-27,3.0,12.595302,22.83,76.448784,4.2770834,0.30822656,66.416664,10.493751,0.19466667,12.741666,50.71465,2.146116,12.04,18.7,7.9,3.1,0.1,0.2,2.0,15.0,18.0,51.0,7.0,4.0,2.0,0.3
2024-10-28,3.0,16.27491,30.21,76.58767,8.78125,0.4064432,63.041668,12.739583,0.257125,14.260417,35.010406,1.4683806,5.44,16.9,12.25,6.9,0.1,0.2,4.0,21.0,26.0,45.0,9.0,4.0,2.0,1.4
2024-10-29,7.0,23.459288,42.614998,81.997154,11.370833,0.30475873,82.75,13.597917,0.29841664,14.522915,70.65891,2.1998932,12.1,18.9,10.85,11.100001,0.1,0.2,4.0,21.0,26.0,45.0,10.0,4.0,,1.2
2024-10-30,3.0,12.622523,26.039999,72.68397,9.320833,0.485667,52.833332,13.877083,0.362375,14.260418,72.42329,1.7732095,10.72,19.6,11.35,0.90000004,0.1,0.3,5.0,32.0,40.0,52.0,54.0,16.0,,2.4
2024-10-31,3.0,7.7421665,16.23,82.35662,11.118751,0.32628638,65.166664,14.73125,0.32470834,14.374999,55.358097,1.5882688,9.33,19.15,11.85,4.9999995,0.1,0.3,9.0,34.0,47.0,37.0,131.0,30.0,,2.9
2024-11-01,10.0,7.620718,15.945,82.96929,11.270833,0.31079364,88.25,15.145833,0.3432083,13.329166,35.378567,1.4819324,9.58,16.95,10.85,0.70000005,0.1,0.3,4.0,33.0,40.0,36.0,28.0,12.0,,2.3
2024-11-02,12.0,8.9581,17.234999,86.139,10.910417,0.22978412,61.291668,14.302083,0.31558332,13.110416,67.065834,1.4870989,8.76,18.6,9.85,0.2,0.1,0.2,3.0,22.0,27.0,40.0,16.0,7.0,,0.8
2024-11-03,3.0,8.672526,16.08,81.16764,9.616667,0.33449146,41.166668,13.666667,0.29675,13.120833,64.00796,1.3195087,7.89,17.6,9.95,0.4,0.1,0.3,4.0,31.0,38.0,38.0,19.0,7.0,,1.0
2024-11-04,7.0,6.6690044,12.974999,82.73043,10.310416,0.29094535,77.791664,13.75,0.28166667,13.381248,2.804057,1.337672,8.32,18.2,9.1,0.0,0.1,0.3,6.0,33.0,41.0,31.0,22.0,9.0,,1.9
2024-11-05,5.0,3.9915793,8.054999,84.55886,10.447917,0.28396195,48.625,13.702084,0.272125,13.739583,28.163647,1.9190478,12.0,19.35,9.45,0.0,0.2,0.4,15.0,46.0,69.0,24.0,31.0,13.0,,5.2
2024-11-06,8.0,7.082569,12.945,79.95696,10.060416,0.3713828,0.5,14.020833,0.26541665,12.697915,42.25188,1.6490626,10.97,18.7,8.1,0.0,0.2,0.4,16.0,42.0,67.0,28.0,32.0,13.0,,5.6
2024-11-07,39.0,5.4679127,10.679999,82.955215,9.650001,0.2993725,25.833334,13.618751,0.25333333,11.7375,64.59886,0.9931684,6.47,16.15,8.2,0.0,0.1,0.4,11.0,39.0,57.0,29.0,27.0,11.0,,3.8
2024-11-08,10.0,5.005213,10.155,88.54836,9.729167,0.17731422,72.375,12.404167,0.24616666,11.660417,11.983981,1.2071636,8.0,17.1,8.6,0.0,0.1,0.4,15.0,46.0,69.0,20.0,29.0,14.0,,6.2
2024-11-09,5.0,3.444587,8.88,88.50135,9.547917,0.19183159,53.958332,12.941667,0.245625,11.381249,356.6794,1.2458599,7.91,17.0,7.35,0.0,0.3,0.6,38.0,51.0,108.0,14.0,37.0,22.0,,7.8
2024-11-10,226.0,3.4347553,7.2449994,80.51505,8.04375,0.30622408,56.125,11.870833,0.23545833,12.0354185,30.662334,1.955197,10.33,17.55,8.1,0.0,0.2,0.4,13.0,45.0,64.0,19.0,20.0,10.0,,3.5
2024-11-11,58.0,12.3877535,22.65,73.900444,7.0333333,0.42490217,11.833333,12.114583,0.23333333,9.320833,19.78963,1.953204,9.7,14.85,4.65,0.0,0.1,0.3,6.0,31.0,41.0,39.0,13.0,4.0,,3.3
2024-11-12,230.0,12.658963,27.555,66.35595,2.7666667,0.4257822,38.583332,10.320833,0.204625,6.4312496,38.727802,1.024831,4.2,9.55,3.95,6.2,0.1,0.3,4.0,24.0,31.0,49.0,11.0,5.0,,1.7
2024-11-13,13.0,15.03981,34.62,74.93383,2.4125001,0.24484976,96.666664,7.3770833,0.23066668,11.302083,28.784073,1.2479566,8.1,17.0,8.0,2.3000002,,,,,,,,,,
2024-11-14,1.0,8.938296,21.735,83.39003,8.76875,0.25387782,94.583336,11.197917,0.26345834,12.672916,71.23292,1.1887674,6.72,16.55,9.85,0.6,0.1,0.3,8.0,35.0,47.0,33.0,17.0,6.0,,3.9
2024-11-15,4.0,8.542096,19.725,82.375786,9.474999,0.28577796,84.291664,12.39375,0.23724999,11.158333,32.610195,1.2545496,8.61,14.65,8.3,0.0,0.1,0.3,6.0,31.0,39.0,43.0,39.0,8.0,,3.2
2024-11-16,8.0,6.788963,16.574999,81.55007,7.929167,0.26285172,82.666664,11.420834,0.21620834,11.175,19.382318,1.4582658,10.41,17.4,6.6,0.1,0.1,0.3,4.0,34.0,40.0,40.0,29.0,9.0,,1.6
2024-11-17,13.0,4.1445274,11.264999,82.3875,8.170834,0.274812,54.5,11.306251,0.20870833,12.345834,310.6012,1.5069693,10.36,18.05,8.25,0.0,0.2,0.4,14.0,40.0,61.0,23.0,33.0,11.0,,2.4
2024-11-18,69.0,3.7285042,11.715,82.043915,9.204166,0.29757315,18.416666,12.3125,0.20079166,11.022916,231.32501,1.2130141,8.52,16.05,7.0,0.0,0.2,0.5,24.0,49.0,87.0,12.0,36.0,15.0,,4.6
2024-11-19,134.0,6.6049333,16.32,89.401085,9.216666,0.1670425,50.708332,11.277083,0.19416666,11.633334,266.86072,1.6318932,9.97,16.55,8.7,0.0,0.1,0.4,31.0,41.0,88.0,15.0,33.0,16.0,,5.7
2024-11-20,54.0,10.239817,24.824999,75.71496,7.0729165,0.3641347,60.416668,12.006249,0.18712501,10.127083,242.68304,1.1698848,8.34,13.05,7.75,0.0,,0.3,6.0,26.0,36.0,39.0,16.0,6.0,,
2024-11-21,68.0,15.510322,35.385,85.04541,7.6687503,0.19981964,60.25,10.825,0.18616666,11.352084,254.80972,1.3299221,8.44,15.2,8.1,0.0,,0.3,6.0,20.0,30.0,43.0,12.0,4.0,,
2024-11-22,40.0,9.580283,24.539999,76.81454,6.9041667,0.333346,85.208336,11.618751,0.18858333,10.710416,29.981432,0.8979771,5.35,15.9,7.35,1.0,,0.4,12.0,34.0,52.0,40.0,15.0,6.0,,
2024-11-23,8.0,5.1577935,13.02,81.1036,7.6625,0.2648467,94.458336,10.929166,0.19954167,11.547916,73.46884,1.317574,8.28,16.35,7.8,0.0,,0.4,8.0,40.0,53.0,20.0,16.0,10.0,,
2024-11-24,13.0,8.104791,19.109999,78.83219,8.179167,0.3469422,89.0,11.195834,0.20645833,14.10625,212.81328,1.6203663,3.74,16.55,9.45,1.7,,0.3,6.0,36.0,46.0,29.0,17.0,9.0,,
2024-11-25,24.0,13.335738,32.865,70.3671,7.8895836,0.49179682,80.666664,12.33125,0.23841667,7.4604163,350.63663,0.8580204,6.78,10.6,4.45,0.0,,0.3,6.0,30.0,39.0,39.0,26.0,7.0,,
2024-11-26,17.0,3.699206,10.079999,83.633934,4.6625,0.17751092,87.666664,8.677083,0.28316668,6.9791665,17.33094,1.1742371,9.85,12.0,3.1,0.0,,0.5,29.0,58.0,102.0,11.0,25.0,13.0,,
2024-11-27,5.0,3.8512757,10.349999,77.718796,3.1729167,0.24862559,16.75,7.4874997,0.27533334,7.033333,18.197662,1.1889555,9.9,12.75,2.35,0.0,0.6,0.4,23.0,48.0,82.0,23.0,21.0,9.0,,3.4
2024-11-28,8.0,3.465167,9.585,84.14983,4.4895835,0.18080558,2.5416667,7.2395835,0.26845834,8.40625,23.838757,1.0674092,8.06,14.75,3.9,0.0,0.7,0.5,32.0,51.0,100.0,20.0,24.0,10.0,,4.2
2024-11-29,8.0,4.24231,10.724999,86.54456,6.3312497,0.17958052,50.5,8.275001,0.26091668,9.554168,27.558887,1.2167575,9.29,15.45,5.4,0.0,0.8,0.6,44.0,58.0,125.0,12.0,41.0,19.0,,5.3
2024-11-30,79.0,3.5906563,9.57,87.45719,7.475,0.17723076,26.125,9.279166,0.25579166,9.141667,12.4893055,0.8612261,6.73,13.55,5.45,0.1,0.7,0.5,31.0,49.0,97.0,13.0,44.0,18.0,,3.5
2024-12-01,224.0,3.8368034,10.485,91.77555,7.879167,0.10477442,74.625,8.989583,0.28229168,10.575001,14.99761,0.93671227,7.05,14.75,7.4,4.3,,,,,,,,,,
2024-12-02,621.0,4.1159487,11.744999,88.64914,8.645833,0.1599821,46.583332,10.533334,0.325875,9.664582,288.85666,1.2436912,8.25,14.55,5.35,0.2,,,,,,,,,,
2024-12-03,199.0,6.413708,15.6449995,81.963234,6.7687497,0.24409276,54.208332,9.904166,0.30091667,10.710416,290.57224,1.2949713,8.74,14.1,7.9,0.5,,,,,,,,,,
2024-12-04,263.0,7.2003636,18.255,76.92971,6.2916665,0.3144183,68.625,10.622916,0.289125,8.506249,341.25842,1.134104,8.78,13.95,4.6,0.0,,,,,,,,,,
2024-12-05,969.0,3.3334122,9.599999,80.57084,5.275,0.24115492,77.666664,9.022917,0.28379166,9.439584,65.095245,1.1462035,8.8,15.1,5.35,0.0,,,,,,,,,,
2024-12-06,265.0,2.7767265,7.9649997,84.32542,6.929167,0.2112546,65.458336,9.33125,0.283375,9.750001,289.75864,1.4299295,6.78,15.5,6.3,0.0,,,,,,,,,,
2024-12-07,182.0,9.591209,22.62,73.48646,4.6770835,0.35325098,39.333332,9.28125,0.26891667,6.875,281.60107,1.2124358,6.0,10.05,4.1,0.2,,,,,,,,,,
2024-12-08,42.0,8.447382,20.984999,60.47201,-0.63124996,0.40146646,59.291668,6.93125,0.2305,5.108333,284.6562,1.240925,7.47,8.05,2.9,0.0,,,,,,,,,,
2024-12-09,21.0,10.162046,24.69,68.40951,-0.33125,0.28452122,48.041668,5.6979165,0.21254165,4.7354164,36.05358,0.9541367,6.83,9.0,0.8,0.0,,,,,,,,,,
2024-12-10,15.0,4.635313,12.794999,71.213776,-0.20625,0.27103296,62.708332,5.4270835,0.206125,5.410417,29.040369,0.74026895,4.2,7.55,3.95,0.0,,,,,,,,,,
2024-12-11,5.0,5.909083,14.79,70.679634,0.28333333,0.26790693,78.416664,5.8583336,0.19941665,4.74375,42.383595,0.87659305,7.65,9.4,1.1,0.0,,,,,,,,,,
2024-12-12,4.0,5.6328983,13.454999,79.870705,1.38125,0.19612269,46.25,5.2395835,0.19083333,4.9375,348.03052,0.5942406,4.45,9.15,2.75,3.0,,,,,,,,,,
2024-12-13,6.0,4.926182,13.245,87.131966,2.8083334,0.12479883,63.666668,5.839583,0.20079166,3.5937502,2.9608097,0.8050265,7.52,8.1,0.15,0.0,,,,,,,,,,
2024-12-14,1.0,2.4432788,7.6049995,88.876396,1.725,0.09976653,54.041668,4.016667,0.19695835,3.1895835,23.902073,0.99903655,8.98,9.9,-1.5,0.0,,,,,,,,,,
2024-12-15,15.0,5.096697,12.75,80.82849,0.06458333,0.18026996,0.8333333,3.1499999,0.20383333,3.7854166,30.252481,1.054359,9.18,9.5,-0.5,0.0,,,,,,,,,,
2024-12-16,1.0,8.048816,18.57,77.23034,-0.083333336,0.20935316,43.791668,3.6604166,0.19641666,3.1604166,31.065111,0.9205774,8.6,8.2,-0.4,0.0,,,,,,,,,,
2024-12-17,3.0,3.6345873,10.32,81.81141,0.27291664,0.15223688,56.166668,3.4291668,0.19795834,4.952084,30.403347,0.95682365,8.24,11.0,0.55,0.0,,,,,,,,,,
2024-12-18,4.0,4.183005,10.68,81.74282,2.4291666,0.18922001,58.416668,4.7062497,0.19583333,9.214583,240.96112,0.9001864,5.62,13.2,7.0,1.2,,,,,,,,,,
2024-12-19,15.0,11.979576,27.99,80.139046,5.866667,0.23173766,62.125,7.660417,0.204,5.477083,17.936176,1.2739547,9.04,10.1,1.1,0.0,,,,,,,,,,
2024-12-20,45.0,6.90049,17.414999,70.37771,-0.08958333,0.28537193,2.9583333,5.6270833,0.19870834,3.564583,11.023424,0.97668904,8.97,10.1,-1.1,0.0,,,,,,,,,,
2024-12-21,3.0,4.23068,10.98,76.84586,-0.39374998,0.21426368,0.125,3.4791667,0.19058333,4.4062495,338.19855,1.0262076,8.92,12.0,-1.1,0.0,,,,,,,,,,
2024-12-22,20.0,3.8681228,10.514999,80.818146,1.5479168,0.2002485,41.541668,4.15625,0.17795832,6.816667,12.180594,1.3688796,7.87,10.65,4.2,0.0,,,,,,,,,,
2024-12-23,510.0,11.732419,28.394999,68.54304,0.95625,0.329843,42.708332,5.7333336,0.17125,6.9750004,28.504227,1.281229,8.69,13.45,1.4,0.0,,,,,,,,,,
2024-12-24,12.0,8.1803465,19.59,72.26715,2.4520833,0.31791905,0.625,5.9874997,0.14958332,9.022918,35.20601,1.1693863,8.9,14.95,5.4,0.0,,,,,,,,,,
2024-12-25,6.0,6.573967,16.32,75.91453,4.7708335,0.30652192,0.041666668,7.5333333,0.14404167,7.1270843,21.10492,1.0699847,8.91,12.95,2.25,0.0,,,,,,,,,,
2024-12-26,6.0,2.1880014,6.435,79.92843,3.529167,0.23066427,0.0,5.9375,0.14283334,5.9187503,26.471098,0.98439085,8.61,10.85,2.1,0.0,,,,,,,,,,
2024-12-27,7.0,6.252088,14.94,84.77408,3.3916667,0.16287644,2.4583333,5.9083333,0.13820833,4.3708334,25.334227,0.9138434,8.58,9.8,0.15,0.0,,,,,,,,,,
2024-12-28,6.0,3.9602623,10.499999,86.28174,2.1145833,0.13232738,13.875,4.8645835,0.13316667,4.0291667,20.893429,0.9961236,9.16,9.35,-0.3,0.0,,,,,,,,,,
2024-12-29,15.0,5.222313,12.945,81.55731,0.8875,0.16902573,0.0,4.1124997,0.13108332,3.2812502,19.753458,0.9750979,9.15,8.7,-0.45,0.0,,,,,,,,,,
2024-12-30,,3.710561,10.29,82.774666,0.49791667,0.1523377,0.20833333,3.6666667,0.136875,3.1145833,18.15742,0.9769116,9.12,8.75,-0.05,0.0,,,,,,,,,,
2024-12-31,,4.672257,12.134999,82.284584,0.17291667,0.15390822,0.0,2.9375,0.14120834,2.8374999,11.888645,0.7566792,6.72,7.95,-0.9,0.0,,,,,,,,,,
2025-01-01,4.0,2.8811505,8.88,87.84475,0.99583334,0.10126812,41.0,3.0062501,0.14,2.8666666,196.64514,0.7305948,6.74,8.55,-1.05,0.0,0.8,0.4,13.0,43.0,64.0,32.0,20.0,11.0,2.0,1.9
2025-01-02,16.0,3.3676414,9.599999,87.82987,1.0916667,0.10582622,59.208332,2.9125001,0.12229166,3.4666665,41.760147,0.62082136,5.11,8.1,-0.1,0.0,1.2,0.5,25.0,60.0,98.0,16.0,27.0,15.0,2.0,4.4
2025-01-03,67.0,1.8127242,6.765,89.36456,1.7166667,0.09304,86.375,2.9104166,0.10270833,4.1145835,26.358128,0.41118723,2.75,7.5,1.05,0.0,1.2,0.4,26.0,54.0,93.0,15.0,25.0,16.0,2.0,4.1
2025-01-04,7.0,2.4809082,8.985,95.02081,3.5375001,0.04616444,99.208336,5.045833,0.08608333,7.2562504,193.7332,0.71889436,2.6,11.25,3.5,2.1000001,1.1,0.4,19.0,53.0,82.0,19.0,28.0,20.0,2.0,3.7
2025-01-05,13.0,10.972008,25.65,85.38085,5.2208333,0.17557438,100.0,6.7166667,0.083875,8.941667,243.16786,1.1306334,6.52,11.75,6.1,2.2999997,0.6,0.3,3.0,27.0,31.0,40.0,25.0,16.0,1.0,1.7
2025-01-06,12.0,14.483766,33.96,76.87886,4.4625,0.26897374,60.375,8.585417,0.10570833,5.527083,245.01064,0.90868163,6.7,8.55,0.9,0.0,0.4,0.2,2.0,21.0,25.0,59.0,12.0,5.0,1.0,0.9
2025-01-07,6.0,11.097306,27.644999,80.77158,2.6104167,0.1843868,66.666664,6.3145833,0.096833326,8.73125,217.85799,0.98970693,5.67,11.3,6.05,0.5,0.6,0.3,9.0,31.0,45.0,49.0,13.0,4.0,1.0,2.2
2025-01-08,3.0,11.893677,28.86,80.75868,5.6124997,0.22861506,99.958336,8.5625,0.095125,10.172917,236.47519,0.8528494,5.27,13.2,8.55,0.0,0.5,0.3,6.0,32.0,41.0,46.0,14.0,5.0,1.0,2.3
2025-01-09,128.0,14.902592,34.56,88.3717,8.197917,0.15661763,69.958336,9.995833,0.10554167,9.066667,248.6887,0.7465941,5.02,12.75,7.15,0.0,0.5,0.3,7.0,26.0,36.0,44.0,17.0,5.0,1.0,2.0
2025-01-10,906.0,7.7333665,18.96,90.92352,7.4874997,0.11908581,84.166664,9.470834,0.094166666,12.120833,260.67346,1.3019907,6.49,17.8,8.3,0.0,0.5,0.3,6.0,26.0,35.0,36.0,13.0,4.0,1.0,2.0
2025-01-11,350.0,10.904714,25.845,79.088234,8.383333,0.3544806,85.666664,11.756249,0.08929167,8.849999,7.85561,1.68058,10.01,14.0,3.25,0.0,0.6,0.4,10.0,32.0,46.0,37.0,14.0,5.0,1.0,2.1
2025-01-12,214.0,6.5450006,17.115,56.361706,-0.63125,0.52665627,11.208333,9.429167,0.08120833,4.2604165,3.5428374,1.555917,10.74,11.85,-2.9,0.0,0.7,0.3,4.0,31.0,38.0,50.0,14.0,5.0,1.0,2.0
2025-01-13,20.0,4.9623456,13.41,41.128105,-9.6375,0.5491056,0.0,4.733333,0.073583335,2.7354167,21.618822,1.6976883,10.65,9.2,-1.2,0.0,1.0,0.4,17.0,57.0,83.0,31.0,14.0,6.0,2.0,5.6
2025-01-14,25.0,6.31032,16.289999,33.88974,-12.516666,0.5159808,0.125,2.5125,0.07108333,1.2229167,350.72745,1.225271,10.76,9.05,-3.85,0.0,1.0,0.4,16.0,56.0,80.0,35.0,20.0,8.0,2.0,4.5
2025-01-15,11.0,3.82895,10.275,53.036175,-8.202084,0.359195,12.375,0.5729167,0.076125,3.9416668,45.858208,1.5918082,10.27,11.65,-1.45,0.0,1.7,0.6,55.0,82.0,167.0,9.0,35.0,17.0,3.0,8.9
2025-01-16,9.0,6.686981,17.82,54.8075,-4.454167,0.42414594,17.625,3.78125,0.06675,5.120833,31.648777,1.3903633,9.29,10.7,0.95,0.0,1.7,0.6,63.0,59.0,156.0,26.0,31.0,15.0,3.0,9.9
2025-01-17,10.0,10.372899,24.164999,67.074394,-0.8458333,0.32238463,13.208333,5.40625,0.09233334,3.404167,13.436584,1.2223139,10.67,8.9,-1.1,0.0,0.9,0.3,5.0,33.0,41.0,44.0,13.0,6.0,2.0,2.8
2025-01-18,4.0,4.660659,12.704999,72.20667,-1.6354166,0.24234736,1.0416666,3.1104167,0.09525,2.1291668,316.49426,1.1554372,10.54,8.1,-2.2,0.0,1.0,0.4,10.0,42.0,58.0,34.0,20.0,9.0,2.0,2.7
2025-01-19,8.0,2.8952897,8.835,76.823166,-1.5770832,0.19079281,41.708332,1.4812499,0.096374996,4.9708333,106.699326,0.47319302,3.01,7.95,2.35,2.3999999,1.2,0.4,12.0,48.0,67.0,30.0,24.0,13.0,2.0,3.0
2025-01-20,5.0,4.331652,11.25,89.3399,3.6333332,0.09455047,97.208336,5.2999997,0.12691666,8.047916,186.12085,0.40230373,2.22,11.4,5.85,5.6000004,1.0,0.4,20.0,56.0,87.0,14.0,14.0,11.0,1.0,4.0
2025-01-21,1.0,6.284729,15.06,94.79179,7.5020833,0.061667938,99.916664,7.4625,0.21104167,10.00625,190.08054,0.80914223,4.69,12.85,8.2,12.799999,0.7,0.4,20.0,44.0,74.0,16.0,14.0,10.0,1.0,4.2
2025-01-22,3.0,12.4617195,29.265,87.53571,8.029166,0.15969001,99.5,9.077084,0.29970834,10.714583,209.54709,1.0000042,6.69,14.45,8.4,4.1999993,0.3,0.2,5.0,31.0,38.0,44.0,11.0,5.0,1.0,1.7
2025-01-23,9.0,6.343079,15.405,88.435005,8.770833,0.16662236,69.458336,10.166667,0.31041667,10.483333,213.76846,0.93275833,5.78,13.75,8.85,0.2,0.7,0.4,15.0,49.0,72.0,28.0,18.0,9.0,1.0,4.5
2025-01-24,96.0,9.870151,22.875,88.089836,8.489583,0.16560614,92.958336,10.229167,0.277875,9.589583,221.50728,0.65677094,3.72,11.2,8.3,1.5000001,0.5,0.4,10.0,42.0,57.0,31.0,20.0,8.0,1.0,3.7
2025-01-25,37.0,12.831252,30.269999,87.963684,7.491667,0.14531754,71.958336,9.422916,0.28770834,8.289583,208.22688,0.63746613,3.29,12.25,4.7,1.8,0.4,0.3,3.0,21.0,25.0,54.0,12.0,4.0,1.0,1.5
2025-01-26,8.0,14.959468,34.454998,88.305855,6.8541665,0.14172013,94.583336,7.816667,0.28725,12.127084,233.00816,1.347476,7.5,13.85,7.75,5.9000006,0.4,0.2,2.0,19.0,23.0,48.0,10.0,5.0,1.0,1.5
2025-01-27,70.0,25.333101,60.914997,84.954506,9.135417,0.2133311,78.125,11.164584,0.325375,7.147917,255.39551,1.5734628,10.23,11.05,4.85,0.90000004,0.3,0.2,3.0,15.0,19.0,60.0,8.0,3.0,1.0,1.1
2025-01-28,28.0,17.51857,43.079998,74.03675,2.2916667,0.2856721,56.0,7.7708335,0.31254166,5.870834,223.04234,0.43088165,1.83,8.05,3.8,8.4,0.6,0.3,5.0,22.0,29.0,63.0,8.0,3.0,1.0,1.8
2025-01-29,2.0,13.113044,30.615,90.10351,4.352083,0.092980705,91.75,6.152083,0.33479166,6.4249997,288.56082,1.5520531,10.66,10.85,3.3,0.0,0.5,0.3,5.0,33.0,41.0,45.0,10.0,3.0,1.0,2.2
2025-01-30,5.0,11.156315,25.949999,68.86784,0.5708334,0.32660243,48.583332,6.56875,0.32445833,4.308333,9.506084,1.5574579,12.39,9.8,-0.4,0.0,0.7,0.3,4.0,28.0,35.0,57.0,10.0,3.0,2.0,2.9
2025-01-31,29.0,4.3915133,12.78,66.28072,-1.8020834,0.30630216,19.75,5.06875,0.298875,4.8229165,12.838834,1.4283884,11.57,12.2,-0.5,0.0,0.7,0.1,12.0,48.0,66.0,45.0,17.0,6.0,2.0,3.4
2025-02-01,4.0,3.8354495,11.204999,75.59901,0.8208334,0.2554118,25.833334,5.1666665,0.27979168,4.895833,23.349592,1.1278175,8.77,10.15,-0.25,0.3,1.2,0.1,19.0,56.0,86.0,26.0,25.0,12.0,2.0,4.4
2025-02-02,116.0,4.6091924,12.6449995,79.144005,1.4854165,0.20235793,57.375,5.304167,0.2945417,5.9541664,28.117119,1.5590247,12.6,10.95,1.85,0.0,0.7,0.1,6.0,40.0,49.0,36.0,15.0,8.0,2.0,2.1
2025-02-03,5.0,9.356843,23.025,72.78875,1.1729167,0.28279647,0.33333334,6.0958333,0.27845833,5.59375,7.431373,1.601138,12.79,12.0,0.1,0.0,0.8,0.3,13.0,41.0,61.0,47.0,13.0,4.0,2.0,4.0
2025-02-04,19.0,4.24426,11.7,75.47159,1.275,0.26428115,0.0,5.8333335,0.269125,5.839583,5.5053964,1.6601115,13.28,12.95,0.55,0.0,0.9,0.4,13.0,51.0,71.0,33.0,18.0,7.0,3.0,4.6
2025-02-05,253.0,5.251779,13.2,71.65098,0.82916665,0.30670938,5.8333335,5.9125,0.249,5.29375,19.536762,1.6690328,13.39,11.7,0.35,0.0,0.9,0.4,12.0,54.0,73.0,33.0,24.0,10.0,3.0,4.7
2025-02-06,92.0,4.8481674,12.959999,68.15203,-0.37291667,0.31840104,16.583334,5.491667,0.23141666,4.297917,218.43982,0.75045407,6.17,8.0,0.45,3.1,0.9,0.4,12.0,52.0,71.0,34.0,22.0,9.0,3.0,4.1
2025-02-07,21.0,7.165688,17.16,86.342415,2.3354166,0.11913695,72.583336,4.4249997,0.24062501,6.797917,269.44586,1.5893956,12.67,11.4,2.25,0.0,1.1,0.4,19.0,56.0,85.0,22.0,26.0,15.0,3.0,4.8
2025-02-08,37.0,4.592263,13.634999,80.67225,3.2416668,0.22004676,39.625,6.977083,0.24633332,6.6395836,116.281334,1.5104542,11.79,12.75,1.6,0.0,0.6,0.3,7.0,29.0,39.0,40.0,16.0,8.0,2.0,2.0
2025-02-09,21.0,2.0280054,7.725,87.428345,4.775,0.15219517,61.833332,7.129167,0.22504167,8.720833,32.949203,1.4661943,10.78,13.3,4.95,0.1,1.1,0.5,23.0,52.0,87.0,21.0,26.0,17.0,3.0,3.7
2025-02-10,91.0,4.222594,11.865001,84.789566,6.277083,0.2005214,93.583336,8.908334,0.211125,9.2375,189.33751,1.6106215,11.23,13.8,5.25,1.5,0.9,0.5,24.0,55.0,92.0,15.0,31.0,19.0,3.0,5.3
2025-02-11,51.0,5.7510414,15.315,78.9221,5.4625,0.28134587,83.166664,9.472917,0.19491667,9.560416,271.2271,1.9053571,12.22,13.25,7.0,2.0,0.7,0.3,7.0,36.0,47.0,41.0,19.0,11.0,3.0,3.4
2025-02-12,137.0,10.507571,25.019999,71.85917,4.116667,0.3612244,33.75,9.827084,0.208,8.214583,290.76816,1.7375033,12.65,14.2,2.5,0.0,0.6,0.3,5.0,29.0,36.0,50.0,,,2.0,3.2
2025-02-13,21.0,4.4383388,12.54,74.56061,3.9020834,0.31375155,72.375,8.547916,0.19212501,9.008332,283.2405,1.8808683,13.83,15.3,3.25,0.0,1.1,0.4,25.0,45.0,83.0,35.0,16.0,7.0,3.0,5.6
2025-02-14,63.0,2.745056,9.195,79.07224,5.3916664,0.28264263,61.125,9.16875,0.17358333,8.947918,12.853067,1.5669502,10.93,15.05,3.6,0.0,1.1,0.5,26.0,60.0,100.0,22.0,26.0,13.0,5.0,6.3
2025-02-15,133.0,4.213488,11.099999,79.86743,5.410417,0.27380282,80.125,8.881249,0.18454166,10.125001,309.6012,2.1721313,13.66,16.95,4.5,0.0,1.0,0.4,11.0,49.0,67.0,31.0,22.0,13.0,,4.2
2025-02-16,340.0,6.775642,16.98,69.30172,4.383333,0.45087263,43.666668,9.752084,0.17975001,9.135417,330.8872,1.7270781,12.37,14.2,4.45,0.0,0.6,0.3,3.0,27.0,32.0,54.0,17.0,9.0,,2.3
2025-02-17,118.0,3.5503464,11.474999,82.12992,5.9479165,0.23831181,59.916668,9.8625,0.18845832,10.099999,20.363953,1.7730489,11.72,16.0,5.15,0.0,0.7,0.4,16.0,48.0,72.0,34.0,24.0,11.0,,4.9
2025-02-18,431.0,5.745718,14.639999,76.16815,5.9666667,0.34342542,99.875,10.052083,0.17591667,11.314583,232.94029,1.9873186,13.0,16.6,6.75,0.0,0.9,0.4,12.0,49.0,67.0,34.0,33.0,15.0,3.0,5.1
2025-02-19,81.0,3.7310445,11.1449995,77.37104,7.19375,0.34843507,44.875,11.360416,0.16274999,10.304168,245.20363,1.8729057,12.87,16.2,5.3,0.0,0.7,0.3,10.0,45.0,60.0,41.0,30.0,12.0,2.0,4.6
2025-02-20,73.0,3.4851115,10.799999,82.82394,7.2208333,0.26675603,58.291668,10.629167,0.15633334,10.975001,196.81917,1.7222854,9.42,16.6,5.8,0.2,0.7,0.4,20.0,50.0,80.0,31.0,27.0,11.0,2.0,6.4
2025-02-21,202.0,7.01013,17.46,76.29861,6.6708336,0.36469638,87.5,10.391666,0.161,9.622916,246.68442,1.8640126,12.89,13.35,6.85,2.6999998,0.7,0.4,16.0,48.0,73.0,34.0,31.0,14.0,2.0,5.5
2025-02-22,157.0,5.997458,18.539999,78.6226,5.4708333,0.27905014,62.041668,10.895833,0.20020832,8.25625,325.99472,2.2046916,16.06,14.15,2.6,0.0,0.4,0.3,3.0,23.0,27.0,65.0,17.0,5.0,1.0,1.4
2025-02-23,33.0,4.818456,13.485,71.47908,3.0833333,0.36540818,33.708332,9.33125,0.18829167,9.008333,232.13773,1.9234235,12.57,14.4,4.45,0.0,0.6,0.3,4.0,30.0,36.0,51.0,11.0,4.0,1.0,2.1
2025-02-24,143.0,6.95817,17.535,72.216,4.210417,0.35898796,83.166664,9.03125,0.16758333,10.208335,263.70648,1.7791563,9.75,14.05,7.8,0.1,0.8,0.3,11.0,42.0,59.0,35.0,19.0,8.0,1.0,3.5
2025-02-25,228.0,10.96351,26.474998,69.41518,4.366667,0.3978969,69.0,10.095834,0.15108334,6.977083,300.59988,2.246878,16.66,12.7,1.45,0.0,0.5,0.3,4.0,27.0,34.0,53.0,16.0,5.0,1.0,3.1
2025-02-26,12.0,4.3583837,12.989999,65.8438,0.52708334,0.38791147,42.75,8.318749,0.14504166,7.6000004,47.136898,1.6579908,11.64,12.9,4.05,2.9999998,0.7,0.3,8.0,41.0,53.0,49.0,20.0,5.0,1.0,3.3
2025-02-27,54.0,3.6256802,10.829999,74.03317,3.1729167,0.30145434,89.166664,8.28125,0.14183334,9.435416,40.58948,2.293456,14.05,15.8,4.15,0.1,1.0,0.4,14.0,62.0,84.0,29.0,29.0,15.0,2.0,5.4
2025-02-28,200.0,8.784013,21.449999,68.982155,3.5645835,0.43964568,75.791664,9.777083,0.14275001,7.4916663,31.961273,0.86628544,5.26,9.15,4.8,6.2000003,0.7,0.3,4.0,34.0,41.0,53.0,20.0,10.0,2.0,2.7
2025-03-01,125.0,12.457123,27.735,86.06437,4.889583,0.14250185,100.0,8.672916,0.151125,3.1416667,29.901901,0.46640798,2.56,4.5,1.75,15.299999,0.3,0.2,2.0,21.0,24.0,61.0,15.0,10.0,1.0,1.4
2025-03-02,23.0,14.713403,33.93,90.646706,1.7333332,0.071091376,100.0,4.579167,0.30125,7.016667,36.795395,0.92366445,6.31,11.4,4.05,15.000001,0.5,0.3,2.0,22.0,26.0,54.0,12.0,9.0,1.0,1.1
2025-03-03,,12.563401,28.979998,89.71055,5.6979165,0.111861505,99.833336,7.0479164,0.37245834,9.510417,46.51826,1.3951472,9.19,14.3,7.05,7.799999,0.5,0.3,6.0,36.0,45.0,37.0,11.0,8.0,1.0,2.2
2025-03-04,,9.609742,23.37,85.37626,7.0812497,0.19452323,84.458336,9.4875,0.36454165,9.777083,39.93803,1.5379828,10.33,14.3,7.15,3.6,0.5,0.3,6.0,36.0,45.0,42.0,19.0,9.0,1.0,2.6
2025-03-05,,10.010406,24.585,83.46622,7.1187496,0.21817236,88.875,9.958333,0.35687497,10.235417,92.94355,1.0821329,6.44,14.6,8.4,19.599997,0.5,0.3,7.0,40.0,52.0,36.0,22.0,11.0,1.0,3.0
2025-03-06,96.0,8.29041,20.835001,88.28702,8.33125,0.15639491,99.458336,10.135417,0.39079165,9.79375,143.60233,1.1357741,7.49,13.95,7.45,8.2,0.5,0.3,6.0,39.0,47.0,44.0,14.0,8.0,1.0,2.3
2025-03-07,28.0,11.23254,26.595,89.213936,8.014584,0.13975725,93.291664,9.914583,0.39458334,8.920835,162.55199,0.72483397,3.39,12.6,5.3,19.6,0.5,0.3,4.0,34.0,40.0,45.0,24.0,12.0,1.0,2.3
2025-03-08,23.0,16.00369,38.579998,88.10291,6.741667,0.14017119,97.125,8.7375,0.400875,5.9625,206.62914,1.1533997,8.55,9.9,3.55,6.799999,0.3,0.2,2.0,17.0,20.0,70.0,15.0,8.0,,0.8
2025-03-09,5.0,9.1595125,24.06,86.52245,3.6541665,0.13894282,91.5,7.1104164,0.39233336,7.0749993,170.72217,1.3598907,9.31,11.65,4.0,10.900001,0.3,0.2,2.0,18.0,21.0,66.0,13.0,7.0,,0.9
2025-03-10,7.0,7.977192,20.97,86.98554,5.170833,0.15564291,98.166664,7.839583,0.38683334,8.40625,214.5903,1.1384706,8.27,11.4,6.75,8.900001,0.4,0.2,3.0,21.0,25.0,58.0,5.0,4.0,,1.5
2025-03-11,2.0,12.3270645,29.01,86.7465,6.1979165,0.15411593,89.916664,8.370833,0.38345835,8.508334,248.04877,2.0598528,14.96,12.95,4.85,0.6,0.4,0.3,5.0,30.0,38.0,53.0,7.0,5.0,,2.1
2025-03-12,9.0,10.623004,26.099998,77.7631,4.7395835,0.26707408,56.333332,8.820833,0.36233333,7.6354165,253.64415,1.1463382,7.45,10.75,5.75,8.299999,,0.3,11.0,29.0,45.0,42.0,11.0,6.0,,
2025-03-13,212.0,7.6708026,20.16,85.52105,5.1124997,0.16100685,91.625,8.447917,0.37683332,6.4125,27.722458,2.107335,14.08,9.45,3.9,1.0,0.4,0.3,7.0,30.0,41.0,49.0,11.0,5.0,,2.6
2025-03-14,55.0,12.824311,31.574999,62.378174,-0.64375,0.38270083,77.125,7.3604164,0.36341667,4.8958335,330.53183,1.9517658,14.05,9.65,-0.5,0.90000004,0.6,0.3,3.0,22.0,26.0,68.0,6.0,4.0,,1.7
2025-03-15,5.0,4.572783,13.740001,70.61709,-0.51875,0.28897595,34.875,6.1145835,0.34325,5.204167,282.1714,1.4489144,10.54,10.45,2.6,10.200002,0.6,0.3,3.0,29.0,34.0,54.0,12.0,7.0,,1.9
2025-03-16,14.0,6.553406,18.375,78.8457,1.6104168,0.2146347,75.166664,6.3770833,0.37600002,5.702083,23.616394,0.7407727,4.93,8.7,3.2,7.0,0.5,0.3,2.0,20.0,23.0,64.0,7.0,4.0,,1.1
2025-03-17,14.0,8.819356,20.385,86.19968,3.7666667,0.12652273,99.916664,6.3104167,0.3644167,8.43125,133.57124,0.7266594,4.65,12.7,6.7,29.100004,0.6,0.3,7.0,34.0,44.0,38.0,9.0,6.0,,2.5
2025-03-18,3.0,10.776557,24.99,92.87708,7.2999997,0.083925545,91.625,8.052083,0.38666666,10.972917,140.98936,2.3959002,14.49,16.35,6.8,6.5,0.4,0.3,4.0,28.0,35.0,49.0,6.0,4.0,,1.7
2025-03-19,27.0,11.861144,28.214998,75.55251,6.6083336,0.39057717,84.208336,10.179167,0.34508333,11.552083,147.44664,1.5490665,8.23,15.75,9.2,9.900001,0.4,0.2,3.0,20.0,24.0,64.0,8.0,4.0,1.0,1.6
2025-03-20,63.0,11.063667,29.984999,81.0795,8.320833,0.26643422,99.833336,10.65625,0.33358333,9.564583,202.56273,1.1855471,8.09,11.05,7.6,17.300001,0.3,0.3,3.0,23.0,28.0,71.0,15.0,6.0,1.0,1.9
2025-03-21,3.0,19.978247,47.565,86.07252,7.1437497,0.16840796,94.083336,9.695833,0.35924998,7.0083337,227.81296,1.1273854,7.6,10.25,4.8,12.300001,0.3,0.2,3.0,18.0,23.0,73.0,5.0,2.0,1.0,1.4
2025-03-22,2.0,18.644098,44.94,85.773705,4.5,0.14677544,97.75,7.852083,0.35383332,6.833334,271.98752,2.1602023,15.88,11.25,3.25,4.4999995,0.3,0.2,2.0,14.0,17.0,73.0,5.0,3.0,1.0,0.9
2025-03-23,9.0,8.305506,22.050001,71.91819,1.5916667,0.31278583,58.541668,8.172916,0.33616665,7.5333333,308.65982,2.2151885,14.86,13.6,3.85,2.6000001,0.5,0.3,2.0,18.0,21.0,68.0,6.0,4.0,1.0,0.9
2025-03-24,13.0,5.833361,17.835,77.027855,3.6354167,0.26994583,72.875,8.504167,0.32179168,9.285417,19.290165,2.5750494,17.26,14.95,4.45,0.2,0.6,0.3,3.0,29.0,34.0,55.0,7.0,4.0,2.0,2.1
2025-03-25,21.0,7.218947,19.109999,71.84152,4.175,0.39715195,33.041668,9.966666,0.34079167,9.416666,36.65618,2.4459753,16.29,14.7,3.9,0.1,0.6,0.3,4.0,26.0,32.0,58.0,7.0,4.0,2.0,2.5
2025-03-26,29.0,3.680308,12.165,73.364525,4.4895835,0.3591071,27.458334,10.060416,0.3274167,8.964583,48.79676,2.9028692,20.77,14.5,3.1,0.0,0.6,0.3,9.0,28.0,42.0,58.0,12.0,6.0,2.0,2.9
2025-03-27,9.0,4.2807374,13.1849985,70.60668,3.6208334,0.38468683,20.708334,10.162499,0.31083333,10.485417,7.594574,3.2064924,22.0,17.05,4.55,0.0,0.5,0.3,3.0,23.0,28.0,69.0,14.0,6.0,2.0,2.0
2025-03-28,16.0,2.9021924,10.485,67.89991,4.3958335,0.48565522,29.291666,11.539584,0.291625,10.624999,39.958904,3.6184053,22.44,16.75,5.3,0.0,0.5,0.3,4.0,26.0,32.0,62.0,12.0,6.0,2.0,2.3
2025-03-29,31.0,8.190397,21.404999,60.70204,2.7437499,0.5507092,9.583333,11.395833,0.25666666,9.981251,49.908154,3.7599592,23.23,18.25,2.9,0.0,0.4,0.3,5.0,28.0,36.0,64.0,17.0,9.0,2.0,2.2
2025-03-30,8.0,8.036957,20.775,54.464016,0.6791666,0.6682065,3.875,10.595834,0.24475001,13.308333,32.203674,3.911417,23.22,21.55,6.35,0.0,0.5,0.3,2.0,24.0,27.0,68.0,9.0,4.0,2.0,1.3
2025-03-31,6.0,5.289668,14.774999,54.613163,3.9229167,0.8111271,5.1666665,12.727084,0.22141667,13.766666,252.85577,3.6569016,21.02,20.7,7.7,0.0,0.6,0.3,5.0,36.0,45.0,56.0,20.0,6.0,2.0,3.4
2025-04-01,6.0,5.998945,16.455,64.78221,6.775,0.64233214,99.791664,13.616666,0.21375,13.389585,222.54466,2.8152614,17.83,17.85,9.0,2.3999999,0.8,0.4,9.0,41.0,56.0,54.0,24.0,8.0,4.0,5.3
2025-04-02,8.0,7.3221354,21.045,77.59872,9.2375,0.38088974,83.791664,13.98125,0.24195834,9.995834,73.28491,0.7711219,4.28,11.35,8.7,34.3,0.3,0.2,5.0,23.0,31.0,60.0,21.0,8.0,1.0,2.0
2025-04-03,5.0,7.979505,19.905,90.36566,8.379167,0.11853709,100.0,10.743751,0.38058332,11.579166,168.34836,2.1603246,14.45,16.0,9.65,13.0,0.3,0.3,3.0,30.0,34.0,61.0,6.0,4.0,1.0,1.9
2025-04-04,1.0,12.609202,33.015,83.57486,8.614583,0.24700904,80.916664,11.745833,0.35783336,11.433333,237.2729,2.5626538,16.47,15.75,8.55,0.3,0.3,0.2,3.0,23.0,27.0,64.0,13.0,5.0,1.0,1.5
2025-04-05,1.0,9.299203,23.88,75.68035,7.039583,0.36760697,78.083336,12.193749,0.3515,12.806249,266.53183,3.2254171,20.09,17.65,8.75,0.0,0.3,0.2,2.0,19.0,22.0,67.0,10.0,4.0,1.0,1.3
2025-04-06,2.0,3.7110918,11.775001,72.59342,7.777083,0.46297482,48.75,13.552083,0.324125,13.816669,313.53125,3.8351743,23.55,20.6,7.15,0.0,0.4,0.3,3.0,27.0,32.0,48.0,14.0,7.0,2.0,2.0
2025-04-07,3.0,3.470421,11.669999,70.94116,8.197917,0.5607765,0.29166666,14.175,0.300625,15.5625,59.837868,4.1207137,24.07,22.8,8.65,0.0,0.5,,,,,,12.0,5.0,,3.4
2025-04-08,6.0,5.330135,14.43,64.208626,8.379167,0.75799346,0.41666666,15.349999,0.290875,15.610417,44.89406,4.0056114,23.93,21.7,8.85,0.0,0.4,0.3,4.0,32.0,38.0,65.0,20.0,8.0,2.0,3.0
2025-04-09,5.0,4.115713,12.209999,60.971394,7.508333,0.78139883,39.166668,15.54375,0.28954166,15.320832,79.97562,3.9283938,21.87,21.1,9.5,0.0,,0.3,4.0,31.0,37.0,71.0,20.0,6.0,2.0,
2025-04-10,7.0,9.365325,22.979998,65.419624,8.287499,0.68572646,58.583332,15.333333,0.24783333,12.872916,73.729195,2.0386384,11.07,17.45,9.95,2.9999998,0.4,0.3,3.0,29.0,34.0,69.0,24.0,8.0,2.0,3.4
2025-04-11,8.0,8.403682,21.885,75.97467,8.495833,0.37141523,92.416664,13.427083,0.255625,13.131249,197.18738,2.1594083,13.46,16.95,9.75,6.1000004,0.3,0.3,2.0,25.0,29.0,70.0,18.0,8.0,1.0,2.0
2025-04-12,2.0,4.743471,15.585,85.743126,10.702084,0.23623948,83.791664,13.877083,0.316,13.222917,220.41638,2.4095068,15.15,16.95,10.2,8.6,0.3,0.2,2.0,21.0,25.0,52.0,21.0,11.0,1.0,1.7
2025-04-13,0.0,3.1024132,11.37,85.172615,10.602083,0.2547245,72.458336,14.2375,0.350875,12.127083,232.92978,3.0947142,20.9,15.65,9.1,2.0,0.3,0.2,2.0,19.0,23.0,46.0,12.0,8.0,1.0,1.6
2025-04-14,2.0,11.553794,29.849998,77.90108,7.7666664,0.34502062,76.416664,13.647916,0.31320834,8.639584,249.70708,2.3836267,18.41,10.85,6.45,5.7,0.3,0.3,5.0,24.0,31.0,48.0,12.0,6.0,2.0,3.6
2025-04-15,4.0,13.067195,33.149998,76.19931,4.1895833,0.27206331,77.625,10.895833,0.33983335,7.5291667,266.35577,2.2177205,14.99,10.55,4.2,2.2,0.3,0.2,3.0,17.0,22.0,68.0,8.0,5.0,,1.2
2025-04-16,1.0,13.151183,32.175,71.476616,2.7,0.30932245,51.708332,9.004167,0.34029165,11.306249,256.8987,3.7105074,24.48,17.2,6.15,0.1,,,,,,,6.0,3.0,,
2025-04-17,1.0,10.208604,25.515,67.5976,5.4520836,0.48508742,28.166666,11.962501,0.30162498,12.620833,219.2441,2.9079447,19.14,18.1,8.6,5.7,,0.2,1.0,13.0,15.0,73.0,7.0,3.0,,
2025-04-18,2.0,11.741347,30.63,80.919075,9.125,0.3209043,52.833332,13.318749,0.2965,10.039584,244.15529,3.1135278,22.47,12.4,7.8,5.6999993,0.2,0.2,2.0,13.0,16.0,45.0,8.0,5.0,1.0,1.1
2025-04-19,0.0,17.998861,44.64,70.15123,4.24375,0.3749125,69.666664,11.849999,0.30916667,9.76875,266.63632,2.8813882,17.9,15.2,5.75,2.3999999,0.2,0.2,2.0,10.0,13.0,74.0,6.0,4.0,1.0,0.5
2025-04-20,0.0,10.623788,28.125,70.2353,4.1833334,0.42112902,72.625,11.114583,0.28470832,12.333335,238.11317,3.475806,21.6,17.2,7.3,0.0,0.2,0.2,1.0,12.0,14.0,72.0,10.0,7.0,2.0,0.6
2025-04-21,2.0,7.2391086,20.19,70.42792,6.897917,0.47791862,70.125,13.035417,0.24954166,13.320832,37.25975,3.301273,19.77,17.8,9.1,1.0,0.3,0.2,5.0,19.0,27.0,62.0,10.0,5.0,2.0,1.7
2025-04-22,3.0,4.211881,13.994999,72.5093,8.004167,0.48018277,71.875,14.539584,0.23645835,13.804166,41.775448,4.269201,26.0,20.45,7.25,0.0,0.3,0.3,4.0,22.0,28.0,57.0,6.0,2.0,2.0,1.8
2025-04-23,21.0,4.984996,15.03,68.18502,7.8104167,0.58499163,0.41666666,15.058333,0.21191667,16.75625,32.316948,4.594912,26.47,23.7,9.75,0.0,,0.3,3.0,28.0,33.0,67.0,13.0,6.0,2.0,
2025-04-24,4.0,5.0884137,14.61,64.25424,9.439584,0.82983637,0.5,17.358334,0.16254167,17.947918,265.01596,4.865266,25.04,25.35,11.25,0.3,,0.3,4.0,36.0,43.0,60.0,20.0,7.0,2.0,
2025-04-25,1.0,8.864805,23.985,62.153248,9.847917,0.90668863,19.458334,19.066668,0.10958334,16.772917,357.48315,4.406453,22.31,21.45,12.65,0.0,0.4,0.3,4.0,30.0,36.0,64.0,22.0,8.0,2.0,3.4
2025-04-26,3.0,8.5623865,23.88,51.39377,5.75,0.98472756,39.958332,19.34375,0.0925,14.683333,53.99997,4.916777,25.37,20.4,7.95,0.0,0.2,0.2,1.0,13.0,15.0,73.0,10.0,4.0,2.0,1.1
2025-04-27,16.0,10.512435,27.824999,48.147205,3.0583334,0.9617637,9.416667,18.114584,0.08241667,15.812501,74.83604,5.19158,27.12,22.2,8.85,0.0,0.2,0.2,0.0,13.0,13.0,72.0,4.0,2.0,3.0,0.8
2025-04-28,,10.3080635,26.909998,50.99641,4.9562497,1.0152112,2.4583333,19.133333,0.078499995,16.06875,99.27674,5.0233765,25.57,21.4,10.35,0.0,,,,,,,,,,
2025-04-29,5.0,11.645077,30.300001,53.797657,6.210417,0.9119089,36.708332,19.31875,0.079958335,15.291665,108.52717,3.4029853,15.86,20.9,10.25,5.6,0.2,0.2,2.0,15.0,17.0,83.0,14.0,4.0,1.0,1.5
2025-04-30,4.0,12.014511,31.724998,64.64322,8.175,0.67020744,62.833332,17.529167,0.10041667,15.647916,108.66545,3.247626,18.22,21.1,11.75,28.200005,0.2,0.2,2.0,18.0,21.0,78.0,18.0,6.0,2.0,1.7
2025-05-01,1.0,6.205517,18.824999,74.97028,11.075,0.5274004,61.958332,17.329166,0.24624999,14.972916,95.90602,2.9459016,17.48,18.7,12.4,39.899998,0.2,0.2,1.0,14.0,15.0,70.0,21.0,8.0,1.0,1.0
2025-05-02,1.0,5.339319,20.49,82.64254,11.5,0.31615964,67.5,16.195833,0.31804165,14.262501,209.7524,3.48321,21.0,18.5,10.25,1.2,0.2,0.2,1.0,15.0,16.0,76.0,13.0,6.0,2.0,1.0
2025-05-03,0.0,7.9483466,21.24,73.39532,9.039583,0.49909517,48.333332,15.545834,0.30645832,12.960418,232.85614,3.1357179,21.06,15.95,10.4,2.3000002,0.2,0.2,1.0,15.0,17.0,69.0,7.0,5.0,2.0,1.0
2025-05-04,1.0,11.248366,28.724998,79.72668,9.214583,0.33083522,69.208336,14.73125,0.28508332,12.558334,262.55374,2.9258103,18.92,17.45,9.45,16.4,0.2,0.2,1.0,13.0,14.0,65.0,6.0,5.0,2.0,0.8
2025-05-05,1.0,6.151001,19.365,83.54007,9.587501,0.26971853,57.708332,14.51875,0.33825,11.800002,46.81255,3.2733808,20.66,16.8,7.3,0.2,0.2,0.3,3.0,24.0,29.0,49.0,7.0,4.0,2.0,1.7
2025-05-06,6.0,6.696654,18.885,62.88458,4.4583335,0.5647407,53.916668,13.745833,0.30554166,12.591664,29.86573,4.078257,23.89,18.6,6.65,0.2,0.3,0.2,2.0,20.0,23.0,75.0,11.0,6.0,2.0,2.2
2025-05-07,4.0,7.886875,21.03,62.925083,5.585417,0.6055723,65.708336,14.183333,0.235,12.810417,344.79767,2.3100173,14.56,16.4,9.75,4.7,,0.2,2.0,19.0,21.0,76.0,10.0,5.0,,
2025-05-08,1.0,5.920528,17.64,82.261856,9.65625,0.28094554,82.0,14.370833,0.218875,13.081249,225.61055,3.5477602,22.64,16.95,8.5,1.2,0.3,0.3,4.0,26.0,33.0,56.0,13.0,7.0,1.0,2.4
2025-05-09,0.0,8.620535,22.86,72.580475,7.8250003,0.47075784,48.833332,14.608334,0.21516667,13.100001,215.03174,3.3933353,21.76,16.95,9.45,7.8999996,0.2,0.2,4.0,21.0,28.0,59.0,14.0,6.0,1.0,1.8
2025-05-10,0.0,12.043456,31.095,73.958725,8.147917,0.42867708,44.958332,14.375,0.21287501,12.687501,253.27142,3.9146187,24.21,17.1,8.05,0.0,0.3,0.2,3.0,22.0,26.0,57.0,13.0,6.0,,1.6
2025-05-11,0.0,8.975105,23.235,63.838985,5.289583,0.6026345,25.75,14.202084,0.19375001,12.893749,268.75012,3.8764307,23.1,18.3,6.7,0.1,0.2,0.2,1.0,12.0,14.0,79.0,8.0,4.0,,0.8
2025-05-12,10.0,6.13678,18.255,64.78314,5.7604165,0.60576135,27.666666,14.545834,0.16016667,14.247917,350.53775,4.3541813,26.65,19.5,8.3,0.1,0.3,0.2,6.0,24.0,32.0,65.0,14.0,6.0,0.0,2.0
2025-05-13,2.0,4.500115,14.474999,63.223663,6.8270836,0.7017453,19.625,16.581251,0.12820832,14.433333,28.392937,3.925271,23.18,20.85,10.6,9.400002,0.3,0.2,3.0,21.0,26.0,66.0,11.0,5.0,1.0,2.2
2025-05-14,2.0,4.61608,17.73,73.03309,8.952084,0.51179105,90.458336,17.870832,0.12966667,14.335418,11.974214,3.4259999,21.09,19.0,11.0,1.5000001,0.3,0.2,4.0,27.0,34.0,62.0,13.0,7.0,1.0,2.5
2025-05-15,3.0,7.6535926,21.93,72.17963,9.210417,0.5010241,62.875,16.652082,0.14254166,16.347918,23.805931,4.7693133,27.07,23.05,8.9,0.0,0.2,0.2,1.0,15.0,17.0,72.0,10.0,6.0,1.0,1.4
2025-05-16,3.0,4.3895698,14.489999,59.55263,7.43125,0.92210096,10.416667,18.0875,0.12766667,18.154165,52.91099,5.3386517,27.81,25.0,10.4,0.0,0.3,0.2,2.0,22.0,25.0,79.0,13.0,8.0,0.0,3.7
2025-05-17,12.0,6.0155225,18.78,48.25188,6.191667,1.260574,36.625,21.15,0.087000005,20.460417,202.68668,6.0405197,27.63,27.95,12.5,0.0,0.2,0.2,1.0,20.0,22.0,86.0,13.0,7.0,0.0,1.5
2025-05-18,5.0,8.353979,24.659998,42.545406,5.9041667,1.5808215,41.083332,23.53125,0.07483333,17.277082,256.69885,5.197296,24.74,20.9,12.6,0.3,0.3,0.2,1.0,20.0,21.0,83.0,19.0,8.0,1.0,1.7
2025-05-19,5.0,12.425026,32.55,48.02036,5.1895833,1.0624872,32.25,21.564583,0.060875,18.46042,1.9711018,5.2626815,25.27,25.35,11.65,0.0,0.2,0.2,1.0,15.0,16.0,76.0,12.0,5.0,0.0,1.7
2025-05-20,2.0,6.153509,19.74,44.596134,5.275,1.3252593,28.541666,22.064583,0.0795,20.010416,15.436955,5.912118,27.82,27.75,12.15,0.0,0.2,0.2,0.0,18.0,19.0,77.0,13.0,6.0,1.0,2.4
2025-05-21,5.0,7.301706,21.855001,40.744938,5.19375,1.5971028,38.5,24.022917,0.075125,19.85,32.574036,6.0018682,26.99,24.25,14.85,0.0,0.2,0.2,0.0,20.0,20.0,81.0,15.0,7.0,1.0,2.2
2025-05-22,104.0,11.945579,31.62,42.48367,5.2145834,1.3857492,42.875,23.322916,0.082125,17.300001,51.06363,6.4990788,29.55,23.95,10.6,0.0,0.2,0.2,0.0,17.0,17.0,73.0,12.0,5.0,1.0,3.0
2025-05-23,40.0,13.086388,34.23,35.039356,0.8333333,1.4090995,21.083334,21.527084,0.0785,19.204166,41.54329,6.00582,29.61,27.05,10.85,0.0,0.2,0.2,0.0,16.0,16.0,83.0,11.0,5.0,,2.4
2025-05-24,16.0,6.132873,20.475,32.416973,0.73333335,1.7348019,25.583334,23.4125,0.0765,22.266665,326.19208,6.245245,29.0,29.45,13.35,0.0,0.2,0.2,0.0,15.0,15.0,80.0,13.0,6.0,1.0,1.3
2025-05-25,10.0,5.9581494,19.8,35.567078,5.297917,1.9323205,11.666667,25.702082,0.077,23.81875,321.97272,6.4064755,26.97,30.6,16.3,0.0,0.2,0.2,0.0,19.0,19.0,72.0,14.0,6.0,2.0,1.7
2025-05-26,13.0,8.499591,24.029999,39.80859,8.052083,2.0083005,46.5,27.445833,0.077,24.433332,18.667006,6.97632,29.42,31.4,16.35,0.0,0.2,0.2,0.0,23.0,23.0,66.0,24.0,10.0,2.0,2.3
2025-05-27,26.0,8.450044,24.794998,37.320522,7.0479164,2.1935537,5.875,28.19375,0.077,26.077082,358.4623,6.633223,28.89,33.45,17.7,0.0,0.2,0.2,0.0,21.0,21.0,73.0,24.0,9.0,2.0,2.9
2025-05-28,18.0,6.1905513,20.115,30.018713,6.05625,2.6324265,59.083332,29.352083,0.077,27.277086,62.70342,7.1595864,29.11,34.1,19.0,0.0,0.3,0.3,0.0,27.0,28.0,77.0,29.0,12.0,2.0,4.6
2025-05-29,22.0,7.388607,23.159998,29.616396,6.6541667,2.7985604,2.8333333,30.489584,0.07670833,27.722918,169.15956,6.4348407,26.44,34.4,19.8,0.0,0.4,0.3,0.0,27.0,28.0,97.0,26.0,9.0,2.0,3.8
2025-05-30,25.0,5.9882107,20.22,30.854155,7.710417,2.740285,46.041668,30.791666,0.076375,27.30625,29.275246,6.350235,26.95,34.55,18.7,0.0,0.4,0.3,0.0,34.0,34.0,89.0,40.0,17.0,3.0,3.4
2025-05-31,15.0,5.7275395,19.679998,34.671803,8.810416,2.6740167,21.375,30.977083,0.07679167,27.293749,329.62088,6.6571918,25.29,34.4,20.6,0.70000005,0.2,0.2,0.0,17.0,17.0,85.0,34.0,13.0,2.0,1.6
2025-06-01,1.0,8.106282,24.615,34.9718,8.839583,2.550139,98.375,30.622917,0.07845833,25.16667,48.77322,6.391664,24.42,31.85,19.55,0.0,0.2,0.2,0.0,16.0,16.0,81.0,39.0,14.0,2.0,1.4
2025-06-02,19.0,9.737128,28.185,40.87215,9.650001,2.0316293,62.625,29.393751,0.07666666,21.224998,234.10149,4.918384,21.77,23.95,17.95,1.7,0.3,0.2,0.0,18.0,18.0,79.0,,,,2.5
2025-06-03,2.0,9.3583,26.97,49.076458,9.608334,1.2905084,47.625,24.789583,0.093208335,20.447918,258.29947,5.136066,24.15,25.3,14.9,0.0,0.2,0.2,0.0,17.0,17.0,73.0,35.0,12.0,0.0,1.8
2025-06-04,3.0,7.1239905,21.045,50.634815,9.204167,1.3101946,53.958332,23.518751,0.092125,22.539587,256.1742,6.332944,29.38,28.95,15.15,0.0,0.2,0.2,1.0,16.0,18.0,68.0,25.0,13.0,0.0,1.9
2025-06-05,2.0,6.419439,20.054998,40.70763,7.35,1.8352447,31.125,25.852083,0.083624996,24.449999,247.38008,6.993691,29.66,30.8,17.05,0.0,0.3,0.2,0.0,18.0,19.0,72.0,19.0,7.0,0.0,2.1
2025-06-06,6.0,8.327702,24.195,36.421513,6.9500003,2.1675546,25.583334,27.908333,0.0775,25.270834,257.73807,7.294632,29.83,31.7,17.3,0.0,0.3,0.2,0.0,23.0,23.0,70.0,25.0,10.0,1.0,2.4
2025-06-07,5.0,8.690243,25.08,32.717697,6.28125,2.3848522,33.75,28.824999,0.077,26.947916,320.3431,7.3529305,29.94,34.45,18.55,0.0,0.3,0.2,0.0,19.0,19.0,63.0,27.0,12.0,1.0,1.8
2025-06-08,9.0,7.771868,22.38,28.54824,6.089583,2.8260634,0.0,30.195833,0.07670833,27.860415,77.376495,6.651743,27.05,36.7,19.9,1.1,0.2,0.2,0.0,18.0,18.0,90.0,25.0,11.0,1.0,1.4
2025-06-09,5.0,6.106252,21.119999,36.288185,10.345834,2.5980046,42.041668,31.24375,0.078999996,28.156252,73.3812,5.62451,21.73,34.5,21.55,0.0,0.3,0.3,0.0,21.0,22.0,85.0,40.0,16.0,1.0,2.9
2025-06-10,3.0,6.57213,21.42,37.089787,11.45,2.5631099,74.916664,30.922918,0.07795834,22.881254,315.00018,3.4452076,13.7,27.9,17.95,12.4,0.2,0.2,0.0,19.0,19.0,75.0,51.0,17.0,1.0,3.0
2025-06-11,0.0,7.057373,24.359999,63.626225,14.339583,1.0378034,82.625,25.829168,0.13220833,21.643751,242.24156,5.6784153,29.29,27.4,16.1,0.0,0.3,0.2,0.0,21.0,21.0,56.0,65.0,16.0,1.0,3.6
2025-06-12,1.0,4.508431,15.044999,61.932125,13.0,1.1921532,10.875,24.614584,0.12933333,24.381248,267.00613,6.470105,29.28,31.1,16.6,0.0,0.4,0.3,1.0,22.0,23.0,63.0,,,1.0,2.8
2025-06-13,2.0,5.4264393,17.835,40.290195,8.947917,2.0793028,53.583332,27.041666,0.086875,26.718752,230.60394,6.6068883,29.36,32.7,19.05,0.0,0.4,,1.0,29.0,30.0,,,,2.0,3.7
2025-06-14,2.0,5.30866,18.12,33.863976,9.064584,2.5183496,3.4166667,30.147917,0.07670833,28.770836,142.27492,6.7133045,28.54,34.9,21.35,0.0,0.3,0.1,0.0,24.0,25.0,75.0,38.0,21.0,2.0,2.9
2025-06-15,1.0,5.8435254,19.5,32.6832,9.264584,2.8812644,31.208334,32.277084,0.077416666,28.547918,72.3721,7.609469,28.29,36.75,20.3,0.0,0.3,0.1,0.0,17.0,17.0,91.0,34.0,13.0,1.0,1.7
2025-06-16,2.0,8.753631,26.37,37.323235,10.806251,2.7666323,24.041666,32.739582,0.07658333,30.031256,256.14127,5.992033,25.08,36.15,23.8,0.0,0.2,0.1,0.0,16.0,16.0,90.0,52.0,15.0,1.0,2.3
2025-06-17,3.0,4.1517653,16.095,29.861265,9.547916,3.1775105,55.416668,33.26875,0.07570834,30.172922,289.48093,6.5808296,26.28,36.65,22.15,0.0,0.4,0.2,1.0,33.0,34.0,74.0,48.0,17.0,1.0,3.9
2025-06-18,3.0,6.2472816,20.175,30.121935,9.10625,3.2696087,48.375,33.431248,0.07570834,29.787498,341.14673,6.267295,24.53,36.3,22.7,0.2,,,,,,,,,,
2025-06-19,1.0,5.835695,19.605,28.08171,8.270833,3.1416035,63.291668,32.927082,0.075666666,29.845835,64.77374,6.6993375,26.91,36.4,21.5,0.0,0.3,0.2,1.0,27.0,29.0,69.0,45.0,18.0,2.0,5.1
2025-06-20,2.0,5.884968,19.515,29.518791,8.579166,3.2788684,22.75,33.297916,0.074541666,30.706251,184.59671,6.982497,25.26,37.2,23.3,0.0,0.2,0.2,0.0,19.0,19.0,82.0,39.0,16.0,1.0,3.2
2025-06-21,2.0,7.1176567,23.144999,27.567694,8.522917,3.3816783,48.625,33.939583,0.0735,29.216665,108.793175,7.133109,27.62,35.4,22.65,0.2,0.2,0.2,0.0,16.0,16.0,86.0,33.0,11.0,1.0,1.6
2025-06-22,0.0,7.877874,25.305,32.521156,10.158334,2.9214375,20.416666,33.033333,0.07525,29.772913,53.236504,7.0155745,26.15,37.0,22.75,0.0,0.1,0.2,0.0,12.0,12.0,93.0,33.0,14.0,1.0,1.0
2025-06-23,2.0,8.1812105,25.56,30.004843,9.239583,3.141599,56.333332,33.595833,0.07375,29.462502,337.64023,6.288317,20.19,34.0,25.4,0.5,0.2,0.3,0.0,19.0,20.0,101.0,37.0,15.0,1.0,2.3
2025-06-24,1.0,8.362312,27.15,30.918594,9.358334,2.8692153,70.416664,32.691666,0.074708335,24.064583,244.42667,6.6905236,29.74,28.5,20.1,0.0,0.3,0.3,0.0,21.0,22.0,70.0,58.0,21.0,1.0,4.0
2025-06-25,0.0,10.610473,29.88,48.870808,11.572917,1.6264629,7.0,29.15,0.08145834,25.702085,287.68118,6.462875,30.3,32.6,18.25,0.0,0.3,0.3,0.0,20.0,20.0,69.0,,,1.0,2.2
2025-06-26,0.0,4.143883,16.005,32.474796,6.96875,2.516689,0.0,30.429167,0.075041674,29.158333,356.48624,6.8435097,30.18,36.65,20.45,0.0,0.3,0.4,0.0,21.0,21.0,102.0,,,1.0,2.2
2025-06-27,0.0,5.1308694,17.91,27.32499,5.8104167,3.3164089,0.0,32.810417,0.07416666,31.449997,12.597222,7.362545,29.45,38.9,22.65,0.0,0.4,0.4,0.0,28.0,29.0,99.0,28.0,13.0,2.0,3.7
2025-06-28,0.0,6.336824,20.385,23.390623,6.7312503,3.861254,8.375,34.7625,0.07320833,32.654163,21.641676,8.717978,28.66,40.25,24.6,0.0,0.4,0.5,2.0,32.0,35.0,108.0,28.0,14.0,2.0,3.4
2025-06-29,0.0,10.880829,31.229998,20.491482,4.764583,4.2126927,22.666666,35.733334,0.07170833,31.806246,56.716076,7.8516965,26.23,36.55,25.3,0.2,0.2,0.4,0.0,15.0,15.0,103.0,26.0,14.0,1.0,1.8
2025-06-30,3.0,7.909184,25.799997,20.747137,5.8645835,3.8156068,28.041666,35.427082,0.07158334,31.29583,112.63681,7.1569786,28.53,37.05,23.8,0.0,0.2,,0.0,16.0,16.0,,30.0,13.0,1.0,2.5
2025-07-01,0.0,6.0824428,19.785,23.01333,6.745833,3.7195804,19.708334,35.002083,0.07366667,31.002085,82.97734,7.66731,28.15,37.5,24.9,0.1,0.2,0.3,0.0,20.0,21.0,86.0,27.0,11.0,1.0,1.9
2025-07-02,2.0,7.8903584,24.975,29.184464,10.004167,3.3338177,18.958334,35.460415,0.072875,29.952082,63.35174,7.0914435,26.34,37.1,23.3,0.70000005,0.2,0.3,0.0,18.0,18.0,98.0,33.0,18.0,1.0,2.0
2025-07-03,0.0,8.825836,26.31,37.427383,12.535417,2.8352568,33.291668,34.3125,0.076125,29.164581,46.955082,7.144404,29.03,36.65,21.55,0.0,0.2,0.3,0.0,16.0,17.0,96.0,42.0,27.0,1.0,1.6
2025-07-04,0.0,8.789159,27.15,39.228725,11.639584,2.8696363,11.041667,33.70625,0.07716667,29.127083,51.108067,6.9346414,25.86,34.95,22.6,0.0,0.2,0.3,0.0,19.0,19.0,98.0,33.0,25.0,1.0,2.2
2025-07-05,2.0,8.229436,26.865,37.03998,11.73125,2.735772,26.5,34.100002,0.07320833,28.516665,330.25522,6.908257,27.35,34.95,21.15,0.0,0.2,0.3,0.0,13.0,13.0,107.0,18.0,11.0,1.0,1.5
2025-07-06,1.0,7.365724,22.47,36.677097,11.177083,2.718537,12.916667,33.283333,0.07241666,28.460417,27.285147,7.9495764,29.03,35.85,20.7,0.0,0.2,0.3,0.0,14.0,14.0,97.0,14.0,10.0,1.0,1.3
2025-07-07,1.0,11.663483,32.055,36.617542,10.7,2.6539114,5.8333335,33.633335,0.071499996,26.09375,32.565784,7.304127,28.02,34.8,16.85,0.0,0.2,0.3,0.0,14.0,14.0,87.0,,,1.0,1.6
2025-07-08,1.0,10.862754,31.44,37.763462,10.029166,2.4535394,12.375,31.720833,0.070583336,29.870834,326.3099,7.8676767,27.82,35.8,23.5,0.0,0.2,0.3,0.0,15.0,15.0,83.0,26.0,11.0,1.0,5.2
2025-07-09,0.0,9.082754,26.909998,34.101967,11.389584,2.9503107,5.7916665,34.254166,0.06966666,29.6875,244.05315,7.609366,29.89,35.0,22.9,0.0,0.2,0.3,0.0,17.0,18.0,87.0,33.0,13.0,1.0,2.9
2025-07-10,0.0,7.864529,22.769999,26.160004,7.3250003,3.2108173,0.0,33.572918,0.06866667,26.827082,238.24353,7.874153,29.51,31.2,21.3,0.0,0.3,0.3,0.0,24.0,24.0,92.0,25.0,13.0,1.0,2.5
2025-07-11,1.0,11.927399,31.5,34.34194,8.814584,2.351518,0.45833334,31.635416,0.068,23.535416,241.75034,5.919185,25.35,28.75,17.55,0.0,0.2,0.3,1.0,17.0,18.0,76.0,20.0,10.0,1.0,1.6
2025-07-12,1.0,8.727008,25.935,45.78084,10.4875,1.7135452,19.416666,28.841667,0.068,25.856249,228.8458,6.948892,29.35,31.9,19.25,0.0,0.1,0.3,0.0,11.0,11.0,72.0,13.0,6.0,1.0,0.9
2025-07-13,0.0,7.8537097,23.46,35.12402,8.239583,2.367872,1.2916666,30.672918,0.067625,28.581251,236.4776,7.310488,29.6,35.5,20.8,0.0,0.2,0.3,0.0,11.0,11.0,77.0,21.0,10.0,1.0,0.8
2025-07-14,1.0,6.7284164,20.58,27.417574,6.3541665,3.1135743,4.5833335,32.258335,0.066708334,30.300001,296.7045,7.4316745,29.46,37.05,21.8,0.0,0.3,0.3,1.0,22.0,23.0,72.0,,,2.0,3.1
2025-07-15,0.0,7.0034547,21.854998,27.293005,7.754167,3.436307,0.0,34.14375,0.06570833,30.991667,18.955936,7.865823,29.27,38.6,22.3,0.0,0.3,0.3,0.0,23.0,24.0,79.0,28.0,16.0,2.0,3.9
2025-07-16,1.0,8.030313,23.985,29.251617,8.34375,3.5866652,0.0,35.100002,0.064666666,31.937502,251.20909,8.688331,29.64,38.2,24.35,0.0,0.3,0.3,0.0,21.0,21.0,91.0,25.0,12.0,1.0,2.0
2025-07-17,1.0,10.100526,27.599998,17.51518,2.6937501,4.071693,3.2916667,34.90625,0.06358334,28.510416,241.85846,8.824625,29.93,33.65,21.95,0.0,0.7,0.5,1.0,36.0,37.0,82.0,42.0,23.0,3.0,3.3
2025-07-18,1.0,12.29321,32.745,20.966375,3.0854168,3.125716,5.9583335,32.652084,0.062583335,25.904167,258.2842,7.5923057,28.88,31.15,19.85,0.0,0.6,0.5,1.0,26.0,28.0,83.0,34.0,16.0,2.0,3.2
2025-07-19,1.0,10.131786,28.604998,31.886702,7.0958333,2.3948948,42.5,31.095833,0.061916664,24.410418,240.7813,7.620696,28.82,29.8,18.05,0.0,0.2,0.3,0.0,12.0,12.0,83.0,18.0,9.0,1.0,1.0
2025-07-20,0.0,14.039193,36.84,39.646847,9.131249,1.9329224,11.333333,29.422918,0.061208334,24.597914,247.71992,6.6019387,29.6,31.1,17.55,0.0,0.2,0.3,0.0,10.0,10.0,63.0,19.0,7.0,1.0,0.8
2025-07-21,0.0,5.6009045,19.65,25.536306,1.9875001,2.512955,3.875,29.5375,0.060875,26.783333,269.10205,7.2177753,29.05,33.7,18.65,0.0,0.3,0.3,0.0,15.0,15.0,97.0,16.0,9.0,1.0,1.5
2025-07-22,0.0,7.8953915,22.769999,24.373306,2.95,2.9111931,21.916666,30.65625,0.06008333,27.456251,260.42465,6.1372848,21.69,32.25,21.55,0.0,0.3,0.3,0.0,24.0,25.0,85.0,19.0,15.0,1.0,2.2
2025-07-23,0.0,8.810615,26.07,30.115358,7.5458336,2.6049893,78.916664,30.747917,0.059583332,23.366667,41.606754,7.670333,28.15,29.25,16.75,0.0,0.4,0.4,2.0,31.0,34.0,63.0,21.0,17.0,2.0,3.5
2025-07-24,0.0,16.167315,40.89,35.1291,5.50625,2.000903,14.208333,28.147917,0.059,22.816666,48.038307,6.932517,29.08,30.2,15.45,0.0,0.2,0.3,0.0,11.0,11.0,73.0,10.0,8.0,1.0,4.2
2025-07-25,0.0,11.330024,31.32,34.43093,5.0354166,2.0774992,2.5,27.727083,0.059,25.385414,47.401966,6.7866235,28.74,33.15,16.7,0.0,0.1,0.2,0.0,11.0,11.0,80.0,10.0,8.0,1.0,1.0
2025-07-26,0.0,7.4866576,23.505,30.858076,5.1437497,2.5604327,0.0,29.847916,0.061875,28.022913,357.8914,7.6356807,28.29,36.4,19.7,0.0,0.1,0.3,0.0,10.0,10.0,92.0,13.0,11.0,1.0,1.0
2025-07-27,1.0,8.4093275,25.11,27.175484,5.7374997,3.0462792,15.5,31.775,0.063541666,27.191666,41.891766,7.654375,27.95,32.9,20.25,0.0,0.2,0.3,0.0,11.0,11.0,88.0,13.0,11.0,1.0,1.1
2025-07-28,0.0,12.361153,31.995,32.50356,8.1375,2.5104568,10.416667,31.395834,0.066083334,23.977081,47.950867,7.3153553,28.43,31.4,16.45,0.0,0.2,0.3,0.0,15.0,15.0,66.0,14.0,12.0,1.0,2.3
2025-07-29,0.0,12.820466,34.079998,33.878616,6.1541667,2.1949296,0.0,28.68125,0.06716666,25.491667,54.18732,7.0713468,28.38,32.8,17.55,0.0,0.2,0.3,0.0,11.0,11.0,78.0,10.0,8.0,1.0,4.6
2025-07-30,0.0,9.326322,26.729998,30.090528,5.352083,2.5550222,0.0,29.695833,0.071833335,27.558336,20.508152,6.778861,26.78,34.75,20.05,0.0,0.3,0.4,1.0,18.0,19.0,75.0,13.0,10.0,,4.3
2025-07-31,0.0,7.8734612,23.609999,36.266727,10.083333,2.60663,10.125,31.485418,0.077416666,27.106253,58.411602,5.76434,22.71,32.45,22.2,1.3000001,0.4,0.4,0.0,19.0,20.0,76.0,18.0,15.0,2.0,3.4
2025-08-01,0.0,6.655182,21.945,40.8306,12.068749,2.1603246,41.625,29.802084,0.085,27.360418,7.402905,5.7458158,24.27,35.2,20.4,0.0,0.3,0.3,0.0,17.0,18.0,78.0,19.0,15.0,2.0,3.0
2025-08-02,0.0,5.6901126,18.554998,39.473022,11.339583,2.4459126,38.041668,29.883333,0.08425,29.550001,40.49666,6.776471,26.49,36.9,21.7,0.0,0.3,0.3,0.0,16.0,16.0,98.0,20.0,17.0,2.0,2.0
2025-08-03,0.0,8.326511,24.074999,29.050812,8.620833,3.2428138,11.833333,32.910416,0.077416666,30.47917,84.38251,7.356717,26.74,38.15,23.2,0.0,0.2,0.3,0.0,10.0,10.0,102.0,19.0,17.0,1.0,1.1
2025-08-04,0.0,6.820702,21.914999,29.861567,9.670834,3.3398564,14.833333,33.995834,0.076375,32.177082,76.2469,6.7075763,26.65,39.25,24.15,0.0,0.3,0.3,0.0,18.0,18.0,90.0,21.0,17.0,1.0,1.6
2025-08-05,0.0,6.683973,21.705,22.753836,7.1687503,3.935563,16.458334,35.170834,0.07541667,31.177084,355.85828,7.713503,26.17,37.35,24.35,0.0,0.4,0.4,1.0,27.0,28.0,88.0,40.0,23.0,3.0,3.1
2025-08-06,0.0,8.854248,25.229998,25.718178,7.9520836,3.5910532,30.958334,34.868748,0.07433333,31.562494,176.28308,6.697605,27.57,38.85,23.15,0.0,0.3,0.3,0.0,22.0,23.0,94.0,45.0,17.0,2.0,3.0
2025-08-07,0.0,4.6034665,16.845,18.47817,3.01875,4.0562577,7.9166665,34.427082,0.073416665,31.795832,130.92021,6.856299,25.73,38.2,23.8,0.0,0.4,0.5,4.0,40.0,47.0,82.0,53.0,20.0,3.0,4.5
2025-08-08,0.0,6.274266,20.535,21.218641,5.75,3.9234438,37.166668,34.504166,0.07208333,31.966665,135.21954,6.829566,25.86,38.3,24.2,0.0,0.3,0.3,2.0,30.0,33.0,80.0,56.0,19.0,3.0,4.0
2025-08-09,1.0,5.789066,18.99,23.742073,7.5625,3.8351653,9.958333,35.016666,0.071,31.987497,116.65974,7.434434,26.61,37.9,25.1,0.0,0.3,0.3,0.0,21.0,21.0,89.0,48.0,20.0,2.0,2.5
2025-08-10,0.0,8.507191,23.97,25.961004,8.777083,3.711108,0.9166667,35.122917,0.07,32.20625,105.987946,6.623758,25.88,38.75,25.3,0.0,0.2,0.3,0.0,12.0,12.0,93.0,41.0,17.0,2.0,1.2
2025-08-11,0.0,4.9704676,18.105,26.060982,8.760417,3.8351822,8.875,35.306248,0.069291666,32.28333,46.41529,6.5319357,22.78,38.5,26.3,0.0,0.3,0.4,0.0,16.0,17.0,97.0,40.0,18.0,2.0,2.4
2025-08-12,0.0,7.100064,22.635,21.648743,6.8145833,3.919877,69.958336,35.493748,0.068,30.679167,42.98953,6.5652165,23.84,35.6,24.6,0.0,0.4,0.4,0.0,17.0,17.0,94.0,44.0,21.0,2.0,3.2
2025-08-13,0.0,6.859652,22.154999,27.492754,8.883333,3.321432,44.375,34.295834,0.06704167,30.510414,90.59414,6.5751843,24.69,37.0,22.85,0.0,0.2,0.3,1.0,20.0,21.0,89.0,34.0,15.0,1.0,3.1
2025-08-14,1.0,6.7037835,20.699999,29.071602,9.3875,3.3699522,14.25,33.8125,0.066375,32.06875,77.08632,6.5544,25.54,38.55,24.7,0.0,0.2,0.3,1.0,22.0,23.0,89.0,33.0,16.0,2.0,3.1
2025-08-15,0.0,5.7655816,18.6,24.835882,8.395833,3.8448143,8.833333,35.216667,0.065458335,33.008335,32.997726,6.2991843,25.76,40.7,24.15,0.0,0.2,0.4,1.0,19.0,20.0,95.0,34.0,17.0,1.0,2.3
2025-08-16,0.0,4.9483333,16.8,19.352118,4.2999997,4.3896403,11.5,35.48125,0.064333335,32.8625,318.1109,7.254288,25.03,39.95,24.4,0.0,0.4,0.4,2.0,29.0,33.0,88.0,38.0,17.0,2.0,3.6
2025-08-17,0.0,6.9431725,21.75,19.138723,5.225,4.277576,12.291667,35.5875,0.06279167,31.05208,248.1048,6.395784,19.3,36.0,24.8,0.0,0.3,0.4,0.0,15.0,15.0,95.0,44.0,23.0,1.0,1.8
2025-08-18,0.0,8.712272,25.635,22.214622,5.86875,3.543203,63.791668,33.66875,0.061999995,27.275002,298.75226,6.808955,25.21,32.7,20.85,0.0,0.6,0.5,1.0,25.0,27.0,82.0,68.0,33.0,2.0,2.4
2025-08-19,0.0,8.314927,24.12,26.394953,5.7041664,2.7392647,55.75,31.170832,0.061499998,24.687498,358.63437,5.8020196,22.62,30.05,18.85,0.0,0.8,0.7,1.0,19.0,20.0,103.0,60.0,43.0,2.0,3.5
2025-08-20,0.0,8.632107,24.96,37.119965,7.3604164,2.0735404,19.458334,29.245834,0.061,24.116663,44.53968,5.7055955,22.79,30.3,17.9,0.0,0.6,0.5,0.0,14.0,14.0,86.0,35.0,25.0,1.0,2.2
2025-08-21,,7.9338813,23.49,35.800877,7.022917,2.0847151,39.625,28.466667,0.060541663,24.860415,34.067783,5.9705358,24.06,31.8,17.35,0.0,0.4,0.4,1.0,14.0,16.0,84.0,24.0,13.0,1.0,2.0
2025-08-22,,8.79762,25.815,36.351868,7.3291664,2.2659822,9.25,29.11875,0.06,26.35,43.714798,5.9935403,23.73,32.85,19.05,0.0,0.3,0.3,0.0,13.0,13.0,96.0,21.0,10.0,1.0,1.8
2025-08-23,,6.2619996,19.98,35.205925,8.89375,2.4274986,7.125,30.154167,0.059583332,27.847918,221.37845,5.7151346,25.04,33.65,20.1,0.0,0.3,0.4,1.0,16.0,17.0,91.0,28.0,14.0,1.0,1.7
2025-08-24,,4.6700125,16.304998,26.93811,5.7479167,2.926283,25.5,31.03125,0.058958333,28.352081,85.601494,4.852297,18.11,34.55,23.35,0.0,0.4,0.5,5.0,32.0,40.0,71.0,39.0,18.0,2.0,3.1
2025-08-25,,5.4548907,17.355,29.950308,8.516666,2.82116,47.25,31.166666,0.058,29.022913,171.25386,6.1941,23.14,34.85,23.0,0.0,0.4,0.4,3.0,27.0,32.0,82.0,37.0,13.0,1.0,4.6
2025-08-26,0.0,7.509394,22.86,39.070034,12.902083,2.6244628,6.7916665,32.414585,0.062208336,28.239586,258.25003,6.455117,21.6,32.75,23.15,0.0,0.3,0.4,1.0,19.0,21.0,83.0,58.0,21.0,0.0,2.4
2025-08-27,0.0,10.838814,30.51,35.444218,10.060416,2.549059,54.25,31.689583,0.059291665,23.099998,294.91837,6.22084,24.41,27.6,17.9,0.0,0.3,0.3,2.0,20.0,24.0,73.0,59.0,21.0,1.0,2.2
2025-08-28,0.0,9.57648,27.659998,33.194443,4.6854167,1.9392834,14.0,28.231249,0.055875,22.583334,298.91476,6.159085,21.25,29.65,16.7,0.0,0.3,0.3,1.0,12.0,14.0,73.0,16.0,6.0,1.0,2.2
2025-08-29,0.0,12.560337,33.285,37.516705,6.9125,1.8428782,69.041664,26.179167,0.05620833,25.268751,260.20264,6.24249,23.49,31.3,18.8,0.0,0.3,0.3,1.0,11.0,13.0,70.0,19.0,9.0,1.0,2.0
2025-08-30,0.0,9.945312,27.464998,38.19191,8.995833,2.1602643,12.5,28.7125,0.056000005,23.802084,247.89395,5.6456017,20.04,28.0,18.25,0.0,0.2,0.2,1.0,12.0,13.0,61.0,14.0,5.0,1.0,1.3
2025-08-31,1.0,11.804511,31.109999,36.845825,7.7520833,1.8611931,51.041668,26.9125,0.056000005,19.791666,307.0833,5.451904,21.9,25.6,14.75,0.0,0.2,0.3,1.0,13.0,15.0,60.0,21.0,6.0,1.0,1.4
2025-09-01,0.0,10.77991,29.445,36.539413,3.2541666,1.5494132,16.833334,24.139582,0.055625003,20.702082,267.83746,4.927193,22.19,26.55,13.6,0.0,0.2,0.3,1.0,11.0,13.0,66.0,11.0,4.0,1.0,1.7
2025-09-02,0.0,6.1674523,18.96,35.1171,4.1208334,1.7300915,64.583336,24.033333,0.060625,23.5,239.62843,5.576492,23.27,30.55,15.45,0.0,0.3,0.3,4.0,19.0,24.0,60.0,20.0,6.0,1.0,2.0
2025-09-03,0.0,7.8068995,21.75,37.71608,7.477083,2.0179958,23.25,26.254166,0.0555,24.589584,283.40747,5.833169,23.56,30.4,18.5,0.0,0.3,0.3,6.0,27.0,35.0,46.0,24.0,6.0,2.0,4.2
2025-09-04,1.0,7.558211,22.185,33.650578,5.4874997,2.170922,34.041668,28.170832,0.05479167,24.027084,68.160095,6.0960236,21.49,32.2,16.45,0.0,0.3,0.3,2.0,19.0,22.0,61.0,21.0,8.0,1.0,2.2
2025-09-05,1.0,12.1516,31.784998,40.78457,9.287499,1.9571772,75.5,27.135416,0.054208335,25.791666,131.30681,5.829524,22.51,32.8,18.8,0.0,0.3,0.3,1.0,14.0,16.0,72.0,29.0,9.0,1.0,1.8
2025-09-06,0.0,9.300457,25.979998,45.04074,10.985416,2.1435046,15.416667,28.86875,0.054,24.3125,229.90627,3.9569936,11.06,27.5,21.6,0.0,0.2,0.3,1.0,13.0,14.0,70.0,28.0,8.0,1.0,1.2
2025-09-07,0.0,10.790882,27.81,48.509632,12.004167,1.5591244,84.333336,26.606249,0.054,23.229166,234.98761,4.6363883,18.26,28.15,18.5,0.1,0.2,0.3,1.0,12.0,14.0,66.0,33.0,10.0,1.0,1.2
2025-09-08,1.0,7.8361545,22.769999,48.731525,10.722917,1.5797014,78.208336,26.6625,0.05404167,21.720835,344.96887,5.530897,22.29,27.6,15.5,0.0,0.3,0.3,2.0,18.0,21.0,60.0,22.0,7.0,1.0,2.6
2025-09-09,0.0,10.438172,28.695,41.968975,6.679167,1.6274387,20.25,25.577082,0.053541664,21.410418,268.726,4.1192274,14.17,26.8,15.75,0.1,0.3,0.3,1.0,16.0,18.0,63.0,17.0,6.0,1.0,2.1
2025-09-10,1.0,10.827302,27.300001,44.941944,8.783334,1.4642426,49.666668,23.683334,0.05333333,22.852081,299.86435,5.3880534,21.77,29.45,16.0,0.0,,0.3,2.0,19.0,22.0,44.0,16.0,5.0,2.0,
2025-09-11,1.0,9.321111,25.515,42.261158,8.304167,1.7939986,0.0,25.839584,0.043583333,24.408335,305.9606,5.0735483,20.1,30.5,17.6,0.0,,0.3,2.0,15.0,17.0,61.0,13.0,4.0,1.0,
2025-09-12,0.0,6.723694,20.205,38.905437,8.754167,2.0335495,46.083332,27.177084,0.045625,24.583334,299.6512,4.9960523,19.76,29.8,18.55,0.0,,0.4,5.0,22.0,29.0,42.0,18.0,5.0,2.0,
2025-09-13,0.0,6.5770397,19.484999,34.713818,6.847917,2.127841,74.166664,27.324999,0.045,24.037504,22.64167,4.567596,21.28,30.45,16.55,0.0,,0.4,4.0,26.0,32.0,43.0,22.0,7.0,3.0,
2025-09-14,0.0,3.6548193,13.709999,28.54644,4.1124997,2.2921033,0.0,26.9375,0.048208337,25.5,175.94646,4.7067084,21.06,32.9,17.55,0.0,0.3,0.4,3.0,24.0,29.0,64.0,24.0,7.0,2.0,2.7
2025-09-15,0.0,4.2697453,14.459999,34.04053,7.5958333,2.3619106,0.041666668,27.664583,0.052,26.533333,344.48795,5.3688293,21.03,33.85,18.65,0.0,0.5,0.4,5.0,38.0,47.0,53.0,31.0,10.0,3.0,4.7
2025-09-16,0.0,7.577025,21.315,35.54034,7.9125,2.515187,0.625,28.65,0.051541667,26.866663,25.912798,4.849103,20.78,34.25,18.65,0.0,0.5,0.4,5.0,33.0,40.0,59.0,29.0,10.0,3.0,4.8
2025-09-17,0.0,4.8661847,15.869999,29.454252,6.7687497,2.7018204,0.0,29.041666,0.051,27.475,69.007126,4.7098527,20.19,35.4,18.85,0.0,0.6,0.5,14.0,36.0,57.0,64.0,37.0,11.0,3.0,5.1
2025-09-18,0.0,4.1509166,14.264999,27.55224,6.1458335,2.8921812,2.625,29.143751,0.0505,27.502083,183.73694,5.2935753,18.77,34.25,20.65,0.0,0.6,0.5,12.0,43.0,61.0,63.0,43.0,16.0,4.0,6.1
2025-09-19,0.0,8.03822,24.224998,36.300488,9.764584,2.4746706,43.916668,29.418749,0.050125003,25.5625,249.70433,4.5835085,18.73,31.4,20.2,0.3,0.5,0.4,5.0,35.0,43.0,53.0,42.0,13.0,4.0,5.9
2025-09-20,1.0,5.9938793,19.289999,45.79959,12.25,1.9177656,57.958332,28.947916,0.06508333,21.5875,273.30615,4.9127812,20.17,25.3,18.1,0.0,0.3,0.3,1.0,22.0,23.0,59.0,34.0,15.0,2.0,2.4
2025-09-21,0.0,10.402872,28.185,43.605152,6.86875,1.4427077,14.125,25.960417,0.046208333,15.902084,6.127449,3.9135733,20.12,21.2,9.95,0.0,0.2,0.3,1.0,11.0,12.0,65.0,28.0,11.0,1.0,1.5
2025-09-22,0.0,5.3405423,18.554998,38.755547,0.6645833,1.1874756,10.166667,20.808332,0.04175,16.218752,39.95378,4.4543,20.07,22.0,10.1,0.0,0.3,0.2,1.0,11.0,13.0,72.0,9.0,3.0,2.0,1.9
2025-09-23,0.0,10.153399,27.464998,38.279438,0.94166666,1.2307293,0.375,19.997917,0.04,15.443749,53.986023,3.9211328,19.33,21.5,9.05,0.0,0.3,0.2,1.0,15.0,17.0,66.0,12.0,4.0,1.0,2.0
2025-09-24,0.0,7.0313735,20.73,37.32078,-0.006249994,1.2127218,49.083332,19.15625,0.04,16.627085,30.88336,3.7888782,19.2,23.6,9.5,0.0,0.4,0.3,2.0,19.0,22.0,61.0,16.0,6.0,1.0,3.1
2025-09-25,0.0,5.956384,18.179998,37.156643,0.58125,1.3353199,35.75,19.672916,0.04,18.3875,349.7368,4.4171615,19.84,26.0,10.2,0.0,0.5,0.3,3.0,23.0,27.0,62.0,19.0,7.0,2.0,2.8
2025-09-26,1.0,6.613568,18.42,27.517916,-1.4645834,1.7013553,15.166667,20.731249,0.04,19.772915,237.0492,3.7559402,16.68,25.8,12.05,0.0,0.5,0.4,4.0,30.0,36.0,60.0,26.0,7.0,2.0,4.5
2025-09-27,0.0,4.952513,15.57,31.225662,1.7875,1.711246,72.208336,21.1875,0.04,17.922918,61.602203,1.4942901,5.68,21.3,14.05,9.8,0.7,0.5,5.0,40.0,47.0,50.0,35.0,12.0,3.0,4.4
2025-09-28,0.0,5.880526,16.455,59.19336,9.210417,0.8442981,90.0,19.987501,0.071,19.34167,42.325333,4.208288,16.34,23.7,15.75,0.0,0.3,0.3,1.0,18.0,19.0,60.0,22.0,8.0,2.0,2.2
2025-09-29,0.0,14.76865,36.855,53.778183,9.195833,1.0934551,48.916668,21.860418,0.052291665,19.039583,44.704124,2.766975,12.09,23.75,14.4,0.0,0.2,0.2,1.0,12.0,13.0,74.0,13.0,6.0,2.0,1.9
2025-09-30,0.0,7.4247575,20.25,54.576736,9.477083,1.0877075,35.541668,21.30625,0.043625,20.83125,185.11343,3.515844,17.26,27.2,14.5,0.0,0.3,0.3,1.0,19.0,21.0,62.0,19.0,7.0,2.0,4.2
2025-10-01,1.0,3.7681293,14.084999,49.638073,8.835417,1.4113536,12.416667,23.035416,0.023999998,21.379168,2.8373473,4.2833214,18.44,28.35,14.05,0.0,0.5,0.4,7.0,38.0,48.0,54.0,29.0,11.0,3.0,4.3
2025-10-02,1.0,6.1632786,17.73,26.42245,0.65833336,1.9974066,9.625,23.31875,0.01475,21.366667,307.82993,3.9489806,16.61,28.05,14.05,0.0,0.5,0.3,3.0,33.0,38.0,59.0,17.0,6.0,2.0,5.0
2025-10-03,0.0,5.483727,15.674999,26.888124,1.025,1.9821688,95.833336,22.939583,0.016,22.402084,301.66217,4.2047763,17.86,30.4,15.15,0.0,0.7,0.4,8.0,41.0,53.0,52.0,33.0,10.0,3.0,5.5
2025-10-04,0.0,6.0081024,17.699999,35.946556,5.816667,1.9028431,49.541668,24.352083,0.015666667,20.729164,44.79812,4.374129,17.74,24.75,16.0,0.0,0.5,0.5,5.0,41.0,49.0,48.0,29.0,11.0,4.0,5.1
2025-10-05,0.0,10.365231,27.195,43.175358,6.504167,1.4118438,1.8333334,23.545832,0.015,17.972918,31.51033,3.7330053,17.43,25.65,10.75,0.0,0.3,0.2,1.0,13.0,14.0,52.0,12.0,5.0,2.0,1.7
2025-10-06,0.0,6.5583572,19.679998,43.232685,5.304167,1.3093456,35.291668,20.862501,0.02325,21.1625,210.25635,3.568087,16.94,27.6,13.2,0.0,0.5,0.5,8.0,30.0,42.0,55.0,29.0,8.0,2.0,4.2
2025-10-07,0.0,4.593678,13.889999,42.777386,7.5,1.5782486,27.708334,22.775,0.015,21.695833,14.861717,3.5323992,16.02,27.6,15.45,0.0,0.5,0.4,4.0,39.0,45.0,48.0,35.0,12.0,3.0,6.4
2025-10-08,3.0,5.517778,17.76,39.69479,6.9083333,1.6498241,47.208332,23.831251,0.015,20.62917,45.426346,4.4440365,15.6,25.2,16.3,0.0,0.5,0.4,6.0,38.0,47.0,54.0,33.0,12.0,3.0,6.0
2025-10-09,0.0,11.831913,29.925001,40.727543,5.8562503,1.4979768,58.333332,23.1625,0.020958334,17.858332,58.32266,3.117161,11.57,22.15,13.2,0.0,0.3,0.2,1.0,17.0,19.0,66.0,17.0,7.0,2.0,2.7
2025-10-10,1.0,9.533462,24.99,52.184574,7.597917,1.0300045,76.916664,20.329166,0.01,18.685415,62.920033,3.1160235,11.92,23.55,13.75,0.0,0.2,0.2,1.0,14.0,17.0,60.0,12.0,4.0,1.0,2.0
2025-10-11,2.0,9.346389,24.345,51.372585,7.9562497,1.133236,46.5,20.518751,0.01,18.572916,67.321144,2.6538408,11.66,22.6,14.2,0.0,0.2,0.2,0.0,13.0,14.0,60.0,13.0,6.0,1.0,1.6
2025-10-12,1.0,8.035171,21.599998,57.14252,9.545834,0.9734907,52.375,20.585417,0.010041666,17.914583,58.45664,2.5776188,14.59,21.8,14.4,2.6000001,0.3,0.2,0.0,15.0,16.0,65.0,24.0,8.0,2.0,1.6
2025-10-13,1.0,5.4596505,16.17,71.942696,12.314583,0.61907905,50.291668,19.997917,0.071833335,17.722916,156.92952,2.679163,15.49,23.4,12.35,0.0,0.3,0.3,1.0,20.0,22.0,60.0,33.0,9.0,2.0,2.6
2025-10-14,2.0,2.8292992,10.23,65.669,10.870833,0.79785246,11.291667,19.264584,0.09808334,18.827082,27.009111,2.9325118,15.15,24.5,12.65,0.0,0.5,0.4,4.0,30.0,36.0,47.0,38.0,13.0,3.0,4.8
2025-10-15,0.0,4.5629506,13.785,49.04573,7.28125,1.2125689,31.875,20.433332,0.07529166,18.45,121.873055,2.5303147,12.71,23.35,13.1,0.0,0.4,0.4,5.0,32.0,40.0,48.0,35.0,12.0,3.0,5.8
2025-10-16,1.0,4.3022037,13.605,52.80568,8.429167,1.0379157,86.791664,20.283333,0.07466667,17.808332,86.02068,2.5430188,13.72,22.65,12.8,0.1,0.4,0.3,3.0,30.0,35.0,48.0,29.0,10.0,3.0,4.5
2025-10-17,1.0,4.0989423,13.71,52.99457,7.7666664,1.0169903,22.916666,20.110416,0.062208336,17.48125,172.48796,2.6804786,15.43,24.2,10.3,0.0,0.4,0.4,3.0,32.0,36.0,48.0,23.0,8.0,3.0,4.4
2025-10-18,1.0,3.2373285,10.785,47.763367,5.2875,1.1726748,12.333333,19.241667,0.071,17.725,210.48376,2.8637607,12.54,23.45,11.35,0.0,0.5,0.4,5.0,34.0,41.0,44.0,33.0,13.0,3.0,3.9
2025-10-19,1.0,6.92884,18.33,46.6393,5.847917,1.1639873,76.541664,18.420834,0.086375,18.229166,239.91402,3.1129432,12.48,21.2,16.1,0.0,0.6,0.4,11.0,32.0,48.0,44.0,34.0,15.0,4.0,4.7
2025-10-20,1.0,14.699666,35.43,64.95248,10.910417,0.7522261,71.125,19.639584,0.086375,17.31458,241.19777,2.31206,10.14,22.15,14.0,1.5,0.3,0.3,1.0,18.0,19.0,50.0,16.0,6.0,2.0,2.0
2025-10-21,1.0,15.529965,36.885,78.08616,13.34375,0.46614742,82.833336,18.366667,0.0975,17.914583,243.74875,2.5290303,11.55,21.5,15.05,0.1,0.3,0.3,1.0,16.0,18.0,39.0,,,2.0,2.2
2025-10-22,1.0,15.30915,36.27,75.75744,13.241666,0.5532523,93.583336,19.2125,0.09891667,19.008333,260.81396,3.3462536,12.78,22.85,16.45,0.70000005,0.2,0.3,2.0,18.0,22.0,38.0,15.0,6.0,2.0,2.0
2025-10-23,1.0,16.231281,40.41,56.904922,8.233334,1.0097905,68.416664,20.389584,0.093208335,17.731249,240.97456,2.182005,9.1,21.5,14.5,0.70000005,0.3,0.3,1.0,16.0,17.0,54.0,13.0,5.0,2.0,2.7
2025-10-24,1.0,12.414548,29.76,69.1243,11.977084,0.64476097,67.291664,19.145834,0.074541666,17.583334,249.29242,2.1158786,8.86,21.15,14.85,0.90000004,0.3,0.3,1.0,19.0,21.0,44.0,11.0,4.0,2.0,3.0
2025-10-25,1.0,12.495135,31.169998,70.79504,11.739583,0.6103349,91.625,18.908333,0.08479167,14.470833,33.409233,2.8845577,12.76,17.95,11.85,0.90000004,0.2,0.2,0.0,13.0,13.0,46.0,10.0,5.0,2.0,1.6
2025-10-26,0.0,11.206038,27.57,53.421265,4.275,0.78718776,40.041668,16.558332,0.089208335,11.143749,37.4837,2.1738598,14.31,17.15,4.8,0.0,0.3,0.2,0.0,11.0,11.0,56.0,5.0,3.0,2.0,1.1
2025-10-27,1.0,3.974428,12.375,63.58016,4.06875,0.5390337,0.0,12.904167,0.11420833,12.085416,40.855244,2.0248582,13.46,18.65,4.8,0.0,0.8,0.5,14.0,33.0,54.0,25.0,20.0,9.0,3.0,5.7
2025-10-28,1.0,3.3860118,9.945,58.458084,3.45,0.70003027,56.0,12.497917,0.12391666,12.520833,253.51863,0.6661224,3.99,15.3,10.15,21.1,0.8,0.5,16.0,42.0,67.0,23.0,29.0,12.0,5.0,6.7
2025-10-29,0.0,4.699875,13.035,94.77191,11.579166,0.079338856,96.958336,13.414584,0.28241667,13.541668,232.7149,1.0761245,6.1,17.05,11.85,0.9000001,0.5,0.4,12.0,27.0,45.0,20.0,16.0,11.0,3.0,5.3
2025-10-30,0.0,6.8542657,17.49,87.559135,11.372917,0.21169202,95.416664,14.339583,0.26583335,12.962501,206.35208,0.8361064,3.57,16.15,10.05,0.0,0.4,0.3,4.0,21.0,27.0,29.0,15.0,8.0,3.0,3.4
2025-10-31,0.0,6.799759,16.109999,82.91341,10.212501,0.27541336,99.833336,12.966667,0.24849999,14.435417,216.70436,1.2749445,6.34,17.45,11.95,0.0,0.6,0.4,10.0,27.0,42.0,15.0,20.0,9.0,3.0,5.1
2025-11-01,0.0,9.668408,23.64,79.99304,10.952084,0.3472569,99.708336,14.3875,0.206125,13.985416,281.93365,2.079455,12.41,17.3,10.9,0.0,0.3,0.3,0.0,17.0,17.0,50.0,12.0,6.0,2.0,1.8
2025-11-02,0.0,7.0624185,17.744999,62.97299,6.0,0.6094014,85.916664,14.493751,0.17091668,11.220833,26.182686,1.8682619,12.82,17.1,5.85,0.0,0.3,0.3,0.0,16.0,17.0,50.0,7.0,3.0,2.0,1.3
2025-11-03,0.0,4.1274676,11.73,65.93594,4.725,0.513042,19.583334,11.895833,0.148375,11.316667,27.22138,1.7167466,11.8,17.6,4.95,0.0,1.0,0.5,19.0,31.0,61.0,30.0,20.0,8.0,4.0,5.9
2025-11-04,2.0,3.0534546,9.3,72.1605,6.3916664,0.43069604,60.0,11.70625,0.13316667,13.51875,147.08226,1.2508336,6.36,17.15,11.15,9.100001,0.8,0.5,15.0,35.0,59.0,23.0,27.0,13.0,5.0,6.8
2025-11-05,1.0,9.620957,24.885,80.094345,9.908334,0.32670414,96.833336,13.445834,0.13679166,10.204167,244.15779,1.4511249,9.05,12.95,7.55,0.90000004,0.4,0.3,3.0,27.0,32.0,33.0,18.0,9.0,3.0,3.7
2025-11-06,7.0,13.63802,33.03,79.48751,6.4083333,0.27045986,61.291668,11.570834,0.21474999,9.48125,240.59782,0.5735999,3.15,12.3,7.05,9.7,0.4,0.3,1.0,22.0,23.0,51.0,12.0,5.0,2.0,2.8
2025-11-07,2.0,11.377491,26.22,90.88314,8.2625,0.10973256,84.333336,10.139584,0.2385,10.795834,280.88846,1.6681546,11.03,14.15,8.65,0.2,0.4,0.3,4.0,24.0,29.0,37.0,12.0,5.0,2.0,3.2
2025-11-08,0.0,8.034475,20.085,70.80634,5.1770835,0.395736,44.958332,11.287499,0.27995834,8.035417,300.70956,1.536141,11.62,13.6,3.35,0.0,0.4,0.3,3.0,19.0,23.0,48.0,9.0,4.0,2.0,1.6
2025-11-09,2.0,4.0765233,10.995,75.28232,3.6770833,0.2999474,76.291664,8.885417,0.24366666,8.647917,222.86453,1.5543208,11.38,14.65,3.0,0.0,0.6,0.4,9.0,31.0,44.0,29.0,15.0,8.0,3.0,2.8
2025-11-10,0.0,3.9196444,11.114999,81.119286,5.5645833,0.2505903,57.541668,8.939584,0.21975,10.504167,177.00691,1.3382128,9.53,15.55,6.5,0.0,0.8,0.5,17.0,37.0,63.0,19.0,23.0,14.0,4.0,4.8
2025-11-11,1.0,3.219493,9.945,85.30804,7.94375,0.22177655,98.125,11.175,0.191375,12.822917,165.9638,2.354069,11.34,22.55,5.7,0.0,0.5,0.4,9.0,35.0,49.0,26.0,22.0,12.0,3.0,4.1
2025-11-12,5.0,8.630423,20.565,63.416218,5.4520836,0.7015094,47.75,11.645833,0.16329166,12.741666,155.72556,0.6378725,1.82,13.95,10.75,7.5,0.7,0.4,12.0,36.0,55.0,30.0,24.0,10.0,4.0,4.2
2025-11-13,3.0,9.306478,21.659998,81.52011,9.504167,0.27120337,94.166664,11.743751,0.17604166,12.254166,192.31464,1.4918115,9.05,15.0,9.8,18.1,0.5,0.4,13.0,37.0,57.0,25.0,27.0,14.0,4.0,4.0
2025-11-14,0.0,17.320288,42.78,82.97929,9.025001,0.25452477,87.291664,12.443749,0.32154167,10.806251,197.2393,0.61844957,2.72,13.55,8.95,13.100001,0.2,0.2,3.0,18.0,23.0,55.0,7.0,3.0,2.0,1.5
2025-11-15,3.0,13.642613,33.285,89.400085,9.166667,0.14427729,94.75,10.96875,0.35679165,10.768752,236.34653,1.1500973,7.66,13.65,8.95,0.5,0.2,0.2,2.0,16.0,19.0,50.0,5.0,3.0,2.0,1.2
2025-11-16,3.0,12.348453,30.659998,86.37397,8.310416,0.18898694,84.916664,11.318749,0.32525,9.770833,226.20595,1.0962449,8.29,12.7,7.95,2.8999999,0.2,0.3,2.0,16.0,19.0,52.0,7.0,3.0,2.0,1.1
2025-11-17,0.0,4.4953923,12.435,85.996796,7.4666667,0.18103653,57.208332,10.693749,0.30029166,8.766667,353.16663,1.4112716,10.88,13.2,4.9,0.0,,0.4,6.0,33.0,43.0,28.0,11.0,6.0,3.0,
2025-11-18,1.0,4.572631,12.195,79.19877,4.9895835,0.25446323,0.7916667,9.764584,0.262375,5.9708333,26.332064,1.2738681,10.4,10.55,2.0,0.0,0.7,0.4,10.0,32.0,47.0,31.0,13.0,5.0,3.0,3.5
2025-11-19,0.0,4.7330317,12.36,75.38933,1.53125,0.25852576,61.25,7.347917,0.22816665,5.527084,301.09515,1.4369198,9.22,10.5,1.0,0.1,0.7,0.4,9.0,39.0,54.0,25.0,18.0,9.0,4.0,4.0
2025-11-20,0.0,6.53739,16.304998,66.51234,-0.62916666,0.34239686,21.916666,6.3125,0.20870833,5.620833,311.5281,1.5483894,7.56,8.65,3.4,0.2,0.9,0.5,20.0,42.0,72.0,28.0,19.0,8.0,4.0,5.3
2025-11-21,0.0,11.042201,26.654999,57.65938,-2.4145834,0.39163092,52.125,6.0187497,0.18979166,3.5333335,247.93643,1.2290877,10.23,8.65,-1.25,0.0,0.5,0.3,5.0,30.0,38.0,48.0,11.0,5.0,3.0,2.4
2025-11-22,1.0,4.206264,11.625,66.04325,-2.2041667,0.29423648,53.416668,4.09375,0.18462498,6.8916664,242.96149,1.2706857,8.41,12.1,2.7,0.0,0.8,0.5,13.0,43.0,63.0,26.0,22.0,11.0,3.0,3.3
2025-11-23,1.0,7.2972093,17.88,71.74772,2.2250001,0.30335388,95.458336,6.9041667,0.17587501,9.80625,240.6046,0.60455626,2.98,12.15,7.55,0.5,0.6,0.3,4.0,24.0,30.0,38.0,17.0,9.0,3.0,1.8
2025-11-24,1.0,19.333668,45.63,90.14712,8.525001,0.12547646,96.416664,9.577084,0.17116666,8.495833,307.18723,1.5049261,9.15,11.25,4.6,0.0,0.3,0.3,4.0,18.0,25.0,48.0,9.0,4.0,2.0,1.5
2025-11-25,1.0,9.434514,23.745,65.509636,1.7479167,0.3873067,21.333334,8.760417,0.16625,5.629167,356.36868,1.280002,9.63,10.35,1.8,0.0,0.6,0.4,8.0,27.0,39.0,40.0,12.0,5.0,3.0,3.5
2025-11-26,0.0,5.7526126,14.28,68.51965,-0.29999998,0.3166371,5.5416665,6.2666664,0.1535,5.210417,267.82526,1.1724743,9.84,12.05,0.0,0.0,0.7,0.5,14.0,38.0,59.0,31.0,18.0,8.0,3.0,4.3
2025-11-27,1.0,2.0802052,7.08,70.50297,0.19375002,0.30171487,15.416667,5.397917,0.14129166,6.1645837,318.15494,1.1941818,9.69,12.75,0.55,0.0,1.3,0.7,41.0,60.0,123.0,12.0,30.0,13.0,6.0,7.6
2025-11-28,1.0,2.8730505,8.804999,78.92081,2.5645833,0.24145211,49.541668,6.4479165,0.11091667,5.495834,243.43497,1.023752,8.15,10.8,0.35,0.0,1.5,0.8,58.0,61.0,149.0,11.0,34.0,16.0,7.0,8.9
2025-11-29,2.0,5.3845887,13.785,83.135,2.6708333,0.17848396,87.041664,5.7479167,0.09741667,7.412499,35.16019,1.3015008,8.42,11.3,5.0,3.0,1.0,0.5,18.0,42.0,69.0,16.0,29.0,18.0,5.0,4.3
2025-11-30,0.0,10.661544,25.604998,75.26358,2.83125,0.28038767,56.291668,7.6729164,0.13599999,5.275,20.01601,1.1429738,9.49,10.05,0.85,0.0,0.5,0.3,2.0,23.0,27.0,37.0,13.0,10.0,3.0,1.6
2025-12-01,2.0,6.1525636,15.69,74.04934,0.9916666,0.24748437,62.625,5.9708333,0.1415,5.6270833,242.68805,0.89246714,6.68,10.5,2.3,1.1,0.7,0.4,11.0,38.0,56.0,26.0,16.0,8.0,3.0,3.7
2025-12-02,1.0,7.7210503,18.63,83.46186,2.7250001,0.17167658,36.458332,5.7979164,0.16225,5.6291676,275.639,1.1911191,8.94,9.15,2.75,3.0,0.9,0.5,17.0,37.0,63.0,17.0,19.0,12.0,3.0,4.6
2025-12-03,3.0,8.3599615,20.385,76.91984,1.6270833,0.23516066,70.583336,6.616667,0.18870832,7.233334,243.12341,0.77387583,4.68,10.2,4.65,0.70000005,0.6,0.4,6.0,27.0,37.0,36.0,13.0,6.0,2.0,2.2
2025-12-04,0.0,14.40593,34.215,85.319016,4.9249997,0.15623772,95.416664,7.4583335,0.19258334,7.818749,242.61513,0.68578446,3.95,10.25,4.75,0.0,0.5,0.3,5.0,23.0,31.0,46.0,15.0,6.0,1.0,2.0
2025-12-05,2.0,11.627991,26.534998,85.28282,5.727083,0.15617938,93.708336,7.9541664,0.186125,11.789582,238.10378,0.87643903,6.2,14.15,9.8,0.0,0.4,0.3,7.0,27.0,39.0,40.0,18.0,7.0,1.0,2.4
2025-12-06,1.0,13.376858,30.63,91.6018,10.529166,0.1254739,89.0,11.575,0.17870833,10.914582,234.60796,0.8796468,6.11,13.0,8.15,0.0,0.3,0.3,3.0,16.0,19.0,44.0,9.0,4.0,1.0,1.2
2025-12-07,3.0,5.9089646,15.974999,86.4439,8.2875,0.18358196,59.25,11.454166,0.177,8.077085,184.47202,0.6159742,4.36,12.0,4.65,0.0,0.3,0.3,4.0,23.0,29.0,38.0,12.0,6.0,1.0,1.4
2025-12-08,3.0,2.5112433,8.13,88.282104,6.1062503,0.14218508,79.25,8.791667,0.14654167,7.418749,41.90589,0.82220507,6.27,12.25,3.35,0.1,0.6,0.5,25.0,41.0,79.0,20.0,19.0,11.0,2.0,4.1
2025-12-09,2.0,2.8303566,8.759999,88.40153,5.775,0.14127173,96.041664,7.820833,0.13945834,9.15625,125.50468,0.4037921,2.29,10.25,8.35,10.400002,0.8,0.6,31.0,51.0,99.0,11.0,27.0,15.0,2.0,5.9
2025-12-10,3.0,5.1798005,11.715,93.830315,8.068749,0.07244586,99.875,9.29375,0.23204166,8.129167,40.94058,1.0109996,8.39,12.05,4.8,0.0,0.6,0.5,15.0,48.0,71.0,18.0,18.0,12.0,2.0,4.3
2025-12-11,8.0,3.9345324,10.965,87.42158,5.9,0.15340216,53.791668,8.672916,0.24816667,7.7937503,59.273136,0.72495854,4.97,12.0,4.45,0.0,0.6,0.5,19.0,40.0,69.0,21.0,27.0,12.0,2.0,3.7
2025-12-12,3.0,6.5137763,15.165,85.54929,5.522917,0.16925971,95.041664,7.725,0.24354167,8.997916,37.301605,1.0623631,7.71,14.05,5.45,0.0,0.6,0.5,14.0,45.0,66.0,13.0,30.0,18.0,2.0,4.6
2025-12-13,2.0,7.0622277,17.279999,77.6277,5.139583,0.28142816,57.166668,8.847917,0.22433333,7.4395833,25.434343,0.9443959,7.59,11.25,3.8,0.0,0.5,0.4,5.0,29.0,36.0,37.0,14.0,7.0,2.0,2.1
2025-12-14,8.0,7.289931,17.744999,82.84962,4.6,0.19389306,36.25,7.6895833,0.19625,7.902084,93.81403,0.5916345,3.98,10.85,6.0,2.1000001,0.5,0.3,4.0,29.0,36.0,29.0,13.0,8.0,2.0,1.6
2025-12-15,3.0,4.7378902,12.405,88.394264,6.0958333,0.13107575,92.166664,8.210417,0.19633333,8.297916,85.668785,0.56929034,3.79,9.75,7.6,10.000002,0.4,0.4,6.0,35.0,45.0,22.0,15.0,9.0,,2.7
2025-12-16,2.0,10.303576,24.029999,90.075264,6.75625,0.1108101,89.75,8.45625,0.29866666,9.622916,27.033934,1.0898488,6.93,13.25,7.55,0.0,0.4,0.3,5.0,30.0,37.0,35.0,11.0,7.0,3.0,2.4
2025-12-17,1.0,8.959352,21.779999,76.90698,5.7083335,0.2898915,53.958332,9.252084,0.26641667,8.28125,164.97905,0.5927775,4.22,10.55,6.6,0.0,0.4,0.4,5.0,30.0,37.0,38.0,14.0,6.0,3.0,3.0
2025-12-18,2.0,4.990928,13.2,88.3444,6.4395833,0.13335527,99.166664,8.735416,0.22820835,8.312499,149.93147,0.49423453,3.38,9.9,7.2,1.1,0.6,0.4,8.0,37.0,48.0,27.0,19.0,9.0,2.0,3.4
2025-12-19,5.0,3.9853113,9.96,91.07486,6.8250003,0.099784315,99.916664,8.647917,0.21466666,7.537499,236.2363,0.57878584,4.13,10.1,5.65,0.2,0.6,0.4,13.0,40.0,60.0,15.0,23.0,13.0,2.0,3.9
2025-12-20,2.0,6.936619,17.115,91.53619,6.085417,0.093283266,78.791664,8.33125,0.21458334,5.3187494,223.86566,0.6774758,5.51,6.7,1.95,13.000002,0.5,0.3,5.0,27.0,34.0,26.0,18.0,12.0,2.0,2.2
2025-12-21,2.0,12.549828,29.49,85.721985,2.6958332,0.12685484,62.125,6.308333,0.29941666,2.247917,251.98013,0.69128627,7.16,5.7,-0.2,0.0,0.5,0.3,2.0,19.0,22.0,52.0,7.0,5.0,2.0,1.1
2025-12-22,1.0,10.364177,24.224998,88.387184,0.6145833,0.09235073,67.916664,3.6958332,0.28829166,3.6458337,255.3684,0.6932284,6.05,7.55,1.05,0.0,0.7,0.4,6.0,25.0,34.0,39.0,13.0,6.0,2.0,2.5
2025-12-23,4.0,5.3342953,14.31,87.90258,1.6645833,0.10598897,81.416664,4.31875,0.27045834,4.270833,16.465569,0.9022407,8.01,9.1,0.1,0.0,0.9,0.5,14.0,38.0,59.0,22.0,20.0,12.0,2.0,3.7
2025-12-24,2.0,6.5077176,15.989999,81.60063,1.4104166,0.1762473,45.958332,4.4500003,0.25166667,3.7604167,24.495016,0.48277494,1.79,4.35,3.05,0.0,0.7,0.4,4.0,30.0,37.0,28.0,13.0,8.0,2.0,2.0
2025-12-25,2.0,8.771113,19.949999,78.68162,0.23333333,0.17101121,91.75,4.06875,0.23558332,4.1895833,18.609156,0.8194622,7.36,7.95,0.7,0.0,0.7,0.4,2.0,18.0,21.0,32.0,8.0,5.0,2.0,1.2
2025-12-26,3.0,5.2389865,13.485,82.09164,1.4541668,0.16023768,67.5,4.7937503,0.21729167,5.420833,38.15729,0.84204584,6.66,10.35,1.35,0.6,0.9,0.5,14.0,33.0,54.0,23.0,16.0,9.0,3.0,2.4
2025-12-27,5.0,9.374818,20.46,85.39452,3.0375001,0.15664949,38.5,5.2687497,0.21379167,6.8749995,33.147022,0.71444064,4.55,10.75,4.65,0.3,0.9,0.5,11.0,38.0,55.0,19.0,15.0,9.0,3.0,2.6
2025-12-28,6.0,8.668208,19.664999,82.84195,4.054167,0.1857779,64.583336,6.6854167,0.19079167,6.8875003,28.552557,0.94825745,7.73,10.6,4.0,0.0,0.5,0.3,2.0,28.0,31.0,39.0,10.0,5.0,2.0,1.3
2025-12-29,2.0,6.134478,15.195,82.17031,3.95,0.19175602,31.333334,7.125,0.17854166,4.99375,284.9559,0.9690296,8.85,10.0,0.5,0.0,0.7,0.5,9.0,35.0,48.0,35.0,19.0,7.0,2.0,2.4
2025-12-30,9.0,3.2925913,9.2699995,86.25016,2.6895835,0.13460891,2.4583333,5.2000003,0.176625,3.3625002,17.316446,0.93613046,9.08,7.95,-0.8,0.0,1.4,0.7,40.0,55.0,116.0,9.0,36.0,20.0,3.0,6.3
2025-12-31,3.0,3.7849267,10.816363,82.2615,0.425,0.15769978,21.5,3.9863634,0.16186363,,,,,,,,1.0,0.6,24.0,44.0,81.0,20.0,22.0,13.0,3.0,3.5
2026-01-01,,,,,,,,,,,,,,,,,1.0,0.4,8.0,35.0,48.0,18.0,25.0,19.0,3.0,2.1
2026-01-02,,,,,,,,,,,,,,,,,0.8,0.5,8.0,37.0,49.0,19.0,20.0,15.0,3.0,2.3
2026-01-03,,,,,,,,,,,,,,,,,0.6,0.5,8.0,30.0,42.0,23.0,17.0,7.0,3.0,2.1
2026-01-04,,,,,,,,,,,,,,,,,,0.3,3.0,20.0,25.0,27.0,18.0,6.0,2.0,
2026-01-05,,,,,,,,,,,,,,,,,0.5,0.3,3.0,20.0,24.0,57.0,7.0,3.0,3.0,1.2
2026-01-06,,,,,,,,,,,,,,,,,0.6,0.4,3.0,24.0,28.0,50.0,10.0,4.0,3.0,1.2
2026-01-07,,,,,,,,,,,,,,,,,1.0,0.6,11.0,44.0,62.0,26.0,17.0,7.0,3.0,4.4
2026-01-08,,,,,,,,,,,,,,,,,0.7,0.4,5.0,23.0,30.0,33.0,12.0,8.0,2.0,2.0
2026-01-09,,,,,,,,,,,,,,,,,0.5,0.4,4.0,17.0,23.0,55.0,12.0,5.0,2.0,1.8
2026-01-10,,,,,,,,,,,,,,,,,0.5,0.3,3.0,23.0,28.0,56.0,13.0,6.0,2.0,1.4
2026-01-11,,,,,,,,,,,,,,,,,1.0,0.5,13.0,44.0,65.0,20.0,26.0,15.0,3.0,3.2
2026-01-12,,,,,,,,,,,,,,,,,1.0,0.5,15.0,48.0,72.0,12.0,22.0,16.0,2.0,4.8
2026-01-13,,,,,,,,,,,,,,,,,0.8,0.4,10.0,41.0,56.0,21.0,22.0,13.0,3.0,3.4
2026-01-14,,,,,,,,,,,,,,,,,0.6,0.4,7.0,30.0,40.0,37.0,16.0,8.0,2.0,2.5
2026-01-15,,,,,,,,,,,,,,,,,0.9,0.5,19.0,39.0,68.0,20.0,18.0,11.0,2.0,4.2
2026-01-16,,,,,,,,,,,,,,,,,0.5,0.3,5.0,26.0,34.0,35.0,13.0,6.0,2.0,2.3
2026-01-17,,,,,,,,,,,,,,,,,0.6,0.3,3.0,24.0,28.0,43.0,7.0,5.0,2.0,1.4
2026-01-18,,,,,,,,,,,,,,,,,0.6,0.4,3.0,24.0,29.0,35.0,11.0,7.0,3.0,1.7
2026-01-19,,,,,,,,,,,,,,,,,0.9,0.5,18.0,36.0,64.0,27.0,14.0,5.0,3.0,3.8
2026-01-20,,,,,,,,,,,,,,,,,1.1,0.6,30.0,45.0,92.0,21.0,22.0,10.0,3.0,5.3
2026-01-21,,,,,,,,,,,,,,,,,0.7,0.4,8.0,36.0,49.0,21.0,11.0,7.0,2.0,3.0
2026-01-22,,,,,,,,,,,,,,,,,0.5,0.4,4.0,20.0,26.0,57.0,10.0,3.0,2.0,1.7
2026-01-23,,,,,,,,,,,,,,,,,0.5,0.3,4.0,20.0,26.0,53.0,7.0,3.0,2.0,1.6
2026-01-24,,,,,,,,,,,,,,,,,0.4,0.3,2.0,13.0,17.0,66.0,9.0,3.0,2.0,1.0
2026-01-25,,,,,,,,,,,,,,,,,0.4,0.3,1.0,11.0,13.0,66.0,12.0,5.0,2.0,0.8
2026-01-26,,,,,,,,,,,,,,,,,0.4,0.3,5.0,24.0,31.0,47.0,9.0,4.0,2.0,2.0
2026-01-27,,,,,,,,,,,,,,,,,0.4,0.3,2.0,18.0,22.0,63.0,8.0,5.0,2.0,1.4
2026-01-28,,,,,,,,,,,,,,,,,0.6,0.4,2.0,18.0,21.0,60.0,9.0,4.0,2.0,1.5
2026-01-29,,,,,,,,,,,,,,,,,0.4,0.4,5.0,24.0,32.0,45.0,9.0,4.0,2.0,2.1
2026-01-30,,,,,,,,,,,,,,,,,0.4,0.3,3.0,18.0,23.0,60.0,16.0,5.0,2.0,1.3
2026-01-31,,,,,,,,,,,,,,,,,0.5,0.3,1.0,14.0,16.0,69.0,11.0,4.0,3.0,1.2
2026-02-01,,,,,,,,,,,,,,,,,0.5,0.4,4.0,24.0,31.0,37.0,14.0,7.0,2.0,1.4
2026-02-02,,,,,,,,,,,,,,,,,0.4,0.3,2.0,18.0,21.0,57.0,6.0,4.0,2.0,1.5
2026-02-03,,,,,,,,,,,,,,,,,0.6,0.3,4.0,20.0,26.0,59.0,6.0,2.0,2.0,1.5
2026-02-04,,,,,,,,,,,,,,,,,0.5,0.3,4.0,20.0,27.0,59.0,9.0,4.0,2.0,1.6
2026-02-05,,,,,,,,,,,,,,,,,0.3,0.3,3.0,16.0,21.0,65.0,6.0,3.0,2.0,1.3
2026-02-06,,,,,,,,,,,,,,,,,0.5,0.3,4.0,19.0,25.0,63.0,10.0,4.0,2.0,1.4
2026-02-07,,,,,,,,,,,,,,,,,0.5,0.3,3.0,23.0,27.0,56.0,9.0,5.0,3.0,1.2
2026-02-08,,,,,,,,,,,,,,,,,0.5,0.3,1.0,13.0,14.0,72.0,6.0,3.0,3.0,0.8
2026-02-09,,,,,,,,,,,,,,,,,0.4,0.3,2.0,21.0,24.0,46.0,7.0,4.0,2.0,1.8
2026-02-10,,,,,,,,,,,,,,,,,0.3,0.3,2.0,19.0,21.0,35.0,7.0,4.0,3.0,1.5
2026-02-11,,,,,,,,,,,,,,,,,,0.3,1.0,15.0,16.0,44.0,7.0,4.0,2.0,
2026-02-12,,,,,,,,,,,,,,,,,0.5,0.4,0.0,21.0,21.0,65.0,18.0,7.0,3.0,1.4
2026-02-13,,,,,,,,,,,,,,,,,0.4,0.3,0.0,18.0,18.0,62.0,9.0,5.0,2.0,1.4
2026-02-14,,,,,,,,,,,,,,,,,0.6,0.3,1.0,17.0,17.0,62.0,9.0,4.0,3.0,1.3
2026-02-15,,,,,,,,,,,,,,,,,0.6,0.3,1.0,18.0,20.0,58.0,11.0,5.0,3.0,1.3
2026-02-16,,,,,,,,,,,,,,,,,0.4,0.3,1.0,22.0,23.0,51.0,11.0,4.0,3.0,1.7
2026-02-17,,,,,,,,,,,,,,,,,0.3,0.3,1.0,21.0,23.0,44.0,10.0,4.0,3.0,2.2
2026-02-18,,,,,,,,,,,,,,,,,0.3,0.3,0.0,17.0,17.0,53.0,11.0,4.0,2.0,1.9
2026-02-19,,,,,,,,,,,,,,,,,0.6,0.3,0.0,18.0,18.0,70.0,11.0,3.0,3.0,2.0
2026-02-20,,,,,,,,,,,,,,,,,0.9,0.5,7.0,36.0,47.0,35.0,22.0,9.0,4.0,4.3
2026-02-21,,,,,,,,,,,,,,,,,1.0,0.6,6.0,32.0,41.0,41.0,25.0,11.0,3.0,4.0
2026-02-22,,,,,,,,,,,,,,,,,1.0,0.6,6.0,31.0,40.0,44.0,28.0,14.0,4.0,3.6
2026-02-23,,,,,,,,,,,,,,,,,1.1,0.7,10.0,44.0,59.0,35.0,34.0,14.0,4.0,5.8
2026-02-24,,,,,,,,,,,,,,,,,1.1,0.6,14.0,41.0,62.0,34.0,35.0,13.0,4.0,7.7
2026-02-25,,,,,,,,,,,,,,,,,1.1,0.5,13.0,37.0,57.0,29.0,38.0,14.0,4.0,6.3
2026-02-26,,,,,,,,,,,,,,,,,0.8,0.5,6.0,33.0,42.0,42.0,34.0,10.0,3.0,5.0
2026-02-27,,,,,,,,,,,,,,,,,0.7,0.4,2.0,34.0,37.0,47.0,26.0,10.0,3.0,4.0
2026-02-28,,,,,,,,,,,,,,,,,0.5,0.3,0.0,19.0,19.0,59.0,17.0,7.0,2.0,1.7
2026-03-01,,,,,,,,,,,,,,,,,0.5,0.3,0.0,15.0,15.0,60.0,22.0,11.0,2.0,1.1
2026-03-02,,,,,,,,,,,,,,,,,0.5,0.3,1.0,18.0,19.0,60.0,29.0,12.0,2.0,1.6
2026-03-03,,,,,,,,,,,,,,,,,0.4,0.3,0.0,20.0,20.0,55.0,29.0,10.0,2.0,2.5
2026-03-04,,,,,,,,,,,,,,,,,0.5,0.3,0.0,20.0,20.0,52.0,43.0,15.0,2.0,2.8
2026-03-05,,,,,,,,,,,,,,,,,0.4,0.3,0.0,19.0,20.0,48.0,71.0,26.0,2.0,2.5
2026-03-06,,,,,,,,,,,,,,,,,0.4,0.3,0.0,21.0,21.0,51.0,8.0,4.0,2.0,2.2
2026-03-07,,,,,,,,,,,,,,,,,0.5,0.3,0.0,18.0,18.0,60.0,6.0,4.0,2.0,1.4
2026-03-08,,,,,,,,,,,,,,,,,0.4,0.3,0.0,17.0,17.0,56.0,10.0,6.0,2.0,1.1
2026-03-09,,,,,,,,,,,,,,,,,0.5,0.4,2.0,22.0,24.0,37.0,13.0,8.0,2.0,2.2
2026-03-10,,,,,,,,,,,,,,,,,0.5,0.3,0.0,21.0,21.0,50.0,10.0,6.0,2.0,2.2
2026-03-11,,,,,,,,,,,,,,,,,,0.5,8.0,33.0,46.0,21.0,24.0,13.0,2.0,
2026-03-12,,,,,,,,,,,,,,,,,0.7,0.4,2.0,27.0,31.0,44.0,18.0,9.0,2.0,3.2
2026-03-13,,,,,,,,,,,,,,,,,0.7,0.5,11.0,29.0,45.0,39.0,26.0,14.0,2.0,4.9
2026-03-14,,,,,,,,,,,,,,,,,0.4,0.3,0.0,13.0,13.0,67.0,10.0,4.0,2.0,1.4
2026-03-15,,,,,,,,,,,,,,,,,0.4,0.3,0.0,10.0,10.0,72.0,5.0,3.0,2.0,0.9
2026-03-16,,,,,,,,,,,,,,,,,0.7,0.4,3.0,27.0,31.0,43.0,17.0,5.0,3.0,3.8
2026-03-17,,,,,,,,,,,,,,,,,0.8,0.4,5.0,30.0,38.0,46.0,22.0,8.0,3.0,4.5
2026-03-18,,,,,,,,,,,,,,,,,0.9,0.5,4.0,31.0,36.0,49.0,26.0,10.0,3.0,4.1
2026-03-19,,,,,,,,,,,,,,,,,0.5,0.3,1.0,19.0,21.0,70.0,24.0,10.0,2.0,2.8
2026-03-20,,,,,,,,,,,,,,,,,0.5,0.3,0.0,19.0,20.0,61.0,18.0,9.0,2.0,2.0
2026-03-21,,,,,,,,,,,,,,,,,0.5,0.3,0.0,17.0,17.0,65.0,17.0,11.0,2.0,1.6
2026-03-22,,,,,,,,,,,,,,,,,0.7,0.5,3.0,23.0,27.0,50.0,24.0,13.0,2.0,2.7
2026-03-23,,,,,,,,,,,,,,,,,0.6,0.3,0.0,15.0,16.0,83.0,19.0,12.0,2.0,2.8
2026-03-24,,,,,,,,,,,,,,,,,0.6,0.4,1.0,22.0,23.0,74.0,25.0,12.0,2.0,2.9
2026-03-25,,,,,,,,,,,,,,,,,0.8,0.4,2.0,31.0,34.0,64.0,30.0,14.0,3.0,4.7
2026-03-26,,,,,,,,,,,,,,,,,0.5,0.3,0.0,15.0,16.0,61.0,10.0,4.0,2.0,2.2
2026-03-27,,,,,,,,,,,,,,,,,0.4,0.3,0.0,15.0,15.0,65.0,10.0,5.0,3.0,2.1
2026-03-28,,,,,,,,,,,,,,,,,0.4,0.3,0.0,11.0,11.0,67.0,7.0,3.0,3.0,1.0
2026-03-29,,,,,,,,,,,,,,,,,0.4,0.3,0.0,8.0,8.0,82.0,10.0,4.0,2.0,0.7
2026-03-30,,,,,,,,,,,,,,,,,0.5,0.3,1.0,16.0,17.0,65.0,11.0,4.0,3.0,1.5
2026-03-31,,,,,,,,,,,,,,,,,0.3,0.3,0.0,12.0,12.0,67.0,9.0,3.0,3.0,1.8
2026-04-01,,,,,,,,,,,,,,,,,0.3,0.2,0.0,9.0,10.0,70.0,9.0,4.0,3.0,1.7
2026-04-02,,,,,,,,,,,,,,,,,0.3,0.2,0.0,10.0,10.0,70.0,7.0,3.0,3.0,1.2
2026-04-03,,,,,,,,,,,,,,,,,0.3,0.3,0.0,11.0,11.0,71.0,8.0,4.0,3.0,1.0
2026-04-04,,,,,,,,,,,,,,,,,0.3,0.3,0.0,12.0,13.0,63.0,16.0,5.0,3.0,1.3
2026-04-05,,,,,,,,,,,,,,,,,0.6,0.4,2.0,21.0,25.0,52.0,25.0,7.0,3.0,3.0
2026-04-06,,,,,,,,,,,,,,,,,,0.3,1.0,17.0,19.0,72.0,18.0,5.0,2.0,
2026-04-07,,,,,,,,,,,,,,,,,,,,,,,29.0,10.0,,
2026-04-08,,,,,,,,,,,,,,,,,0.3,0.3,1.0,16.0,17.0,59.0,18.0,9.0,3.0,2.4
2026-04-09,,,,,,,,,,,,,,,,,0.6,0.4,2.0,25.0,28.0,56.0,29.0,9.0,3.0,4.3
2026-04-10,,,,,,,,,,,,,,,,,0.5,0.3,0.0,25.0,26.0,67.0,65.0,21.0,3.0,2.8
2026-04-11,,,,,,,,,,,,,,,,,0.5,0.3,0.0,25.0,26.0,63.0,67.0,24.0,3.0,3.1
2026-04-12,,,,,,,,,,,,,,,,,0.3,0.3,0.0,11.0,11.0,68.0,17.0,8.0,2.0,0.9
2026-04-13,,,,,,,,,,,,,,,,,0.4,0.3,0.0,13.0,13.0,74.0,9.0,3.0,2.0,2.4
2026-04-14,,,,,,,,,,,,,,,,,0.4,0.3,0.0,15.0,16.0,67.0,11.0,4.0,2.0,2.7
2026-04-15,,,,,,,,,,,,,,,,,0.4,0.4,3.0,24.0,29.0,46.0,18.0,6.0,2.0,3.4
2026-04-16,,,,,,,,,,,,,,,,,0.5,0.4,1.0,22.0,23.0,56.0,21.0,7.0,2.0,3.9
2026-04-17,,,,,,,,,,,,,,,,,0.6,0.4,1.0,27.0,28.0,52.0,26.0,10.0,3.0,5.7
2026-04-18,,,,,,,,,,,,,,,,,0.5,0.4,1.0,21.0,22.0,65.0,25.0,11.0,3.0,3.4
2026-04-19,,,,,,,,,,,,,,,,,0.3,0.3,0.0,12.0,12.0,84.0,20.0,8.0,3.0,1.6
2026-04-20,,,,,,,,,,,,,,,,,0.5,0.4,0.0,17.0,17.0,69.0,34.0,13.0,3.0,2.9
2026-04-21,,,,,,,,,,,,,,,,,0.5,0.4,0.0,22.0,22.0,55.0,39.0,15.0,3.0,4.0
2026-04-22,,,,,,,,,,,,,,,,,0.4,0.3,1.0,16.0,17.0,57.0,46.0,18.0,3.0,3.1
2026-04-23,,,,,,,,,,,,,,,,,0.4,0.3,1.0,16.0,17.0,69.0,42.0,16.0,3.0,3.0
2026-04-24,,,,,,,,,,,,,,,,,0.3,0.3,0.0,12.0,12.0,81.0,26.0,12.0,3.0,2.1
2026-04-25,,,,,,,,,,,,,,,,,0.2,0.3,0.0,10.0,10.0,75.0,19.0,9.0,3.0,1.4
2026-04-26,,,,,,,,,,,,,,,,,0.2,0.2,0.0,8.0,8.0,78.0,18.0,8.0,3.0,1.1
2026-04-27,,,,,,,,,,,,,,,,,0.3,0.3,1.0,16.0,17.0,76.0,22.0,9.0,3.0,2.3
2026-04-28,,,,,,,,,,,,,,,,,0.3,0.2,0.0,13.0,14.0,91.0,21.0,7.0,3.0,1.7
2026-04-29,,,,,,,,,,,,,,,,,0.2,0.3,0.0,12.0,12.0,70.0,21.0,9.0,3.0,1.5
2026-04-30,,,,,,,,,,,,,,,,,0.4,0.3,0.0,13.0,14.0,79.0,17.0,8.0,3.0,2.2
